user,max_risk_day,after_hours_logon_count_anomaly_score,new_pc_anomaly_score,device_connect_count_anomaly_score,file_event_count_anomaly_score,suspicious_http_keyword_count_anomaly_score,email_count_anomaly_score,email_total_size_anomaly_score,attachment_count_anomaly_score,risk_logon_pc,risk_device,risk_file,risk_http,risk_email,max_risk_score,label,risk_rank
MSO0222,2010-12-09,0.4952965120546673,1.0,1.0,1.0,1.0,0.2408998739185216,0.4003101022544063,0.0,14.952965120546672,20.0,20.0,20.0,4.274733174486186,79.22769829503287,1,1
JLM0364,2011-04-28,0.004917592280566379,1.0,1.0,1.0,1.0,0.0,0.0,0.0,10.049175922805665,20.0,20.0,20.0,0.0,70.04917592280566,1,2
LJR0523,2010-07-29,1.0,0.0,1.0,1.0,0.0,0.15406577730392876,0.0,1.0,10.0,20.0,20.0,0.0,7.693771848692857,57.693771848692855,1,3
JMB0308,2010-07-12,1.0,0.0,1.0,1.0,0.0,0.3498709812259985,0.22940238863081008,0.5058486150148623,10.0,20.0,20.0,0.0,7.234146565811139,57.23414656581114,1,4
JTM0223,2010-07-22,0.32352435464473117,1.0,1.0,1.0,0.0,0.18283482006601315,0.14032976090215338,0.14062640133830925,13.235243546447313,20.0,20.0,0.0,3.0919398820431714,56.327183428490486,1,5
CSC0217,2010-06-10,0.17587928224671873,1.0,1.0,1.0,0.0,0.2915548949482096,0.2523171753556247,0.0,11.758792822467187,20.0,20.0,0.0,3.6258138020255615,55.38460662449275,1,6
JGT0221,2010-07-15,0.12493667770218793,1.0,1.0,1.0,0.0,0.18621115903824748,0.17071551269334578,0.0,11.249366777021878,20.0,20.0,0.0,2.3795111448772883,53.62887792189917,1,7
JRG0207,2011-01-18,1.0,0.0,1.0,1.0,0.0,0.2503442250562769,0.19782260774167593,0.0,10.0,20.0,20.0,0.0,2.9877788853196856,52.987778885319685,1,8
BBS0039,2010-08-12,0.0,1.0,1.0,1.0,0.0,0.04801902195224925,0.1372782102394387,0.15406577730392876,10.0,20.0,20.0,0.0,2.2624200633041114,52.26242006330411,1,9
KLH0596,2011-02-07,1.0,0.0,1.0,0.9813077614054382,0.0,0.19639610121239312,0.05231396026489231,0.0,10.0,20.0,19.626155228108765,0.0,1.658067076515236,51.284222304624,1,10
WDD0366,2011-02-28,0.2502917552236174,1.0,0.9094379728109022,1.0,0.0,0.0,0.0,0.05519510688736795,12.502917552236175,18.188759456218044,20.0,0.0,0.3679673792491197,51.059644387703344,1,11
LQC0479,2010-09-14,1.0,0.0,1.0,1.0,0.0,0.07401156313517146,0.0,0.0,10.0,20.0,20.0,0.0,0.49341042090114307,50.49341042090114,1,12
CAH0936,2010-08-09,1.0,0.0,1.0,1.0,0.0,0.0,0.02130021325128205,0.0,10.0,20.0,20.0,0.0,0.14200142167521365,50.14200142167521,1,13
BTL0226,2010-10-06,0.5330457154646164,0.0,1.0,1.0,0.0,0.2953249172059297,0.4206428011029579,0.0,5.330457154646164,20.0,20.0,0.0,4.77311812205925,50.10357527670542,1,14
AAM0658,2010-10-21,1.0,0.0,1.0,1.0,0.0,0.0,0.0,0.0,10.0,20.0,20.0,0.0,0.0,50.0,1,15
AJR0932,2010-09-10,1.0,0.0,1.0,1.0,0.0,0.0,0.0,0.0,10.0,20.0,20.0,0.0,0.0,50.0,1,16
BDV0168,2010-07-30,1.0,0.0,1.0,1.0,0.0,0.0,0.0,0.0,10.0,20.0,20.0,0.0,0.0,50.0,1,17
DCH0843,2011-01-27,1.0,0.0,1.0,1.0,0.0,0.0,0.0,0.0,10.0,20.0,20.0,0.0,0.0,50.0,1,18
EHB0824,2010-07-20,1.0,0.0,1.0,1.0,0.0,0.0,0.0,0.0,10.0,20.0,20.0,0.0,0.0,50.0,1,19
EHD0584,2010-10-01,1.0,0.0,1.0,1.0,0.0,0.0,0.0,0.0,10.0,20.0,20.0,0.0,0.0,50.0,1,20
FMG0527,2010-12-30,1.0,0.0,1.0,1.0,0.0,0.0,0.0,0.0,10.0,20.0,20.0,0.0,0.0,50.0,1,21
MAS0025,2010-09-22,1.0,0.0,1.0,1.0,0.0,0.0,0.0,0.0,10.0,20.0,20.0,0.0,0.0,50.0,1,22
MCF0600,2010-09-20,1.0,0.0,1.0,1.0,0.0,0.0,0.0,0.0,10.0,20.0,20.0,0.0,0.0,50.0,1,23
RAB0589,2010-09-11,1.0,0.0,1.0,1.0,0.0,0.0,0.0,0.0,10.0,20.0,20.0,0.0,0.0,50.0,1,24
RGG0064,2010-10-18,1.0,0.0,1.0,1.0,0.0,0.0,0.0,0.0,10.0,20.0,20.0,0.0,0.0,50.0,1,25
HJB0742,2010-11-16,0.5891883036371793,0.0,1.0,1.0,0.0,0.1616447718240977,0.13299371982111546,0.22221462746484694,5.891883036371794,20.0,20.0,0.0,3.4456874607337333,49.33757049710553,1,26
MYD0978,2010-12-08,0.604761327910659,0.0,1.0,1.0,0.0,0.15726506746996743,0.23522787892091138,0.0,6.0476132791065895,20.0,20.0,0.0,2.616619642605859,48.66423292171245,1,27
TAP0551,2010-11-02,0.49884659592632385,0.0,1.0,1.0,0.0,0.20817945092665116,0.2434697644352979,0.0,4.988465959263238,20.0,20.0,0.0,3.01099476907966,47.999460728342896,1,28
PNH0761,2011-02-25,0.4810702354423639,0.0,1.0,0.8247693587980658,0.0,0.35528660462867345,0.5950490188221835,0.0,4.810702354423639,20.0,16.495387175961316,0.0,6.335570823005713,47.64166035339066,0,29
MAR0955,2011-02-15,0.5669467095138409,0.0,1.0,1.0,0.0,0.2109632539223229,0.05862890137138793,0.0,5.669467095138408,20.0,20.0,0.0,1.7972810352914057,47.466748130429814,1,30
FTM0406,2010-11-22,0.5669467095138409,0.0,1.0,1.0,0.0,0.14017072619658533,0.055389619478881914,0.0,5.669467095138408,20.0,20.0,0.0,1.3037356378364482,46.973202732974855,1,31
CCA0046,2010-10-14,0.2286755127217976,1.0,0.5057932103671848,0.1276328279395578,1.0,0.15769263408302953,0.0,0.0,12.286755127217976,10.115864207343696,2.552656558791156,20.0,1.0512842272201968,46.00656012057302,1,32
BIH0745,2010-07-02,0.5601143067885458,0.0,1.0,1.0,0.0,0.0,0.0,0.0,5.601143067885458,20.0,20.0,0.0,0.0,45.60114306788546,1,33
GHL0460,2010-11-12,0.604761327910659,0.0,1.0,0.8761903692486632,0.0,0.15798095832497447,0.0,0.0,6.0476132791065895,20.0,17.523807384973264,0.0,1.053206388833163,44.62462705291301,1,34
ILH0958,2011-02-01,1.0,1.0,0.5111045905998599,0.32513960881251347,0.0,0.15798095832497447,0.19540118582925134,0.8283510207236059,20.0,10.222091811997199,6.502792176250269,0.0,7.878221099185545,44.603105087433015,0,35
SBN0971,2010-12-16,0.0,0.0,1.0,1.0,0.0,0.17008401285415226,0.28137174320966946,0.16706755386450997,0.0,20.0,20.0,0.0,4.123488732855545,44.12348873285555,0,36
BLS0678,2010-09-17,0.26349301969610395,0.0,1.0,1.0,0.0,0.0,0.0,0.22296334116808203,2.6349301969610393,20.0,20.0,0.0,1.4864222744538802,44.121352471414916,1,37
USH0199,2010-09-15,0.0,0.0,1.0,1.0,0.0,0.3992065300800289,0.1784280449753787,0.00782116024092077,0.0,20.0,20.0,0.0,3.9030382353088555,43.903038235308856,0,38
HXL0968,2010-09-30,0.0,0.0,0.9114883542678701,0.7590686839905477,0.0,0.40006157161585004,0.6372657543234483,0.4099460822638542,0.0,18.229767085357402,15.181373679810955,0.0,9.648489388021018,43.059630153189374,1,39
AJF0370,2010-06-15,0.14571592805578149,1.0,0.38594124324243567,0.8150113222130282,0.0,0.33857285618810057,0.3324336782443055,0.380581613497052,11.457159280557816,7.718824864848713,16.300226444260563,0.0,7.010587652863055,42.48679824253014,0,40
RKD0604,2010-07-09,0.12421180068162377,0.0,1.0,1.0,0.0,0.016658099888065925,0.14565079780724072,0.0,1.2421180068162376,20.0,20.0,0.0,1.082059317968711,42.324177324784955,1,41
XHW0498,2010-09-08,0.0,0.0,0.740365703012192,1.0,0.0,0.48512752614043053,0.5458281779320068,0.08996202404974328,0.0,14.80731406024384,20.0,0.0,7.4727848541478705,42.28009891439171,1,42
BIS0247,2011-02-15,0.45056355688958316,0.0,0.8547043234472838,1.0,0.0,0.0,0.0,0.0,4.505635568895832,17.094086468945676,20.0,0.0,0.0,41.59972203784151,0,43
PPF0435,2011-02-04,0.6414269805898185,0.0,0.751575229504793,1.0,0.0,0.0,0.0,0.0,6.414269805898185,15.03150459009586,20.0,0.0,0.0,41.44577439599404,1,44
ESJ0670,2011-02-07,0.2267786838055364,0.0,1.0,0.9358400351708468,0.0,0.033752637027780724,0.02922972428885931,0.0,2.267786838055364,20.0,18.716800703416936,0.0,0.4198824087776002,41.404469950249904,0,45
HFB0347,2010-07-21,0.0,0.0,1.0,0.8441206563872745,0.0,0.09771071235928815,0.0,0.5799422643912905,0.0,20.0,16.88241312774549,0.0,4.517686511670524,41.40009963941602,0,46
AHD0848,2010-07-27,1.0,1.0,0.5111045905998599,0.03122065409111821,0.0,0.2853569193634026,0.2553731003688829,1.0,20.0,10.222091811997199,0.6244130818223642,0.0,10.271533464881903,41.11803835870147,0,47
CAA0612,2010-06-30,0.0,0.0,1.0,1.0,0.0,0.02548772371457239,0.12397803950552218,0.0,0.0,20.0,20.0,0.0,0.9964384214672972,40.996438421467296,0,48
NMS0280,2010-04-07,0.0,0.0,1.0,1.0,0.0,0.0,0.0,0.0,0.0,20.0,20.0,0.0,0.0,40.0,0,49
AJH0175,2010-02-23,0.0,0.0,0.8755902314481189,0.8940561598734446,0.0,0.2837662998697575,0.3907788057307143,0.0,0.0,17.511804628962377,17.88112319746889,0.0,4.496967370669812,39.88989519710108,0,50
WBC0192,2010-06-10,0.0,0.0,1.0,0.42768555129776403,0.0,0.519710157833108,0.5427015694837982,0.6274148189788211,0.0,20.0,8.55371102595528,0.0,11.265510308638182,39.819221334593465,0,51
BSS0369,2010-09-30,0.5443725410182201,1.0,0.3779063201551237,0.17304013854002676,0.0,1.0,1.0,0.0,15.4437254101822,7.558126403102474,3.460802770800535,0.0,13.333333333333332,39.79598791741854,1,52
GCL0016,2011-03-22,0.0,0.0,0.9340155743710599,1.0,0.0,0.06803360514166099,0.09842934647911841,0.0,0.0,18.680311487421196,20.0,0.0,1.109753010805196,39.790064498226386,0,53
CCM0136,2010-11-04,0.0,0.0,1.0,0.8693540116175505,0.0,0.15798095832497447,0.15947343473449,0.0,0.0,20.0,17.38708023235101,0.0,2.1163626203964294,39.50344285274744,0,54
NGF0157,2010-12-09,0.0,0.0,0.909437972810902,1.0,0.0,0.05896245778943948,0.06454105969058298,0.0,0.0,18.18875945621804,20.0,0.0,0.8233567832001497,39.012116239418184,0,55
HDS0367,2010-06-28,0.4456561097527218,1.0,0.49609483327125226,0.5177311337946886,0.0,0.24767007429582488,0.2851346763789849,0.08669214468630107,14.456561097527219,9.921896665425045,10.354622675893772,0.0,4.1299793024074045,38.863059741253444,0,56
FOB0756,2011-04-15,0.0,0.0,0.7937253933193775,1.0,0.0,0.1260252075625209,0.31525601412003657,0.0,0.0,15.87450786638755,20.0,0.0,2.9418748112170494,38.816382677604594,0,57
LIM0674,2010-03-24,0.0,0.0,1.0,0.623641380465225,0.0,0.17658873849832232,0.07141784644280966,0.6756401979982918,0.0,20.0,12.472827609304499,0.0,6.157645219596159,38.630472828900665,0,58
JMK0099,2010-11-10,0.0,0.0,0.9050279720826868,0.7590686839905472,0.0,0.3687534502342786,0.38423533313511604,0.0,0.0,18.100559441653736,15.181373679810942,0.0,5.019925222462631,38.30185834392731,0,59
IBB0359,2011-04-08,0.4979030474580449,1.0,0.6236122372746205,0.48873668378051216,0.0,0.0,0.16022663310644514,0.0,14.979030474580451,12.472244745492409,9.774733675610243,0.0,1.0681775540429677,38.29418644972607,0,60
JDC0030,2010-07-23,0.0,0.0,1.0,0.8633440783708888,0.0,0.007283928208014974,0.0,0.107148128235136,0.0,20.0,17.266881567417776,0.0,0.7628803762876732,38.02976194370545,0,61
VSA0230,2010-11-29,0.0,0.0,0.9340155743710605,0.7252406676228433,0.0,0.39454286498086166,0.31828982487174706,0.0,0.0,18.68031148742121,14.504813352456868,0.0,4.7522179323507245,37.9373427722288,0,62
BAL0044,2010-10-06,0.2496150883013534,1.0,0.3242502873521111,0.7910385888635065,0.0,0.0,0.004412726843669476,0.44922407131015535,12.496150883013534,6.485005747042222,15.820771777270132,0.0,3.0242453210254987,37.826173728351385,0,63
BWP0202,2010-06-21,0.18950284971277095,0.0,1.0,0.6382631240011716,0.0,0.11036810344188577,0.30108890692196333,0.0,1.8950284971277096,20.0,12.76526248002343,0.0,2.743046735758994,37.40333771291014,0,64
RMW0542,2010-07-21,0.0,0.0,0.8197978844987169,0.9869477491560344,0.0,0.04190990671703335,0.1433388350978963,0.0,0.0,16.395957689974338,19.73895498312069,0.0,1.234991612099531,37.369904285194565,1,65
MGS0974,2010-11-01,0.0,0.0,0.8547043234472846,1.0,0.0,0.0,0.0,0.03459316942115038,0.0,17.094086468945694,20.0,0.0,0.23062112947433586,37.32470759842003,0,66
NGC0058,2010-07-28,0.2634930196961041,0.0,0.7058829057936803,0.9979487157886737,0.0,0.015197586589727549,0.007301155108272453,0.054766170958435355,2.634930196961041,14.117658115873606,19.958974315773474,0.0,0.515099417709569,37.22666204631769,0,67
RAR0725,2010-08-04,0.0,0.0,1.0,0.7247912642535821,0.0,0.1457159280557817,0.2545077664297628,0.0,0.0,20.0,14.495825285071643,0.0,2.6681579632369634,37.16398324830861,1,68
CPG0322,2010-11-23,0.5669467095138409,1.0,0.7058829057936801,0.0,0.0,0.5063118094135752,0.5194572312995351,0.0,15.669467095138408,14.117658115873601,0.0,0.0,6.838460271420735,36.62558548243275,0,69
SBH0537,2010-08-18,0.0,0.0,0.8283510207236026,1.0,0.0,0.0,0.0,0.0,0.0,16.56702041447205,20.0,0.0,0.0,36.567020414472054,0,70
MCD0125,2010-04-16,1.0,0.0,0.9460379978956818,0.2529474063141185,0.0,0.08844737206810908,0.10940287981140004,0.18417273954076308,10.0,18.920759957913635,5.05894812628237,0.0,2.5468199428018146,36.52652802699782,0,71
TDS0984,2010-02-11,1.0,1.0,0.315120471969219,0.4844461042017886,0.0,0.05147762110250387,0.006576944182518432,0.0,20.0,6.30240943938438,9.688922084035772,0.0,0.38703043523348196,36.378361958653635,0,72
CQH0701,2011-02-14,0.0,0.0,0.34016802570830446,1.0,0.0,0.21096325392232296,0.21316615069963946,1.0,0.0,6.803360514166089,20.0,0.0,9.494196030813082,36.29755654497917,0,73
HRB0351,2011-03-22,0.7452708040897429,1.0,0.4810702354423643,0.43922158099144476,0.0,0.0,0.025119315692872603,0.0,17.452708040897427,9.621404708847287,8.784431619828895,0.0,0.1674621046191507,36.026006474192755,0,74
MPM0220,2010-10-04,0.23644916882412859,1.0,0.3554445837684494,0.5449517825147623,0.0,0.3305295758004884,0.39450748753768483,0.0,12.364491688241285,7.108891675368988,10.899035650295247,0.0,4.833580422254489,35.20599943616001,1,75
MOS0047,2010-03-16,0.3713007069652952,1.0,0.46029651380287107,0.23397181102128636,0.0,0.2877182184023482,0.2681643024879986,0.5782488350539762,13.713007069652951,9.20593027605742,4.679436220425727,0.0,7.560875706295485,35.15924927243159,1,76
KBG0549,2011-03-07,0.21096325392232296,0.0,1.0,0.3867950227321827,0.0,0.32352435464473095,0.16900262645097808,0.3006968650504406,2.1096325392232296,20.0,7.735900454643653,0.0,5.288158974307664,35.133691968174546,0,77
EIS0041,2011-02-24,0.06961075244319004,1.0,0.5363621001268768,0.49319032420393416,0.0,0.1845120818480104,0.17917619399821705,0.18869385427161153,10.696107524431898,10.727242002537537,9.863806484078683,0.0,3.682547534118927,34.96970354516704,0,78
CCL0068,2011-01-24,0.2853569193634026,0.0,1.0,0.5187534407879028,0.0,0.02930306094055603,0.17524469982248644,0.05119921115897168,2.8535691936340255,20.0,10.375068815758056,0.0,1.7049798128134277,34.93361782220551,1,79
AJD0074,2010-05-13,0.0,0.0,1.0,0.7457056670872219,0.0,0.0,0.0,0.0,0.0,20.0,14.914113341744438,0.0,0.0,34.91411334174444,0,80
HBO0413,2011-03-14,0.0,0.0,0.6983827250036342,0.6958029355735853,0.0,0.5511709110705219,0.5007702085696951,0.0,0.0,13.967654500072683,13.916058711471706,0.0,7.012940797601447,34.896654009145834,1,81
HAD0246,2010-07-08,0.0,0.0,0.7318766613724126,1.0,0.0,0.028347335475692043,0.0,0.0,0.0,14.637533227448252,20.0,0.0,0.1889822365046136,34.826515463952866,0,82
GCS0571,2010-08-26,0.0,0.0,0.23816525581123354,1.0,0.0,0.2267786838055364,0.2759326325298241,1.0,0.0,4.763305116224671,20.0,0.0,10.018075442235737,34.78138055846041,0,83
NKP0236,2010-09-13,0.24415239013859677,0.0,0.7659580467122912,0.7081162132224985,0.0,0.19044331628182143,0.23712698386218664,0.0,2.4415239013859678,15.319160934245824,14.162324264449971,0.0,2.8504686676267204,34.773477767708485,0,84
RAW0915,2011-03-25,1.0,1.0,0.20404858567160358,0.2520504151250421,0.0,0.37376486775356893,0.25462825626531316,0.19226526127104054,20.0,4.0809717134320715,5.041008302500842,0.0,5.471055901932816,34.59303591786573,0,85
ESH0283,2010-10-01,0.0,1.0,0.7161828908391342,0.4511301600020244,0.0,0.05241177377366407,0.03535023193169779,0.0,10.0,14.323657816782685,9.022603200040487,0.0,0.5850800380357457,33.93134105485892,0,86
BAJ0654,2010-06-02,0.7081162132224987,1.0,0.5286877747871548,0.31267577845443645,0.0,0.0,0.0,0.0,17.08116213222499,10.573755495743097,6.253515569088729,0.0,0.0,33.908433197056816,0,87
PAD0773,2010-11-24,0.0,0.0,0.7659580467122908,0.5022235288983878,0.0,0.3,0.4911063700845542,0.4810702354423639,0.0,15.319160934245817,10.044470577967758,0.0,8.481177370179454,33.844808882393025,0,88
VSS0154,2010-10-13,0.0,0.0,0.8618843425766635,0.8231932086840426,0.0,0.0,0.0,0.008385800883975576,0.0,17.23768685153327,16.46386417368085,0.0,0.05590533922650384,33.75745636444062,1,89
JTS0389,2010-07-26,0.0,0.0,0.6754308969478108,1.0,0.0,0.030779350562554646,0.0035038349359257015,0.0,0.0,13.508617938956215,20.0,0.0,0.228554569989869,33.73717250894608,0,90
ATE0869,2010-05-05,0.0,0.0,0.6301260378126045,0.8912952904805611,0.0,0.1969831188646769,0.18432645780161303,0.10919672705915066,0.0,12.602520756252089,17.82590580961122,0.0,3.270042024836271,33.698468590699584,0,91
FKK0055,2011-01-09,0.0,0.0,0.48107023544236416,1.0,0.0,0.13322008044390057,0.20450831022310298,0.2580952124432599,0.0,9.621404708847283,20.0,0.0,3.9721573540684236,33.59356206291571,0,92
DRR0162,2010-12-13,0.0,0.0,1.0,0.6053024885563842,0.0,0.15389675281277307,0.043659953946552234,0.0,0.0,20.0,12.106049771127685,0.0,1.3170447117288353,33.42309448285652,1,93
AIB0948,2010-06-21,1.0,1.0,0.09649012813540156,0.01078448495302638,0.0,0.3105295017040595,0.3696309205134024,1.0,20.0,1.9298025627080313,0.2156896990605276,0.0,11.201069481449746,33.3465617432183,0,94
JJM0203,2010-10-04,0.0,0.0,1.0,0.6618943218144444,0.0,0.0,0.0,0.0,0.0,20.0,13.237886436288889,0.0,0.0,33.23788643628889,1,95
NAF0326,2010-12-15,1.0,1.0,0.3550947036476552,0.15724272550828786,0.0,0.10064212180076912,0.2050056873977714,0.13735936742288596,20.0,7.101894072953105,3.1448545101657572,0.0,2.9533811774761762,33.20012976059504,0,96
RHL0992,2010-08-12,0.0,0.0,0.7466553054784136,0.9048740202266851,0.0,0.015640942485936775,0.0,0.0,0.0,14.933106109568273,18.0974804045337,0.0,0.10427294990624517,33.13485946400822,1,97
QOS0878,2010-04-08,1.0,1.0,0.15321018922042035,0.1243312433364316,0.0,0.3003776211372606,0.53075146967648,0.29020268335412724,20.0,3.0642037844084067,2.486624866728632,0.0,7.475545161119118,33.02637381225615,0,98
MKW0441,2010-12-20,0.18594617981323838,1.0,0.0,0.6508701569891492,0.0,0.08573115694478356,0.11245467331054218,1.0,11.859461798132385,0.0,13.017403139782983,0.0,7.987905535035504,32.86477047295087,0,99
IJM0776,2010-08-06,0.0,0.0,1.0,0.585449953754929,0.0,0.04892942539976062,0.09067314469632892,0.0,0.0,20.0,11.70899907509858,0.0,0.930683800640597,32.639682875739176,1,100
HCL0651,2010-09-07,1.0,0.0,0.5958218701610831,0.5346361165560174,0.0,0.0,0.0,0.0,10.0,11.916437403221662,10.692722331120347,0.0,0.0,32.609159734342015,0,101
EMW0772,2010-03-18,0.0,0.0,0.23011735083949017,1.0,0.0,0.04138554407104402,0.11848997305463786,1.0,0.0,4.602347016789803,20.0,0.0,7.732503447504545,32.33485046429435,0,102
AVM0947,2010-07-02,1.0,1.0,0.3323515190973071,0.1283473572366756,0.0,0.2109632539223229,0.2559121734809993,0.0,20.0,6.647030381946141,2.5669471447335117,0.0,3.112502849355481,32.326480376035136,0,103
SNC0187,2010-04-12,0.0,0.0,1.0,0.29576773670142986,0.0,0.11911000007651162,0.2721887331454991,0.5307511195490096,0.0,20.0,5.915354734028597,0.0,6.146999018473468,32.06235375250206,0,104
DAL0673,2010-06-07,0.19639610121239312,0.0,0.49135381491199537,0.47178953554912423,0.0,0.21186522339044273,0.38043452591811705,1.0,1.9639610121239313,9.827076298239907,9.435790710982484,0.0,10.615331662057066,31.842159683403388,0,105
XAA0104,2010-12-08,0.0,0.0,0.46444273322039364,1.0,0.0,0.05272497301964955,0.06850607721710658,0.253604825380522,0.0,9.288854664407873,20.0,0.0,2.498905837448521,31.787760501856393,0,106
RSM0277,2010-08-04,0.708116213222499,0.0,0.5066803119733213,0.5331714584870635,0.0,0.30467781578016373,0.20321484530365255,0.06741248325698497,7.081162132224989,10.133606239466426,10.66342916974127,0.0,3.835367628938675,31.71356517037136,0,107
FSC0601,2011-02-22,0.0,0.0,0.5151195680796066,1.0,0.0,0.12016746099983606,0.08313266706535383,0.0,0.0,10.302391361592132,20.0,0.0,1.3553341871012659,31.6577255486934,1,108
BBS0422,2011-04-28,0.0,0.0,0.7452708040897426,0.7299003618846884,0.0,0.1650895173230527,0.14717910575565357,0.0,0.0,14.90541608179485,14.598007237693768,0.0,2.0817908205247084,31.585214140013328,0,109
JCR0172,2010-04-28,0.0,0.0,0.57159661394696,0.9306276090286074,0.0,0.1879654501576331,0.000326295241909825,0.0,0.0,11.4319322789392,18.61255218057215,0.0,1.2552783026636196,31.299762762174968,0,110
VTT0385,2010-08-16,0.9340155743710605,1.0,0.256570792235927,0.33638715807781805,0.0,0.013845061576689272,0.0,0.0,19.340155743710604,5.13141584471854,6.727743161556361,0.0,0.09230041051126181,31.291615160496765,0,111
RLG0856,2010-03-15,0.0,0.0,0.42704666135112,1.0,0.0,0.12969968708141677,0.1717861087505442,0.06818291876725632,0.0,8.5409332270224,20.0,0.0,2.464458097328116,31.005391324350516,0,112
GTD0219,2010-05-25,0.17621354357144453,1.0,0.2802011484239564,0.2941102991507709,0.0,0.2511655074836766,0.26889673336894004,0.633611981257948,11.762135435714445,5.604022968479128,5.882205983015418,0.0,7.691161480737097,30.939525867946088,1,113
LDG0459,2010-06-03,0.22677868380553634,0.0,0.19308395644883597,0.9835578367524105,0.0,0.263493019696104,0.19559781438527582,0.298108321635897,2.2677868380553634,3.8616791289767196,19.67115673504821,0.0,5.047994371448512,30.848617073528807,0,114
MLM0950,2010-11-22,0.4212227100104782,0.0,0.41450956782465387,0.7432412746932123,0.0,0.21096325392232296,0.20989270018780273,0.09290515933665167,4.212227100104782,8.290191356493077,14.864825493864247,0.0,3.425074089645182,30.792318040107286,0,115
RSC0089,2010-05-05,0.31512047196921905,1.0,0.2817319593343469,0.41110430250415675,0.0,0.0,0.0,0.5011040647982596,13.151204719692192,5.634639186686938,8.222086050083135,0.0,3.3406937653217312,30.348623721783994,0,116
SJO0209,2010-03-22,0.5669467095138409,0.0,0.5286877747871548,0.5608644785538296,0.0,0.10150243156694269,0.03264992406258014,0.28911466839217054,5.669467095138408,10.573755495743097,11.217289571076591,0.0,2.8217801601446224,30.28229232210272,0,117
NWT0098,2011-03-23,0.0,0.0,0.6928890517934583,0.42649266869950353,0.0,0.19163597281423625,0.16037714888452137,0.8176608664223695,0.0,13.857781035869166,8.52985337399007,0.0,7.79782658747418,30.18546099733342,1,118
CAB0614,2010-06-18,0.0,0.0,0.8794766650343618,0.2839469947776998,0.0,0.45504972111184944,0.3429575138384536,0.23898586085899076,0.0,17.589533300687236,5.678939895553996,0.0,6.913287305395292,30.181760501636525,0,119
GNS0178,2010-05-05,0.0,0.0,1.0,0.33439203046188193,0.0,0.22884263697577084,0.15863345204698198,0.12649110640673522,0.0,20.0,6.687840609237639,0.0,3.42644796952992,30.11428857876756,0,120
IKP0472,2011-01-05,0.0,0.0,0.38273326378021044,1.0,0.0,0.2109632539223229,0.12172476775725465,0.0,0.0,7.654665275604209,20.0,0.0,2.2179201445305172,29.872585420134726,0,121
JDF0593,2010-03-19,0.9340155743710608,0.0,0.09771071235928802,0.7661106232942169,0.0,0.1351690670668749,0.349643925224846,0.0,9.340155743710607,1.9542142471857604,15.322212465884338,0.0,3.23208661527814,29.848669072058843,0,122
LCC0819,2010-07-16,0.0,0.0,1.0,0.4910632464533785,0.0,0.0,0.0,0.0,0.0,20.0,9.82126492906757,0.0,0.0,29.82126492906757,1,123
LBF0214,2011-01-29,0.4289801758541992,0.0,0.7846879257205611,0.48820769642971096,0.0,0.0,0.0,0.0,4.289801758541992,15.693758514411222,9.764153928594219,0.0,0.0,29.74771420154743,0,124
EDB0714,2010-11-18,0.0,0.0,0.6387740954464867,0.8475581484454768,0.0,0.0,0.0,0.0,0.0,12.775481908929734,16.951162968909536,0.0,0.0,29.72664487783927,1,125
IBS0836,2011-02-23,0.0,0.0,0.8648888870168498,0.5185962827182069,0.0,0.21096325392232296,0.08383507491654382,0.0,0.0,17.297777740336997,10.371925654364137,0.0,1.9653221922591122,29.635025586960246,0,126
EGD0132,2010-09-02,0.0,0.0,0.9716052731035832,0.49832230850395326,0.0,0.0,0.0,0.0,0.0,19.432105462071664,9.966446170079065,0.0,0.0,29.398551632150728,1,127
BVC0790,2010-09-15,0.566946709513841,0.0,0.4898979485566361,0.5826049874731344,0.0,0.1385869734367165,0.20196191420578224,0.0,5.66946709513841,9.797958971132722,11.652099749462687,0.0,2.2703259176166584,29.38985173335048,0,128
OCS0865,2010-04-12,0.0,0.0,0.4259808395076452,0.9682763320034782,0.0,0.03646984043128984,0.0,0.18824578451590274,0.0,8.519616790152904,19.365526640069564,0.0,1.4981041663146173,29.38324759653709,0,129
HDD0806,2011-04-08,1.0,1.0,0.0,0.0,0.0,0.4568668506167145,0.622686820627963,0.31754935308751747,20.0,0.0,0.0,0.0,9.314020162214632,29.314020162214632,0,130
KMW0545,2010-06-09,0.18283482006601323,0.0,0.3454320602820136,0.9011996217047352,0.0,0.19639610121239331,0.18547182037186535,0.0,1.8283482006601324,6.908641205640272,18.023992434094705,0.0,2.5457861438950573,29.30676798429017,0,131
RDT0424,2010-08-17,0.0,0.0,0.36684787086189696,0.9292586263707129,0.0,0.13839331399892812,0.1698962016965541,0.1987094448346283,0.0,7.336957417237939,18.585172527414258,0.0,3.379993070200737,29.302123014852935,0,132
SAK0375,2010-06-07,0.44497190922573937,1.0,0.0,0.0,0.0,0.5903538602731951,0.6352094648995121,1.0,14.449719092257393,0.0,0.0,0.0,14.837088834484716,29.286807926742107,0,133
TNM0961,2010-11-16,0.0,0.0,1.0,0.46291004988627593,0.0,0.0,0.0,0.0,0.0,20.0,9.258200997725519,0.0,0.0,29.258200997725517,1,134
IBM0671,2010-09-20,0.26349301969610395,0.0,0.4700096710803843,0.709002311156176,0.0,0.0,0.0,0.44787415603057845,2.6349301969610393,9.400193421607685,14.180046223123519,0.0,2.985827706870523,29.200997548562768,0,135
VFM0814,2010-11-23,1.0,0.0,0.24767007429582444,0.6365677330344515,0.0,0.0573501224484352,0.1673634116987351,0.0,10.0,4.953401485916489,12.731354660689028,0.0,1.4980902276478019,29.182846374253316,0,136
JMD0520,2010-10-20,1.0,1.0,0.07137464271463291,0.38735281629951557,0.0,0.0,0.0,0.0,20.0,1.4274928542926582,7.747056325990311,0.0,0.0,29.17454918028297,0,137
AAF0535,2010-08-10,0.0,0.0,0.2727503268736426,0.8784588471098409,0.0,0.2476700742958245,0.23890608996733637,0.43016381325064257,0.0,5.455006537472852,17.56917694219682,0.0,6.1115998500920234,29.135783329761693,1,138
IRM0931,2011-04-03,0.7081162132224993,0.0,0.6027873771583832,0.14666694684156228,0.0,0.5120224926378056,0.5463813582023873,0.0,7.081162132224993,12.055747543167662,2.9333389368312455,0.0,7.056025672267952,29.126274284491853,0,139
AMR0318,2010-07-27,0.0,0.0,0.4432492456199119,1.0,0.0,0.0,0.0046104979967097,0.0,0.0,8.864984912398238,20.0,0.0,0.030736653311397997,28.895721565709636,0,140
BBG0325,2010-07-08,0.0,0.0,0.17964393928698885,0.9661410722190478,0.0,0.38667794043229475,0.4645820644379223,0.0,0.0,3.592878785739777,19.322821444380956,0.0,5.67506669913478,28.590766929255516,0,141
JCG0316,2011-03-29,1.0,0.0,0.6534962233582855,0.20274566544803424,0.0,0.0986832726473019,0.1192781743185232,0.0,10.0,13.069924467165709,4.054913308960685,0.0,1.4530763131055005,28.577914089231896,0,142
JBD0616,2010-07-20,0.2109632539223229,0.0,0.11338934190276806,0.8880667846405285,0.0,0.386738761053132,0.5408524906873057,0.01116824749920766,2.109632539223229,2.267786838055361,17.76133569281057,0.0,6.258396661597635,28.397151731686797,0,143
BEH0615,2010-04-23,0.0,1.0,0.16707136066491596,0.487785399048554,0.0,0.06351719940893044,0.022701897846648635,0.6925662074161851,10.0,3.341427213298319,9.75570798097108,0.0,5.191902031145094,28.289037225414493,0,144
JKJ0698,2011-05-16,0.708116213222499,1.0,0.0,0.0,0.0,0.15798095832497447,0.49008665940410545,1.0,17.08116213222499,0.0,0.0,0.0,10.9871174515272,28.068279583752187,0,145
RVF0201,2011-03-07,0.0,0.0,0.3946705646668006,1.0,0.0,0.0,0.0,0.023445928667665126,0.0,7.893411293336012,20.0,0.0,0.1563061911177675,28.04971748445378,0,146
WXH0872,2010-05-18,1.0,0.0,0.5999999999999995,0.24265028055385077,0.0,0.0,0.10410222784924716,0.0673388601157749,10.0,11.999999999999991,4.853005611077015,0.0,1.1429405864334803,27.995946197510488,0,147
SMY0792,2010-10-01,0.0,1.0,0.18620279647803617,0.23840545727551157,0.0,0.5309942440535915,0.7071295896309748,0.1822930860750601,10.0,3.7240559295607234,4.768109145510231,0.0,9.469446131730843,27.9616112068018,0,148
KMB0922,2010-07-20,0.5669467095138411,1.0,0.0,0.0,0.0,0.4359377365114236,0.3760213998302306,1.0,15.669467095138412,0.0,0.0,0.0,12.079727575611027,27.74919467074944,0,149
LJT0817,2010-07-06,1.0,0.0,0.2565707922359275,0.27882949034949633,0.0,0.22677868380553642,0.4343982555463496,0.38428729493372304,10.0,5.13141584471855,5.576589806989927,0.0,6.969761561904061,27.677767213612537,0,150
BTR0403,2010-05-14,0.14411533842457844,0.0,0.5992202725750652,0.43368662629048205,0.0,0.2783192937613401,0.5288104679908024,0.0,1.4411533842457844,11.984405451501303,8.67373252580964,0.0,5.380865078347617,27.480156439904345,0,151
KCS0173,2010-06-08,0.0,0.0,0.24987149832098848,1.0,0.0,0.10344599804335342,0.08073376052043087,0.18218829873554415,0.0,4.997429966419769,20.0,0.0,2.442453715328856,27.439883681748626,0,152
SCP0130,2010-03-25,0.0,0.0,0.509754474291448,0.6410793879584847,0.0,0.22720319301157002,0.4347919604370111,0.0,0.0,10.19508948582896,12.821587759169695,0.0,4.413301022990542,27.429978267989195,0,153
ABC0174,2010-12-21,0.0,0.0,0.43038005516913846,0.7025504951574784,0.0,0.21869744266582414,0.24746664224639395,0.24624758629101828,0.0,8.60760110338277,14.051009903149566,0.0,4.7494111413549085,27.408022147887245,1,154
TSR0676,2010-06-02,0.2109632539223229,0.0,0.5334260262931798,0.5803482779429436,0.0,0.20784609690826533,0.15600095505757097,0.08705540183457663,2.109632539223229,10.668520525863595,11.606965558858873,0.0,3.0060163586694193,27.391134982615117,0,155
GZC0735,2010-08-03,0.31052950170405935,0.0,0.21886563452749588,0.5979695373240745,0.0,0.32033716363370374,0.28978069517220856,0.5762895308352849,3.1052950170405937,4.377312690549918,11.95939074648149,0.0,7.90938259760798,27.351381051679983,0,156
PMV0850,2010-06-23,0.708116213222499,0.0,0.16164477182409745,0.7232380363556103,0.0,0.21096325392232296,0.17490918914589815,0.0,7.081162132224989,3.232895436481949,14.464760727112207,0.0,2.5724829537881404,27.351301249607282,0,157
KRL0501,2010-12-27,0.0,0.0,0.49135381491199553,0.8251198184594992,0.0,0.14185987312303808,0.008173995487486504,0.0,0.0,9.827076298239911,16.502396369189984,0.0,1.0002257907368306,27.329698458166728,1,158
DIB0285,2010-09-07,0.0,0.0,0.8838481812919852,0.4811385588847191,0.0,0.0,0.0,0.0,0.0,17.676963625839704,9.622771177694382,0.0,0.0,27.299734803534086,1,159
BRB0355,2011-01-25,0.0,0.0,0.5826049874731353,0.7478822868429432,0.0,0.0,0.0,0.04892942539976062,0.0,11.652099749462705,14.957645736858865,0.0,0.32619616933173745,26.93594165565331,0,160
KPC0073,2010-07-06,0.5766328940543494,0.0,1.0,0.0,0.0,0.11698989676335506,0.03492000077072607,0.0,5.766328940543493,20.0,0.0,0.0,1.0127326502272076,26.779061590770702,1,161
KJJ0293,2010-12-09,0.0,0.0,0.0,0.9470462247029655,0.0,0.26349301969610395,0.13540199374901368,0.776323754260148,0.0,0.0,18.94092449405931,0.0,7.834791784701771,26.77571627876108,0,162
LRR0148,2010-08-12,0.42122271001047834,0.0,0.23011735083948998,0.8963668953003294,0.0,0.0,0.0,0.0,4.2122271001047835,4.6023470167898,17.92733790600659,0.0,0.0,26.74191202290117,0,163
ILJ0526,2010-12-28,0.0,1.0,0.08323138098770996,0.4191534814465814,0.0,0.3513240262614722,0.2779199118218175,0.3513240262614716,10.0,1.6646276197541994,8.383069628931628,0.0,6.537119762298409,26.58481701098424,0,164
SBN0866,2010-09-17,0.0,0.0,1.0,0.14988439304640958,0.0,0.20525673147192142,0.3176518852253216,0.0,0.0,20.0,2.9976878609281914,0.0,3.486057444648287,26.483745305576477,0,165
AOK0844,2010-10-23,0.0,1.0,0.4687575665248871,0.15949948348521928,0.0,0.1828348200660132,0.394365645568757,0.0,10.0,9.375151330497742,3.1899896697043855,0.0,3.8480031042318013,26.41314410443393,0,166
AHM0410,2010-07-13,0.0,0.0,0.7688179765595231,0.5461559585715101,0.0,0.0,0.0,0.0,0.0,15.376359531190463,10.923119171430201,0.0,0.0,26.299478702620664,0,167
IIW0249,2010-10-06,0.17008401285415228,0.0,0.08675328468813878,1.0,0.0,0.0,0.0,0.42913944926945086,1.7008401285415229,1.7350656937627758,20.0,0.0,2.860929661796339,26.29683548410064,0,168
LCB0664,2010-08-02,0.2441523901385969,0.0,0.0,0.828509849928515,0.0,0.21780805097971837,0.269267677195505,0.5991609039480764,2.441523901385969,0.0,16.5701969985703,0.0,7.2415775474886654,26.253298447444934,0,169
BMT0528,2010-04-13,0.0,0.0,0.014064216928154813,0.7222215979617608,0.0,0.38748465892504147,0.33670044325274373,1.0,0.0,0.28128433856309626,14.444431959235216,0.0,11.4945673478519,26.220283645650213,0,170
BTN0061,2010-12-06,0.7688179765595243,1.0,0.0,0.0,0.0,0.5867686289224977,0.5200659037735185,0.16230239135102112,17.688179765595244,0.0,0.0,0.0,8.460912826980248,26.149092592575492,0,171
SAB0781,2010-09-23,0.0,0.0,0.5223700143515971,0.2233223901278078,0.0,0.3977539848267023,0.25987114191351984,1.0,0.0,10.447400287031943,4.466447802556156,0.0,11.050834178268147,25.964682267856247,0,172
CQW0652,2011-03-22,0.0,0.0,0.6114295984380812,0.5523791171610587,0.0,0.12215787871515245,0.268196135253847,0.0,0.0,12.228591968761624,11.047582343221174,0.0,2.602360093126663,25.878534405109463,1,173
HRL0540,2010-11-03,1.0,0.0,0.0,0.38796439114039766,0.0,0.26816879932685617,0.4844986079018699,0.45900592727148865,10.0,0.0,7.759287822807953,0.0,8.07782223000143,25.837110052809383,0,174
DMK0257,2010-03-09,0.0,0.0,0.5643804972021267,0.6623485395389503,0.0,0.1029529170829487,0.06660428022651542,0.02178819117607688,0.0,11.287609944042533,13.246970790779006,0.0,1.2756359232369399,25.81021665805848,0,175
BRM0995,2011-03-30,0.0,0.0,0.1544981712478672,0.6934716984715961,0.0,0.21096325392232296,0.11226689422339817,1.0,0.0,3.089963424957344,13.86943396943192,0.0,8.821534320971475,25.780931715360737,0,176
MDH0580,2011-02-17,0.0,0.0,0.43971575745013664,0.6132057504615468,0.0,0.19308395644883597,0.2134629333762666,0.2998111425686284,0.0,8.794315149002733,12.264115009230936,0.0,4.709053549291539,25.76748370752521,1,177
CEJ0109,2011-03-21,0.0,0.0,0.6878456427114515,0.5998400639715689,0.0,0.0,0.0,0.0,0.0,13.75691285422903,11.996801279431377,0.0,0.0,25.75371413366041,1,178
AJN0607,2010-02-24,0.0,0.0,0.0,0.9118498292856426,0.0,0.06564646110160263,0.023091893552146275,1.0,0.0,0.0,18.236996585712852,0.0,7.258255697691659,25.49525228340451,0,179
CFM0767,2010-11-22,0.566946709513841,1.0,0.0,0.2755744715099296,0.0,0.38645108540338063,0.25921483057950334,0.0,15.66946709513841,0.0,5.5114894301985915,0.0,4.3044394398858925,25.485395965222896,0,180
AKR0057,2010-02-18,0.22677868380553634,0.0,0.4458374036671212,0.41883640130406735,0.0,0.15017028954697373,0.15840399458920137,0.5753827271561444,2.2677868380553634,8.916748073342424,8.376728026081347,0.0,5.893046741948797,25.454309679427933,1,181
OBH0499,2011-04-20,1.0,0.0,0.15666989036012907,0.6069954668708044,0.0,0.0,0.0,0.020245144780034578,10.0,3.1333978072025817,12.13990933741609,0.0,0.1349676318668972,25.408274776485566,0,182
JHP0583,2011-05-06,0.0,0.0,0.48308489675391064,0.3227675714921543,0.0,0.15798095832497447,0.20652667834527846,1.0,0.0,9.661697935078212,6.455351429843086,0.0,9.096717577801686,25.213766942722984,0,183
IKR0401,2011-02-02,0.3105295017040594,0.0,0.4613256360889875,0.6164904648513841,0.0,0.0,0.0,0.0736605087600279,3.105295017040594,9.22651272177975,12.329809297027683,0.0,0.49107005840018597,25.152687094248215,1,184
QJR0688,2011-01-14,0.0,0.0,0.4620496728913805,0.5335108288142763,0.0,0.2504872290013768,0.28936827064733317,0.23287852140524318,0.0,9.24099345782761,10.670216576285526,0.0,5.1515601403596865,25.062770174472824,0,185
LOM0086,2010-07-21,0.054470477940192205,0.0,0.6721474378570687,0.20564901067354552,0.0,0.4892842232622754,0.429228146720145,0.11805922969913707,0.5447047794019221,13.442948757141373,4.112980213470911,0.0,6.910477331210383,25.011111081224588,0,186
DIW0118,2010-09-14,0.5669467095138409,0.0,0.5569850978076231,0.0,0.0,0.2285307751345708,0.18634237701502662,0.81527138906338,5.669467095138408,11.13970195615246,0.0,0.0,8.200963608086516,25.010132659377383,0,187
CMB0912,2010-12-14,1.0,1.0,0.0,0.0,0.0,0.4036867990988472,0.34175295383867543,0.0,20.0,0.0,0.0,0.0,4.969598352916817,24.96959835291682,0,188
ESR0693,2010-08-16,0.0,0.0,0.3551502704748046,0.4539206495016016,0.0,0.39656823865390595,0.3131994667728746,0.583119169621039,0.0,7.103005409496092,9.078412990032032,0.0,8.619245833652132,24.800664233180257,0,189
WPR0368,2010-05-31,0.07006490497453705,1.0,0.0,0.0,0.0,0.6595343951671027,0.6438892857436957,0.7937253933193767,10.700649049745369,0.0,0.0,0.0,13.98099382820117,24.681642877946537,0,190
PDH0716,2010-08-04,0.0,0.0,0.7409963766794685,0.28684295605335874,0.0,0.26349301969610395,0.3540917936287634,0.0,0.0,14.81992753358937,5.736859121067175,0.0,4.117232088832449,24.674018743488993,0,191
NDM0417,2010-02-19,0.24415239013859685,0.0,0.2038098661460272,0.422742737617196,0.0,0.2645751311064591,0.21211276053118003,0.9740998059201569,2.4415239013859686,4.076197322920544,8.45485475234392,0.0,9.67191798371864,24.644493960369072,0,192
IBB0696,2011-03-03,0.0,0.0,0.29999999999999993,0.7975025045323345,0.0,0.2109632539223229,0.179369680367653,0.0,0.0,5.999999999999998,15.950050090646691,0.0,2.6022195619331727,24.552269652579863,0,193
FFC0891,2010-08-16,0.0,0.0,0.5669467095138403,0.0813358165186129,0.0,0.42898017585419923,0.4185944078041567,0.8880667846405267,0.0,11.338934190276806,1.6267163303722578,0.0,11.570942455325886,24.536592975974948,0,194
MVB0515,2011-01-17,0.0,1.0,0.35687321357316504,0.36447534184228686,0.0,0.0,0.0,0.0,10.0,7.137464271463301,7.289506836845737,0.0,0.0,24.42697110830904,0,195
HVF0067,2011-03-10,0.21096325392232287,1.0,0.0,0.1960436750445469,0.0,0.3855237624694121,0.48960448823604386,0.37406188696249654,12.10963253922323,0.0,3.920873500890938,0.0,8.327934251119684,24.358440291233855,0,196
PDW0259,2010-10-20,0.481070235442364,1.0,0.0,0.0,0.0,0.28269732942082226,0.3992481845218057,0.7452708040897429,14.81070235442364,0.0,0.0,0.0,9.51477545354914,24.32547780797278,0,197
RHO0732,2010-12-09,0.022413779393913924,0.0,0.6114295984380818,0.1738636575842445,0.0,0.20173890572113745,0.2558424769135261,0.7981596478959665,0.22413779393913924,12.228591968761634,3.47727315168489,0.0,8.3716068702042,24.301609784589864,0,198
NHH0185,2010-04-27,1.0,1.0,0.0,0.0,0.0,0.1260252075625209,0.26585222426871236,0.23710984731030624,20.0,0.0,0.0,0.0,4.193248527610264,24.193248527610265,0,199
KJP0371,2011-05-11,0.0,1.0,0.0,0.0,0.0,0.5171349644228016,0.6084638735826133,1.0,10.0,0.0,0.0,0.0,14.170658920036098,24.170658920036097,0,200
BDI0533,2010-10-29,0.0,0.0,0.5136424548541253,0.08640662555982478,0.0,0.36728745420888664,0.43166895396287597,1.0,0.0,10.272849097082506,1.7281325111964958,0.0,11.993042721145084,23.994024329424086,0,201
PMC0328,2010-03-24,0.0,0.0,0.19756862566645822,1.0,0.0,0.0,0.0,0.0,0.0,3.951372513329164,20.0,0.0,0.0,23.951372513329165,0,202
FEB0306,2011-01-24,0.0,0.0,0.7112347017242395,0.3561969797298652,0.0,0.22677868380553634,0.16135361538217988,0.0,0.0,14.224694034484791,7.123939594597304,0.0,2.5875486612514416,23.936182290333537,0,203
VCC0396,2011-01-03,0.17320508075688776,0.0,0.1242118006816237,0.6770308564946174,0.0,0.3105295017040599,0.2748703021326116,0.33129399175813623,1.7320508075688776,2.484236013632474,13.540617129892347,0.0,6.111291970632051,23.86819592172575,0,204
CHM0821,2010-09-14,0.42122271001047834,0.0,0.39309479256474306,0.4236808875858033,0.0,0.19639610121239312,0.299528364627692,0.0,4.2122271001047835,7.861895851294861,8.473617751716066,0.0,3.3061631056005676,23.85390380871628,0,205
DFR0218,2010-03-31,0.378431961713586,1.0,0.0,0.0,0.0,0.45956561925285005,0.7092447967339566,0.33620669090870897,13.78431961713586,0.0,0.0,0.0,10.033447379303437,23.817766996439296,0,206
CWR0502,2010-07-06,0.0,0.0,0.01756620131307358,1.0,0.0,0.03368165348543038,0.0,0.48107023544236405,0.0,0.35132402626147163,20.0,0.0,3.4316792595186296,23.783003285780104,0,207
MLL0598,2010-07-13,0.0,0.0,0.18875127737584776,1.0,0.0,0.0,0.0,0.0,0.0,3.775025547516955,20.0,0.0,0.0,23.775025547516954,0,208
DPM0423,2010-10-21,0.0,0.0,0.5205197081288292,0.15825194893662603,0.0,0.31781435934514823,0.2604880259766301,0.9419521967765977,0.0,10.410394162576583,3.165038978732521,0.0,10.135030547322508,23.710463688631613,0,209
BQS0525,2010-02-11,0.0,1.0,0.21655529854485667,0.0,0.0,0.33303956543325003,0.2450076520516337,0.8166982597207062,10.0,4.331105970897133,0.0,0.0,9.298303181370601,23.629409152267733,0,210
LBC0356,2010-11-11,0.1757106931962767,1.0,0.0,0.0,0.0,0.7506901377598404,0.6812252446904088,0.34809020572814103,11.757106931962767,0.0,0.0,0.0,11.866703921189268,23.623810853152037,0,211
JAV0361,2010-11-10,0.3632559527633994,1.0,0.0,0.0,0.0,0.557977495361522,0.3568672659831229,0.5713163056339037,13.632559527633994,0.0,0.0,0.0,9.907740446523658,23.54029997415765,0,212
MBJ0312,2010-03-31,0.0,0.0,0.23237900077244503,0.4997464517424145,0.0,0.3859412432424356,0.219261915044653,0.7220660013771785,0.0,4.6475800154489,9.99492903484829,0.0,8.848461064428447,23.490970114725638,0,213
QRM0739,2010-02-23,0.21096325392232296,1.0,0.1546218298674113,0.1725775240531578,0.0,0.2494259429469953,0.26023627999563426,0.21221064545162385,12.10963253922323,3.092436597348226,3.4515504810631557,0.0,4.812485789295023,23.466105406929636,0,214
JJH0613,2010-12-29,0.0,0.0,0.4598307508856573,0.4480221196474429,0.0,0.19021084034633612,0.11258641145468132,0.4819834543383548,0.0,9.196615017713146,8.960442392948858,0.0,5.231871374262482,23.388928784924488,0,215
PNL0301,2010-07-19,0.0,0.0,0.7659580467122907,0.4025851152026001,0.0,0.0,0.0,0.0,0.0,15.319160934245815,8.051702304052002,0.0,0.0,23.370863238297815,1,216
NOB0181,2010-11-19,1.0,0.0,0.0,0.20740293424964001,0.0,0.3151204719692191,0.4153344142175757,0.6462857386021745,10.0,0.0,4.1480586849928,0.0,9.178270831926461,23.326329516919262,0,217
CIM0271,2010-09-29,0.0,1.0,0.4378802695198569,0.0,0.0,0.23860166561590654,0.09731638366232967,0.3431568576941562,10.0,8.757605390397138,0.0,0.0,4.527166046482616,23.284771436879755,0,218
KCF0045,2010-08-03,0.4452190643703826,1.0,0.0,0.0,0.0,0.4270101431320598,0.4905463123814049,0.379316342259157,14.452190643703826,0.0,0.0,0.0,8.645818651817478,23.098009295521305,0,219
IJM0444,2010-12-28,0.49135381491199537,0.0,0.5319354180592073,0.37612887187052535,0.0,0.0,0.0,0.0,4.913538149119954,10.638708361184147,7.522577437410507,0.0,0.0,23.07482394771461,0,220
ICH0294,2011-01-28,0.0,0.0,0.6948437822801627,0.4578418957206044,0.0,0.0,0.0,0.0,0.0,13.896875645603256,9.156837914412089,0.0,0.0,23.053713560015346,0,221
HMM0108,2010-02-17,1.0,0.0,0.0,0.4212963489656077,0.0,0.3568732135731648,0.3322193444702532,0.0,10.0,0.0,8.425926979312154,0.0,4.59395038695612,23.019877366268272,0,222
BKW0374,2010-03-11,0.21684265096011504,1.0,0.0,0.0,0.0,0.281731959334347,0.37596564668923477,0.9681927372659702,12.16842650960115,0.0,0.0,0.0,10.839268955263679,23.00769546486483,0,223
HWW0436,2011-03-18,0.15666989036012807,0.0,0.19538217548582168,0.5809635657157625,0.0,0.31789108143021416,0.33935736902716956,0.2284297204624993,1.5666989036012806,3.9076435097164337,11.619271314315249,0.0,5.904521139465887,22.998134867098848,0,224
RUM0880,2010-08-04,0.0,0.0,0.24160598775348113,0.5809151242407221,0.0,0.2557839587589508,0.2663752112942311,0.44207303856780467,0.0,4.832119755069622,11.618302484814443,0.0,6.42821472413991,22.878636964023976,0,225
WIQ0567,2010-11-10,0.0,0.0,0.2647788071420942,0.4591519908810094,0.0,0.36870145992458764,0.41256086922065255,0.4629100498862758,0.0,5.295576142841884,9.183039817620188,0.0,8.294482526876774,22.773098487338846,0,226
GHH0288,2010-03-03,0.0,0.0,0.2354961192352012,0.420610131213038,0.0,0.2441523901385969,0.32831754019539366,0.8693540116175503,0.0,4.709922384704024,8.41220262426076,0.0,9.612159613010274,22.734284621975057,0,227
CGB0637,2010-08-10,0.0,0.0,0.5920369341214704,0.29640596822760806,0.0,0.24987149832098848,0.4839240385388788,0.0,0.0,11.840738682429407,5.9281193645521615,0.0,4.891970245732448,22.66082829271402,0,228
HLH0512,2011-04-25,0.0,1.0,0.0,0.0,0.0,0.4505635568895835,0.43938359931618887,1.0,10.0,0.0,0.0,0.0,12.599647708038482,22.599647708038482,0,229
PSF0133,2010-09-09,0.0,0.0,1.0,0.12451375723234466,0.0,0.013151655690653899,0.0,0.0,0.0,20.0,2.490275144646893,0.0,0.08767770460435932,22.577952849251254,1,230
ACC0042,2010-12-08,0.19226888409599824,1.0,0.0,0.0,0.0,0.7621288185959454,0.8171809075951572,0.0,11.922688840959983,0.0,0.0,0.0,10.528731507940686,22.45142034890067,0,231
MTB0620,2010-09-14,0.3105295017040594,0.0,0.4849343154722921,0.2483186060800917,0.0,0.22677868380553617,0.47323227754887187,0.0,3.105295017040594,9.698686309445842,4.966372121601834,0.0,4.66673974236272,22.437093190450994,0,232
QNP0216,2010-07-01,0.2141239281438989,1.0,0.0,0.0,0.0,0.6383694290536714,0.8953964112176654,0.0,12.141239281438988,0.0,0.0,0.0,10.225105601808913,22.3663448832479,0,233
HDH0928,2011-04-11,0.0,0.0,0.42426406871192857,0.2369236913599157,0.0,0.33420933230955735,0.32025884385577125,0.7137464271463294,0.0,8.485281374238571,4.738473827198314,0.0,9.121430688744386,22.34518589018127,0,234
BMG0917,2010-08-05,1.0,0.0,0.21096325392232304,0.17940298342997582,0.0,0.36580365869622283,0.28546454316955266,0.0,10.0,4.219265078446461,3.5880596685995165,0.0,4.341788012438503,22.14911275948448,0,235
KSP0357,2010-10-08,0.2165778344227423,1.0,0.0,0.0,0.0,0.5535838871400957,0.39699870891616823,0.5433398200672637,12.165778344227423,0.0,0.0,0.0,9.95948277415685,22.125261118384273,0,236
VMJ0546,2010-08-23,0.263493019696104,0.0,0.5221806832091358,0.27660538433242093,0.0,0.1819188409704534,0.34507067065556357,0.0,2.63493019696104,10.443613664182717,5.532107686648419,0.0,3.5132634108401133,22.12391495863229,0,237
CBB0365,2010-02-12,0.3383091701230317,1.0,0.0,0.0,0.0,0.28866469407564654,0.5594545380432405,0.44825399222023704,13.383091701230317,0.0,0.0,0.0,8.642488162260827,22.025579863491146,0,238
IUB0565,2010-11-19,0.0,0.0,0.4757711097716634,0.6228244722659739,0.0,0.0,0.0,0.0,0.0,9.515422195433269,12.456489445319479,0.0,0.0,21.971911640752747,1,239
WIF0691,2010-09-15,1.0,0.0,0.2530202462327886,0.19571957112340888,0.0,0.0,0.0,0.4418781762259184,10.0,5.0604049246557725,3.9143914224681775,0.0,2.9458545081727894,21.92065085529674,0,240
RRP0568,2010-03-30,0.0,0.0,0.4623025561207559,0.30222520717728063,0.0,0.38108234300668264,0.3034772703260043,0.29398736610366655,0.0,9.246051122415118,6.044504143545613,0.0,6.523646529575689,21.81420179553642,0,241
DFH0188,2010-10-14,1.0,0.0,0.4458374036671212,0.06999803012986291,0.0,0.10068638024726166,0.10576507450175927,0.0,10.0,8.916748073342424,1.3999606025972584,0.0,1.3763430316601397,21.69305170759982,0,242
CAM0681,2010-04-26,0.0,0.0,0.191359465003153,0.6263261449454967,0.0,0.3084230798548179,0.10464697577382716,0.37263540204487133,0.0,3.8271893000630604,12.526522898909933,0.0,5.238036384490109,21.5917485834631,0,243
TQS0212,2010-06-21,1.0,1.0,0.0,0.0,0.0,0.1834683687700073,0.0545492726314518,0.0,20.0,0.0,0.0,0.0,1.5867842760097273,21.586784276009727,0,244
DMG0358,2010-04-07,0.09055509357224759,1.0,0.0,0.0,0.0,0.37747667755763337,0.29222403758817433,0.9233067805394081,10.905550935722477,0.0,0.0,0.0,10.62004997123477,21.525600906957248,0,245
CTA0020,2010-03-03,0.0,0.0,0.09600094816219494,0.6280227910659575,0.0,0.4979550016552392,0.5129996315958965,0.04126067789162581,0.0,1.9200189632438989,12.560455821319149,0.0,7.014768740951744,21.49524352551479,0,246
MSH0040,2010-03-16,0.0880753213810251,1.0,0.0,0.0,0.0,0.3006596314032464,0.5509847785232801,0.7347413944474153,10.88075321381025,0.0,0.0,0.0,10.575905362492946,21.456658576303198,0,247
KCO0122,2010-09-15,1.0,0.0,0.0,0.560900730900213,0.0,0.0,0.026118953381629912,0.0,10.0,0.0,11.21801461800426,0.0,0.17412635587753275,21.392140973881794,0,248
HAH0760,2010-02-24,0.0,0.0,0.20377503578327674,0.3867020319812937,0.0,0.3664831883740028,0.500760932747869,0.5533910107132705,0.0,4.075500715665535,7.734040639625874,0.0,9.470900878900949,21.280442234192357,0,249
ZDW0859,2011-03-18,1.0,1.0,0.0,0.0,0.0,0.006063803480613832,0.06069913153662081,0.1149775052682527,20.0,0.0,0.0,0.0,1.2116029352365825,21.211602935236584,0,250
JFC0557,2010-11-19,0.0,0.0,0.41521719089485903,0.38635697053822227,0.0,0.3864564288876192,0.24685357392825852,0.13961764772980392,0.0,8.30434381789718,7.727139410764446,0.0,5.1528510036378785,21.184334232299506,0,251
ATP0662,2010-10-27,0.19308395644883597,0.0,0.2647788071420942,0.38822616180581815,0.0,0.3383091701230315,0.22337112964482028,0.3486179306455023,1.9308395644883598,5.295576142841884,7.7645232361163625,0.0,6.06865486942236,21.059593812868968,0,252
TSM0363,2011-04-18,0.2438320100716429,1.0,0.0,0.0,0.0,0.3123743594787888,0.47393088707152164,0.49548476731295715,12.438320100716428,0.0,0.0,0.0,8.54526675908845,20.98358685980488,0,253
MPT0376,2010-06-14,0.14638501094227996,0.0,0.44483511054162905,0.3384257964523885,0.0,0.11198682234984518,0.1852586665280247,0.27359318149913414,1.4638501094227996,8.896702210832581,6.76851592904777,0.0,3.8055911358466936,20.934659385149843,0,254
KRV0372,2010-08-25,0.3608026765817725,1.0,0.0,0.0,0.0,0.46298836286078543,0.47114982271638217,0.15788481689392073,13.608026765817725,0.0,0.0,0.0,7.280153349807255,20.88818011562498,0,255
DLM0051,2010-07-22,1.0,0.0,0.4274810485137409,0.0,0.0,0.0931164684238471,0.25472002679498,0.0,10.0,8.549620970274818,0.0,0.0,2.318909968125514,20.86853093840033,0,256
GKO0078,2010-02-11,0.0,0.0,0.19639610121239312,0.7528089711832415,0.0,0.15578723606684958,0.12058025158556365,0.0,0.0,3.9279220242478625,15.05617942366483,0.0,1.842449917682755,20.82655136559545,0,257
JRS0362,2010-07-20,0.3285425380914138,1.0,0.0,0.0,0.0,0.5208135494078013,0.609350544603971,0.0,13.285425380914138,0.0,0.0,0.0,7.534427293411815,20.81985267432595,0,258
DIB0081,2010-08-16,0.315120471969219,0.0,0.3658390492864156,0.2244320563091636,0.0,0.40440066246826384,0.4668574016627911,0.0,3.15120471969219,7.316780985728312,4.488641126183272,0.0,5.808387094207034,20.76501392581081,0,259
MVH0373,2010-03-16,0.45185911856642325,1.0,0.0,0.0,0.0,0.1717757456740865,0.036224190836995254,0.7084920188688805,14.518591185664231,0.0,0.0,0.0,6.109946369199748,20.62853755486398,0,260
DBS0235,2010-12-06,0.49884659592632385,1.0,0.0,0.0,0.0,0.17794011672735865,0.20025739303134632,0.45943096612505496,14.988465959263237,0.0,0.0,0.0,5.584189839225067,20.572655798488306,0,261
KRM0541,2010-04-06,0.5766328940543494,1.0,0.0,0.0,0.0,0.3478235895888614,0.3637584977599239,0.0,15.766328940543492,0.0,0.0,0.0,4.743880582325235,20.510209522868728,0,262
UAD0771,2011-04-19,0.0,0.0,0.2532135383796362,0.22745664849836295,0.0,0.4494152044312985,0.33782570242659704,0.8303598839935683,0.0,5.064270767592724,4.549132969967259,0.0,10.78400527234309,20.397409009903072,0,263
MNS0224,2010-10-29,0.023547948395875297,1.0,0.0,0.0,0.0,0.5820463632898434,0.41283255774058025,0.5281296842580309,10.235479483958754,0.0,0.0,0.0,10.153390701923028,20.388870185881782,0,264
DVM0265,2010-02-23,1.0,1.0,0.0,0.0,0.0,0.0,0.05451055826568137,0.0,20.0,0.0,0.0,0.0,0.36340372177120916,20.36340372177121,0,265
UIR0043,2010-03-22,0.3149703941743558,1.0,0.0,0.0,0.0,0.1620751382356229,0.1605299616949578,0.7553466564621647,13.149703941743558,0.0,0.0,0.0,7.186345042618303,20.33604898436186,0,266
PID0426,2011-02-22,0.7112604173900905,1.0,0.0,0.0,0.0,0.08083412436171987,0.058147163286453564,0.3436683575254311,17.112604173900905,0.0,0.0,0.0,3.2176643011573636,20.33026847505827,0,267
AIP0982,2011-01-18,0.0,0.0,0.440730011102099,0.19148036353804512,0.0,0.4768358197453872,0.38731961478472277,0.28116246869880945,0.0,8.81460022204198,3.8296072707609023,0.0,7.635452688192795,20.279660180995677,0,268
HCS0003,2011-02-10,0.0,0.0,0.2310252430260158,0.41697991031385173,0.0,0.4714064339548473,0.4513626537086082,0.17434265426586837,0.0,4.620504860520316,8.339598206277035,0.0,7.314078279528826,20.274181346326177,0,269
MNC0717,2010-08-12,1.0,0.0,0.0,0.0,0.0,0.28535691936340263,0.2418963138126838,1.0,10.0,0.0,0.0,0.0,10.18168822117391,20.18168822117391,0,270
NKH0979,2010-11-12,1.0,0.0,0.0,0.0,0.0,0.44092226343916163,0.3441902282907542,0.7414635079545406,10.0,0.0,0.0,0.0,10.17717333122971,20.17717333122971,0,271
THR0873,2010-11-02,0.0,0.0,0.2246080790131219,0.19538461242134006,0.0,0.42911587693227127,0.6062483595865267,0.7050921716514129,0.0,4.492161580262438,3.9076922484268013,0.0,11.603042721134738,20.00289654982398,0,272
CIM0926,2010-11-12,1.0,1.0,0.0,0.0,0.0,0.0,0.0,0.0,20.0,0.0,0.0,0.0,0.0,20.0,0,273
HTH0007,2011-01-31,1.0,1.0,0.0,0.0,0.0,0.0,0.0,0.0,20.0,0.0,0.0,0.0,0.0,20.0,0,274
NIH0969,2010-09-02,1.0,1.0,0.0,0.0,0.0,0.0,0.0,0.0,20.0,0.0,0.0,0.0,0.0,20.0,0,275
NSC0597,2010-05-20,1.0,1.0,0.0,0.0,0.0,0.0,0.0,0.0,20.0,0.0,0.0,0.0,0.0,20.0,0,276
SRH0155,2010-05-07,1.0,0.0,0.0,0.0,0.0,0.5629981472428016,0.4355522222816862,0.5000456320654134,10.0,0.0,0.0,0.0,9.990640010599341,19.990640010599343,0,277
HSB0196,2010-02-08,1.0,0.0,0.2350779037517547,0.18210989863844435,0.0,0.166510063153978,0.0701729508399844,0.0,10.0,4.701558075035094,3.642197972768887,0.0,1.5778867599597493,19.92164280776373,0,278
BJP0134,2010-08-09,0.0,1.0,0.12784297268860603,0.10478324334609539,0.0,0.2441523901385969,0.2697781470614783,0.25743268710472106,10.0,2.5568594537721205,2.095664866921908,0.0,5.142421495365309,19.794945816059336,0,279
KKW0879,2011-02-10,1.0,0.0,0.09637480584232935,0.2687558821055337,0.0,0.15521665396899692,0.1728538197075357,0.02896483222578463,10.0,1.9274961168465872,5.375117642110673,0.0,2.380235372682115,19.682849131639376,0,280
RNP0211,2011-02-24,0.0,0.0,0.5799422643912912,0.07555801898540931,0.0,0.47348019063914115,0.47577724207515437,0.01650300003675354,0.0,11.598845287825823,1.5111603797081863,0.0,6.438402885006994,19.548408552541005,0,281
CRK0916,2011-02-24,1.0,0.0,0.0,0.0,0.0,0.31648449794521566,0.11052838196276185,1.0,10.0,0.0,0.0,0.0,9.513419199386517,19.51341919938652,0,282
CLB0774,2010-04-05,0.0,0.0,0.08314109932105386,0.19885576508687627,0.0,0.3401680257083045,0.7074123788313443,1.0,0.0,1.6628219864210771,3.9771153017375256,0.0,13.650536030264327,19.29047331842293,0,283
WDV0573,2010-03-18,0.7937253933193773,0.0,0.0,0.0,0.0,0.5880776743675857,0.4855036957457449,0.6286486007555017,7.937253933193773,0.0,0.0,0.0,11.348199805792214,19.285453738985986,0,284
CAS0507,2010-11-15,0.0,0.0,0.7073977822102846,0.13947476805141512,0.0,0.1997250857807047,0.1516644630803645,0.0,0.0,14.147955644205691,2.7894953610283024,0.0,2.342596992407128,19.28004799764112,0,285
OYM0026,2010-11-10,1.0,0.0,0.0,0.0,0.0,0.3128183905395816,0.16194958414008293,0.9044440325520476,10.0,0.0,0.0,0.0,9.194746714878082,19.194746714878082,0,286
MOH0273,2011-02-25,0.0,0.0,0.5361995355073055,0.28788640324485726,0.0,0.0,0.0,0.3998466267097613,0.0,10.72399071014611,5.757728064897146,0.0,2.665644178065075,19.14736295310833,0,287
SVS0871,2010-04-05,0.0,0.0,0.0,0.0,0.0,0.8715179503413886,1.0,1.0,0.0,0.0,0.0,0.0,19.143453002275923,19.143453002275923,0,288
WSR0241,2010-06-14,0.5556950534971526,1.0,0.0,0.0,0.0,0.23514345785949736,0.12213682530867379,0.17826588543097371,15.556950534971525,0.0,0.0,0.0,3.5703077906609666,19.127258325632493,0,289
OLW0689,2011-02-21,0.0,0.0,0.17454032315767706,0.6778345369715784,0.0,0.0869332214282518,0.2179878816371737,0.0,0.0,3.4908064631535414,13.556690739431566,0.0,2.0328073537695035,19.08030455635461,0,290
SGB0140,2010-04-06,1.0,0.0,0.0,0.0,0.0,0.22677868380553634,0.13470060475185824,1.0,10.0,0.0,0.0,0.0,9.07652859038263,19.07652859038263,0,291
FAW0032,2010-11-05,1.0,0.0,0.0,0.0,0.0,0.548088071431402,0.5307414535104844,0.2737477054827445,10.0,0.0,0.0,0.0,9.017181536164207,19.01718153616421,0,292
NAH0503,2010-02-20,1.0,0.0,0.0,0.0,0.0,0.41213753365550937,0.410042870361962,0.5026426559261411,10.0,0.0,0.0,0.0,8.832153732957417,18.832153732957416,0,293
CRO0027,2010-02-23,0.0,1.0,0.0,0.0,0.0,0.46298836286078604,0.4370394271574122,0.41981902429729256,10.0,0.0,0.0,0.0,8.798978762103271,18.79897876210327,0,294
KWE0082,2010-06-03,0.19639610121239312,0.0,0.21886563452749602,0.07707922422827565,0.0,0.703866870529201,0.7284497358984974,0.19272609289560466,1.9639610121239313,4.37731269054992,1.541584484565513,0.0,10.833617995488687,18.71647618272805,0,295
BJM0111,2010-10-05,1.0,0.0,0.028138742976632547,0.016497338491326913,0.0,0.42898017585419923,0.7318452244793565,0.0,10.0,0.5627748595326509,0.32994676982653826,0.0,7.738836002223705,18.631557631582893,0,296
PMJ0564,2011-01-13,1.0,0.0,0.0,0.0,0.0,0.44667150383829146,0.3523487523015608,0.494401025191029,10.0,0.0,0.0,0.0,8.622808542205874,18.622808542205874,0,297
TDG0962,2010-06-23,0.708116213222499,0.0,0.0,0.0,0.0,0.26349301969610395,0.46442035629585743,1.0,7.081162132224989,0.0,0.0,0.0,11.519422506613076,18.600584638838065,0,298
JCC0225,2010-03-15,0.3594959476389274,1.0,0.0,0.0,0.0,0.3159812757384364,0.4214077778536903,0.0,13.594959476389274,0.0,0.0,0.0,4.9159270239475115,18.510886500336785,0,299
UFK0208,2010-06-22,1.0,0.0,0.0,0.0,0.0,0.16333965194414124,0.2244977942744925,0.8847255441479549,10.0,0.0,0.0,0.0,8.483753269110592,18.483753269110593,0,300
DBB0384,2010-09-17,0.2109632539223229,0.0,0.17320508075688862,0.15018992725474997,0.0,0.26423797447376973,0.21545316050522864,1.0,2.109632539223229,3.464101615137772,3.0037985450949996,0.0,9.864607566526656,18.44214026598266,0,301
IAR0694,2010-09-10,1.0,0.0,0.0,0.0,0.0,0.3278128442858736,0.3464576717329992,0.5865503682911675,10.0,0.0,0.0,0.0,8.405472562066935,18.405472562066933,0,302
SAA0999,2010-08-09,0.0,0.0,0.4367420748241727,0.07348469228349536,0.0,0.06907291296468425,0.13128188862695564,1.0,0.0,8.734841496483455,1.4696938456699071,0.0,8.002365343944266,18.206900686097626,0,303
CTR0341,2010-02-11,0.8547043234472849,0.0,0.0,0.0,0.0,0.5799422643912905,0.6479004608756795,0.19924882020743884,8.547043234472849,0.0,0.0,0.0,9.513943636496057,18.060986870968904,0,304
JNJ0556,2010-09-22,0.0,0.0,0.4065212876886822,0.22391405154436086,0.0,0.28394699477769986,0.3560133895164895,0.16468758934875977,0.0,8.130425753773643,4.478281030887217,0.0,5.364319824286326,17.973026608947187,0,305
FQA0854,2010-03-08,0.0,1.0,0.0,0.0,0.0,0.06544522697892877,0.11108485902893232,1.0,10.0,0.0,0.0,0.0,7.843533906719075,17.843533906719074,0,306
SOB0360,2010-07-27,0.3078583051599148,1.0,0.0,0.0,0.0,0.294435346526752,0.41266466166364113,0.0,13.078583051599148,0.0,0.0,0.0,4.714000054602621,17.792583106201768,0,307
WDO0870,2011-03-23,0.0,1.0,0.0,0.0,0.0,0.054470477940192163,0.10451469262640689,1.0,10.0,0.0,0.0,0.0,7.726567803777327,17.72656780377733,0,308
VIA0063,2011-04-06,0.19639610121239312,0.0,0.2604962510134471,0.14315965196562597,0.0,0.09265971798450699,0.06058043141205625,1.0,1.9639610121239313,5.209925020268942,2.8631930393125193,0.0,7.688267662643754,17.725346734349145,0,309
CJF0802,2010-10-28,0.909437972810902,0.0,0.0,0.0,0.0,0.15462182986741085,0.1701374256015963,0.9646959613641701,9.09437972810902,0.0,0.0,0.0,8.596368112221183,17.690747840330204,0,310
AOS0987,2011-02-03,1.0,0.0,0.0,0.0,0.0,0.24537534357275742,0.15473958619799724,0.7296247750972861,10.0,0.0,0.0,0.0,7.531598032453605,17.531598032453605,0,311
HPH0075,2011-04-19,0.26349301969610395,0.0,0.0829102887645852,0.204794090787168,0.0,0.5565534159840396,0.5092460686824538,0.28601192211295245,2.6349301969610393,1.6582057752917039,4.09588181574336,0.0,9.012076045196306,17.40109383319241,0,312
CFG0959,2010-11-17,1.0,0.0,0.0,0.0,0.0,0.3105295017040595,0.3124350443631321,0.48107023544236255,10.0,0.0,0.0,0.0,7.360231876730361,17.36023187673036,0,313
HCM0267,2010-05-13,0.0,0.0,0.10507082777377426,0.2759687300702461,0.0,0.6552840492516487,0.5657975872769441,0.23915203529079904,0.0,2.101416555475485,5.519374601404921,0.0,9.734891145462612,17.35568230234302,0,314
BRS0734,2010-04-23,0.19639610121239312,0.0,0.4286974604602204,0.1593602591172037,0.0,0.30037762113726024,0.17900162439636172,0.06325492499762563,1.9639610121239313,8.573949209204407,3.1872051823440737,0.0,3.6175611368749845,17.342676540547394,0,315
HRD0635,2010-05-10,0.4810702354423639,1.0,0.0,0.0,0.0,0.1351690670668749,0.23690714497564797,0.0,14.81070235442364,0.0,0.0,0.0,2.4805080802834856,17.291210434707125,0,316
SSJ0784,2010-02-19,1.0,0.0,0.0,0.0,0.0,0.30400439213681174,0.23443355217562384,0.5462697764065592,10.0,0.0,0.0,0.0,7.231384804793298,17.231384804793297,0,317
EAH0466,2010-02-15,0.2441523901385969,0.0,0.21417986803856212,0.28191221822096535,0.0,0.26349301969610395,0.23242505544801179,0.2289973960193164,2.441523901385969,4.2835973607712425,5.638244364419307,0.0,4.832769807756215,17.19613543433273,0,318
HWY0038,2010-03-17,0.28258461292559944,1.0,0.0,0.0,0.0,0.0,0.1059301689415317,0.5410200575789246,12.825846129255996,0.0,0.0,0.0,4.313001510136376,17.138847639392374,0,319
EHB0420,2010-04-16,0.3946705646668017,1.0,0.0,0.0,0.0,0.12306847246749428,0.2668045658959536,0.08702756309316043,13.946705646668018,0.0,0.0,0.0,3.1793373430440552,17.126042989712072,0,320
ALD0544,2010-11-11,0.19639610121239312,0.0,0.0,0.0,0.0,0.612372435695794,0.6666410189728024,0.9938945618345647,1.9639610121239313,0.0,0.0,0.0,15.152720110021074,17.116681122145003,0,321
JDB0169,2011-03-28,0.0,0.0,0.22321995417306897,0.13475937421307296,0.0,0.48107023544236344,0.4478203789515064,0.5468502095998989,0.0,4.464399083461379,2.695187484261459,0.0,9.838272159958459,16.997858727681297,0,322
FGW0853,2011-04-05,1.0,0.0,0.0,0.0,0.0,0.11601801537469277,0.19083614153337117,0.7347007687038054,10.0,0.0,0.0,0.0,6.943699504079129,16.943699504079127,0,323
MDM0625,2010-06-22,0.5766328940543495,0.0,0.0,0.14466422053856487,0.0,0.38516444325982213,0.2559676950664124,0.5961995369708597,5.766328940543495,0.0,2.8932844107712974,0.0,8.248877835313962,16.908491186628755,0,324
AHC0142,2010-11-10,1.0,0.0,0.0,0.0,0.0,0.46456607174048503,0.46456850217339934,0.08347707330214356,10.0,0.0,0.0,0.0,6.750744314773519,16.75074431477352,0,325
NWK0215,2010-08-01,1.0,0.0,0.0,0.0,0.0,0.2817960034940918,0.3844091946156164,0.34614104916553046,10.0,0.0,0.0,0.0,6.748974981834923,16.748974981834923,0,326
IBP0883,2011-03-30,0.8547043234472846,0.0,0.0,0.0,0.0,0.4913538149119959,0.5586969841603185,0.1687631851389035,8.547043234472847,0.0,0.0,0.0,8.12542656140812,16.672469795880964,0,327
CCH0685,2010-07-06,1.0,0.0,0.0,0.0,0.0,0.0,0.0,1.0,10.0,0.0,0.0,0.0,6.666666666666666,16.666666666666664,0,328
SOG0411,2010-11-05,0.22677868380553634,0.0,0.0,0.0,0.0,0.5278469364439207,0.5920024652815286,1.0,2.2677868380553634,0.0,0.0,0.0,14.132329344836327,16.40011618289169,0,329
JMC0925,2010-08-20,0.4212227100104783,1.0,0.0,0.0,0.0,0.1443210706327091,0.07266705904968765,0.1062915172545805,14.212227100104782,0.0,0.0,0.0,2.155197646246515,16.367424746351297,0,330
SGM0021,2010-11-17,0.0,0.0,0.4742874354529872,0.3423217144521657,0.0,0.0,0.0,0.0,0.0,9.485748709059743,6.846434289043314,0.0,0.0,16.332182998103058,0,331
ZKS0899,2011-01-18,0.0,0.0,0.43674207482417166,0.09021420198581485,0.0,0.43788026951985726,0.4130259736877314,0.0,0.0,8.734841496483433,1.8042840397162971,0.0,5.672708288050591,16.21183382425032,0,332
SED0886,2010-09-15,1.0,0.0,0.0,0.0,0.0,0.09752314191715392,0.22337620772987532,0.6076682806110075,10.0,0.0,0.0,0.0,6.190450868386912,16.19045086838691,0,333
ZFM0468,2011-02-09,0.0,0.0,0.0,0.0,0.0,0.42122271001047806,1.0,1.0,0.0,0.0,0.0,0.0,16.14148473340319,16.14148473340319,0,334
MLD0755,2010-12-02,0.19639610121239312,0.0,0.0,0.0,0.0,0.7071067811865488,0.871811348545225,0.542615503358639,1.9639610121239313,0.0,0.0,0.0,14.143557553936086,16.107518566060016,0,335
JAJ0849,2010-09-29,0.6126575522054604,0.0,0.0,0.0,0.0,0.3401680257083045,0.31531212236948086,0.8283510207236029,6.126575522054604,0.0,0.0,0.0,9.892207792009255,16.01878331406386,0,336
LMF0980,2011-01-10,0.0,0.0,0.0,0.0,0.0,0.6132057504615476,0.789520070232822,1.0,0.0,0.0,0.0,0.0,16.018172137962463,16.018172137962463,0,337
SAC0687,2010-10-22,0.0,0.0,0.0,0.0,0.0,0.6895385519564127,0.7120766911144388,1.0,0.0,0.0,0.0,0.0,16.01076828713901,16.01076828713901,0,338
YIC0195,2010-09-14,1.0,0.0,0.0,0.0,0.0,0.07512801050755669,0.05339750583341997,0.7691257997713393,10.0,0.0,0.0,0.0,5.98434210741544,15.98434210741544,0,339
HSD0457,2010-03-09,0.28535691936340263,0.0,0.0,0.0,0.0,0.2853569193634026,0.6835540138271247,1.0,2.8535691936340264,0.0,0.0,0.0,13.126072887936848,15.979642081570875,0,340
CLF0852,2010-09-29,1.0,0.0,0.0,0.0,0.0,0.4561728856945648,0.34354316439349447,0.09578144546206771,10.0,0.0,0.0,0.0,5.969983303667513,15.969983303667513,0,341
LBH0942,2010-04-20,0.0,0.0,0.42122271001047784,0.0,0.0,0.16309808466586867,0.24414147000327274,0.7236651678558148,0.0,8.424454200209556,0.0,0.0,7.539364816833042,15.9638190170426,0,342
BLB0114,2010-11-12,1.0,0.0,0.0,0.0,0.0,0.3204310477123403,0.26612822096080924,0.27611245411265106,10.0,0.0,0.0,0.0,5.751144818572004,15.751144818572005,0,343
RRC0553,2010-03-02,0.19639610121239312,0.0,0.5277017568863442,0.1503137326580983,0.0,0.032452192644119096,0.0,0.0,1.9639610121239313,10.554035137726885,3.006274653161966,0.0,0.21634795096079396,15.740618753973576,0,344
RJM0381,2010-02-17,0.24415239013859685,1.0,0.0,0.0,0.0,0.2408998739185219,0.2421717797901987,0.0,12.441523901385969,0.0,0.0,0.0,3.2204776913914706,15.66200159277744,0,345
KAL0395,2010-04-28,0.15798095832497447,0.0,0.0,0.0,0.0,0.7338312389731145,0.42383319911424894,0.9401747557920126,1.5798095832497447,0.0,0.0,0.0,13.985594625862507,15.565404209112252,0,346
MDH0686,2010-10-28,1.0,0.0,0.0,0.0,0.0,0.3471450021383743,0.3333134611695088,0.15117658643838067,10.0,0.0,0.0,0.0,5.544233664975091,15.544233664975092,0,347
CWB0065,2010-08-23,1.0,0.0,0.0,0.0,0.0,0.2674078810540403,0.2239487572825635,0.33492427401626323,10.0,0.0,0.0,0.0,5.50853941568578,15.50853941568578,0,348
HBB0056,2010-03-02,0.0,0.0,0.0,0.0,0.0,0.6448907015713019,0.6804750785917159,1.0,0.0,0.0,0.0,0.0,15.50243853442012,15.50243853442012,0,349
DLF0377,2010-11-08,0.22677868380553634,0.0,0.0,0.0,0.0,0.3793163422591569,0.6030277554561313,1.0,2.2677868380553634,0.0,0.0,0.0,13.215627318101921,15.483414156157284,0,350
GAF0570,2010-09-02,0.0,1.0,0.0,0.0,0.0,0.33031519710667434,0.49063057006977057,0.0,10.0,0.0,0.0,0.0,5.472971781176299,15.472971781176298,0,351
SJC0333,2010-09-29,1.0,0.0,0.0,0.0,0.0,0.06652991438591153,0.04559588170845191,0.7048063960344917,10.0,0.0,0.0,0.0,5.4462146141923675,15.446214614192368,0,352
CJP0952,2010-10-20,1.0,0.0,0.0,0.0,0.0,0.19639610121239312,0.06492919929731249,0.5422176684690383,10.0,0.0,0.0,0.0,5.356953126524959,15.35695312652496,0,353
TSB0437,2011-01-20,0.31052950170405935,0.0,0.0,0.0,0.0,0.409946082263854,0.5562105501771366,0.8525422078635078,3.1052950170405937,0.0,0.0,0.0,12.124658935363321,15.229953952403914,0,354
KBP0008,2010-09-13,0.0,0.0,0.0,0.0,0.0,0.7021131542526462,0.7667949771161313,0.8144169985713964,0.0,0.0,0.0,0.0,15.222167532934492,15.222167532934492,0,355
RHY0079,2010-10-19,0.0,0.0,0.0,0.0,0.0,0.6557097537735717,0.6247992133137205,1.0,0.0,0.0,0.0,0.0,15.203393113915283,15.203393113915283,0,356
DTP0379,2010-08-18,0.26349301969610395,1.0,0.0,0.0,0.0,0.10871748701762014,0.06493580360828666,0.21159652393883732,12.634930196961038,0.0,0.0,0.0,2.568332097098294,15.203262294059332,0,357
EJW0884,2011-02-18,0.0,0.0,0.0,0.0,0.0,0.6047613279106593,0.673845330115822,1.0,0.0,0.0,0.0,0.0,15.190711053509876,15.190711053509876,0,358
RTO0313,2011-02-03,0.7081162132225016,0.0,0.0,0.0,0.0,0.35883409085802476,0.44541770386082746,0.4115342735093213,7.081162132225016,0.0,0.0,0.0,8.10524045485449,15.186402587079506,0,359
PEV0323,2011-04-05,0.708116213222499,0.0,0.0,0.0,0.0,0.2412793054613358,0.09696405142697935,0.8718337848270947,7.081162132224989,0.0,0.0,0.0,8.0671809447694,15.148343076994388,0,360
SBK0161,2010-09-29,1.0,0.0,0.0,0.0,0.0,0.44747209410325317,0.3156683744071162,0.0,10.0,0.0,0.0,0.0,5.087603123402462,15.087603123402463,0,361
ANT0430,2011-04-19,0.0,0.0,0.0,0.0,0.0,0.5555988749899614,0.6931451193125988,1.0,0.0,0.0,0.0,0.0,14.991626628683736,14.991626628683736,0,362
AIP0394,2010-07-16,0.9638094061735295,0.0,0.0,0.0,0.0,0.3197160933480964,0.3954725900045595,0.07943754309763708,9.638094061735295,0.0,0.0,0.0,5.297508176335287,14.935602238070583,0,363
RRA0938,2010-08-24,0.0,0.0,0.0,0.0,0.0,0.44536686939157066,0.790619288615867,1.0,0.0,0.0,0.0,0.0,14.906574386716251,14.906574386716251,0,364
SAC0592,2010-03-10,0.0,0.0,0.0,0.0,0.0,0.22677868380553634,1.0,1.0,0.0,0.0,0.0,0.0,14.84519122537024,14.84519122537024,0,365
GBM0603,2010-04-07,0.15798095832497447,0.0,0.0,0.0,0.0,0.5286877747871548,0.7187720850263427,0.7417171326989298,1.5798095832497447,0.0,0.0,0.0,13.261179950082848,14.840989533332593,0,366
HSP0290,2010-03-04,0.0,0.0,0.0,0.0,0.0,0.21096325392232296,1.0,1.0,0.0,0.0,0.0,0.0,14.739755026148817,14.739755026148817,0,367
TJD0996,2010-04-27,0.0,0.0,0.0,0.0,0.0,0.6660836114173058,0.5292535947871208,1.0,0.0,0.0,0.0,0.0,14.635581374696176,14.635581374696176,0,368
XWD0923,2010-11-01,0.0,0.0,0.5766328940543488,0.11784399489363093,0.0,0.039894701662329696,0.07034028779037796,0.0,0.0,11.532657881086976,2.3568798978726186,0.0,0.7348999296847176,14.624437708644312,0,369
SKG0759,2010-08-19,0.0,0.0,0.0,0.0,0.0,0.5999999999999999,0.8573601743559317,0.7348469228349537,0.0,0.0,0.0,0.0,14.614713981272569,14.614713981272569,0,370
MAD0753,2011-02-08,0.19639610121239312,0.0,0.0,0.0,0.0,0.92439466382357,0.9727517559570774,0.0,1.9639610121239313,0.0,0.0,0.0,12.647642798537648,14.61160381066158,0,371
PTH0552,2010-08-12,0.31052950170405935,0.0,0.0,0.0,0.0,0.3478235895888614,0.5048954037632613,0.8708452004751391,3.1052950170405937,0.0,0.0,0.0,11.490427958848413,14.595722975889007,0,372
MSS0001,2010-09-07,0.3401680257083045,0.0,0.0,0.0,0.0,0.5950277754023647,0.5304147572092697,0.5518976770522862,3.4016802570830453,0.0,0.0,0.0,11.182268064426138,14.583948321509183,0,373
RVC0232,2010-10-19,0.1828348200660132,0.0,0.0,0.0,0.0,0.4182822013904012,0.4940915693551019,1.0,1.8283482006601322,0.0,0.0,0.0,12.749158471636688,14.57750667229682,0,374
DRR0242,2011-02-23,0.22677868380553634,0.0,0.0,0.0,0.0,0.43234601527373745,0.4606514578253121,0.9498631623954206,2.2677868380553634,0.0,0.0,0.0,12.285737569963134,14.553524408018497,0,375
KES0729,2010-03-18,0.26349301969610395,1.0,0.0,0.0,0.0,0.0,0.0,0.28176425150962375,12.634930196961038,0.0,0.0,0.0,1.8784283433974915,14.51335854035853,0,376
DLS0383,2010-06-25,0.15798095832497444,0.0,0.0,0.0,0.0,0.4835804959799854,0.5451480134207118,0.9067461449758536,1.5798095832497445,0.0,0.0,0.0,12.90316436251034,14.482973945760085,0,377
LUR0896,2010-04-19,0.48107023544236416,0.0,0.0,0.0,0.0,0.42213254952464957,0.6445074032245917,0.38231585571858606,4.810702354423642,0.0,0.0,0.0,9.659705389785515,14.470407744209156,0,378
AIS0405,2010-02-16,0.0,0.0,0.0,0.0,0.0,0.7236651678558153,0.9855204528180211,0.4594075089461092,0.0,0.0,0.0,0.0,14.457287530799638,14.457287530799638,0,379
BTW0005,2010-03-29,1.0,0.0,0.0,0.0,0.0,0.2534463173070735,0.2852728694799024,0.12779378159114974,10.0,0.0,0.0,0.0,4.443419789187503,14.443419789187503,0,380
NBC0412,2011-01-25,0.0,1.0,0.0,0.0,0.0,0.2841044650477572,0.23218239171477775,0.1498726114419892,10.0,0.0,0.0,0.0,4.441063121363495,14.441063121363495,0,381
CRP0456,2010-08-18,0.31052950170405935,0.0,0.0,0.0,0.0,0.26349301969610395,0.4365397177856015,1.0,3.1052950170405937,0.0,0.0,0.0,11.33355158321137,14.438846600251964,0,382
WKD0013,2011-03-30,1.0,0.0,0.0,0.0,0.0,0.2743792869648119,0.1600247130194194,0.2301173508394899,10.0,0.0,0.0,0.0,4.430142338824808,14.430142338824808,0,383
LQP0508,2010-12-09,0.0,0.0,0.0,0.0,0.0,0.48428506037708174,0.67511669620059,1.0,0.0,0.0,0.0,0.0,14.396011710517811,14.396011710517811,0,384
WBC0315,2010-11-01,0.0,0.0,0.0,0.0,0.0,0.6756810907582464,0.872074242418465,0.5999609468056024,0.0,0.0,0.0,0.0,14.318108533215426,14.318108533215426,0,385
RZC0746,2010-11-29,0.22677868380553629,0.0,0.0,0.0,0.0,0.46109226389329694,0.36998666349113785,0.9759918032442692,2.267786838055363,0.0,0.0,0.0,12.04713820419136,14.314925042246722,0,386
KNB0022,2010-05-26,0.0,0.0,0.0,0.0,0.0,0.5109177296981926,0.6105443119994349,1.0,0.0,0.0,0.0,0.0,14.143080277984186,14.143080277984186,0,387
CEB0210,2010-10-19,0.0,0.0,0.0,0.0,0.0,0.612874491193617,0.6158575769217675,0.8914322012110804,0.0,0.0,0.0,0.0,14.134428462176432,14.134428462176432,0,388
HWM0342,2010-09-14,1.0,0.0,0.0,0.0,0.0,0.3401680257083046,0.279616187916257,0.0,10.0,0.0,0.0,0.0,4.1318947574970775,14.131894757497077,0,389
BCR0581,2011-02-22,1.0,0.0,0.0,0.0,0.0,0.22677868380553634,0.3617586080525398,0.029441020290785436,10.0,0.0,0.0,0.0,4.119855414325744,14.119855414325745,0,390
ABN0239,2010-10-28,0.18283482006601323,0.0,0.0,0.0,0.0,0.5135729991281917,0.5470385470547485,0.7815263336179078,1.8283482006601324,0.0,0.0,0.0,12.28091919867232,14.109267399332452,0,391
CCM0467,2010-09-14,0.2441523901385969,0.0,0.0,0.0,0.0,0.24415239013859685,0.5008120799490756,1.0,2.441523901385969,0.0,0.0,0.0,11.63309646725115,14.074620368637119,0,392
CJM0138,2010-06-25,0.0,0.0,0.0,0.0,0.0,0.3401680257083045,0.7685845887167531,1.0,0.0,0.0,0.0,0.0,14.058350762833715,14.058350762833715,0,393
BER0314,2010-04-23,0.0,0.0,0.0,0.0,0.0,0.619133897681275,0.7146637564028588,0.7741697718967565,0.0,0.0,0.0,0.0,14.053116173205938,14.053116173205938,0,394
MIL0255,2011-04-25,0.0,0.0,0.0,0.0,0.0,0.6718527910801858,0.7847443046615978,0.6485340651773264,0.0,0.0,0.0,0.0,14.034207739460733,14.034207739460733,0,395
ACV0812,2010-10-19,0.6414269805898185,0.0,0.0,0.0,0.0,0.20784609690826553,0.21710811389555032,0.716298295186834,6.414269805898185,0.0,0.0,0.0,7.6083500399376645,14.022619845835848,0,396
CJC0494,2010-10-26,0.0,0.0,0.0,0.0,0.0,0.5444153524236218,0.5525124201534147,1.0,0.0,0.0,0.0,0.0,13.979518483846912,13.979518483846912,0,397
ORB0473,2010-08-09,0.34016802570830446,0.0,0.0,0.0,0.0,0.19639610121239312,0.3840853669538399,1.0,3.4016802570830444,0.0,0.0,0.0,10.536543121108222,13.938223378191267,0,398
SDB0106,2010-07-29,1.0,0.0,0.0,0.0,0.0,0.17217677622847957,0.23540046489352934,0.18231040032556906,10.0,0.0,0.0,0.0,3.9325842763171863,13.932584276317186,0,399
YCE0983,2011-03-01,0.0,0.0,0.0,0.0,0.0,0.4856073890921061,0.6001138712118655,1.0,0.0,0.0,0.0,0.0,13.904808402026479,13.904808402026479,0,400
RHP0484,2010-09-10,0.0,0.0,0.0,0.0,0.0,0.5525641164640881,0.5292902554242984,1.0,0.0,0.0,0.0,0.0,13.879029145922576,13.879029145922576,0,401
NRO0768,2011-01-12,0.0,0.0,0.0,0.0,0.0,0.43234601527373506,0.7092031083886947,0.9396664157949752,0.0,0.0,0.0,0.0,13.874770263049367,13.874770263049367,0,402
GZB0469,2010-03-15,0.2109632539223229,0.0,0.0,0.0,0.0,0.21096325392232296,0.5530403181138729,1.0,2.109632539223229,0.0,0.0,0.0,11.76002381357464,13.86965635279787,0,403
AMW0392,2010-09-07,0.18283482006601323,0.0,0.0,0.0,0.0,0.37282185960071995,0.4284025080250219,1.0,1.8283482006601324,0.0,0.0,0.0,12.008162450838277,13.83651065149841,0,404
JBM0350,2010-03-24,0.7252406676228422,0.0,0.0,0.0,0.0,0.4751957928560534,0.503198896322987,0.009131684776705973,7.252406676228422,0.0,0.0,0.0,6.583509159704976,13.835915835933399,0,405
RGN0408,2011-03-07,0.2109632539223229,0.0,0.0,0.0,0.0,0.39620290784653145,0.4485549165443973,0.9127559507845977,2.109632539223229,0.0,0.0,0.0,11.716758501170174,13.826391040393403,0,406
DPS0262,2010-06-02,0.7081162132224987,0.0,0.0,0.0,0.0,0.3537971364964722,0.20957303013157363,0.44821930333187127,7.081162132224987,0.0,0.0,0.0,6.743929799732781,13.825091931957768,0,407
IUY0279,2010-08-16,0.0,1.0,0.0,0.0,0.0,0.07956194540882354,0.10704325590833393,0.3869659664471627,10.0,0.0,0.0,0.0,3.8238077850954677,13.823807785095468,0,408
HGG0240,2010-12-17,0.0,0.0,0.0,0.0,0.0,0.5511709110705217,0.5182182288735798,1.0,0.0,0.0,0.0,0.0,13.795927599627344,13.795927599627344,0,409
JCV0245,2010-05-21,0.17008401285415226,0.0,0.0,0.0,0.0,0.46086628692514087,0.3527036263891533,1.0,1.7008401285415227,0.0,0.0,0.0,12.090466088761962,13.791306217303486,0,410
CTR0697,2011-03-31,1.0,0.0,0.0,0.0,0.0,0.2441523901385969,0.3218370081087058,0.0,10.0,0.0,0.0,0.0,3.7732626549820187,13.77326265498202,0,411
AIH0675,2010-02-23,0.19639610121239312,0.0,0.0,0.0,0.0,0.5725182260386245,0.5519714296848628,0.6411560504908936,1.9639610121239313,0.0,0.0,0.0,11.77097137476254,13.734932386886472,0,412
VAA0087,2011-04-05,1.0,0.0,0.0,0.0,0.0,0.24494897427831797,0.2145924671252256,0.09552368271908794,10.0,0.0,0.0,0.0,3.7004341608175433,13.700434160817544,0,413
NNS0059,2010-08-16,0.3105295017040595,0.0,0.0,0.0,0.0,0.649106660122458,0.7967094743497747,0.13840596240544406,3.105295017040595,0.0,0.0,0.0,10.561480645851178,13.666775662891773,0,414
TBT0461,2010-08-19,0.34016802570830446,0.0,0.0,0.0,0.0,0.21096325392232296,0.32857191360541854,1.0,3.4016802570830444,0.0,0.0,0.0,10.263567783518276,13.66524804060132,0,415
HKR0628,2010-10-05,0.49135381491199537,0.0,0.0,0.0,0.0,0.5518263058871875,0.5510857737677366,0.20677297852846147,4.913538149119954,0.0,0.0,0.0,8.731233721222571,13.644771870342524,0,416
TVS0050,2010-04-16,0.20687782491671278,1.0,0.0,0.0,0.0,0.1632440897584312,0.0703927256010258,0.0,12.068778249167128,0.0,0.0,0.0,1.5575787690630465,13.626357018230173,0,417
AMH0464,2010-08-19,0.2109632539223229,0.0,0.0,0.0,0.0,0.4212227100104785,0.30207381203231926,1.0,2.109632539223229,0.0,0.0,0.0,11.488643480285319,13.598276019508548,0,418
RAM0447,2011-03-09,0.26349301969610395,0.0,0.0,0.0,0.0,0.22677868380553634,0.4147656735033257,1.0,2.6349301969610393,0.0,0.0,0.0,10.943629048725747,13.578559245686787,0,419
NAB0801,2011-01-06,0.0,0.0,0.0,0.0,0.0,0.5251088396982359,0.5116588270845479,1.0,0.0,0.0,0.0,0.0,13.578451111885226,13.578451111885226,0,420
HJA0018,2011-01-20,0.2441523901385969,0.0,0.0,0.0,0.0,0.5880776743675866,0.6873925579889888,0.39484692718076986,2.441523901385969,0.0,0.0,0.0,11.135447730248968,13.576971631634937,0,421
AJL0462,2010-11-17,0.49135381491199537,0.0,0.0,0.0,0.0,0.18283482006601323,0.287383632544968,0.8283510207236031,4.913538149119954,0.0,0.0,0.0,8.657129822230564,13.570667971350517,0,422
QPM0727,2010-04-27,0.14638501094227996,0.0,0.0,0.0,0.0,0.8151088099395221,1.0,0.0,1.4638501094227996,0.0,0.0,0.0,12.100725399596815,13.564575509019615,0,423
FIR0920,2010-08-12,1.0,0.0,0.0,0.0,0.0,0.22321995417306847,0.19111781386564736,0.11523319193960624,10.0,0.0,0.0,0.0,3.5304730665221467,13.530473066522147,0,424
KPP0452,2011-03-18,0.22677868380553634,0.0,0.0,0.0,0.0,0.26349301969610395,0.42475442321716333,1.0,2.2677868380553634,0.0,0.0,0.0,11.254982952755114,13.522769790810477,0,425
KCB0815,2010-05-18,0.0,0.0,0.0,0.0,0.0,0.5422080293008651,0.48485004033340884,1.0,0.0,0.0,0.0,0.0,13.513720464228491,13.513720464228491,0,426
THD0448,2011-02-01,0.37606990231680526,0.0,0.0,0.0,0.0,0.19639610121239312,0.2620298484675705,1.0,3.7606990231680526,0.0,0.0,0.0,9.72283966453309,13.483538687701143,0,427
MLG0475,2010-10-22,0.0,0.0,0.0,0.0,0.0,0.22677868380553634,0.7938247041206286,1.0,0.0,0.0,0.0,0.0,13.4706892528411,13.4706892528411,0,428
RLB0719,2011-05-13,1.0,0.0,0.0,0.0,0.0,0.18283482006601323,0.3290575355932771,0.0,10.0,0.0,0.0,0.0,3.4126157043952694,13.41261570439527,0,429
FXF0957,2010-11-12,0.0,0.0,0.0,0.0,0.0,0.24415239013859685,0.7662948846026687,1.0,0.0,0.0,0.0,0.0,13.402981831608436,13.402981831608436,0,430
BMC0547,2010-09-15,0.2441523901385969,0.0,0.0,0.0,0.0,0.7688844775523432,0.8712117066379468,0.0,2.441523901385969,0.0,0.0,0.0,10.9339745612686,13.37549846265457,0,431
JKF0465,2010-07-31,0.2853569193634026,0.0,0.0,0.0,0.0,0.21096325392232296,0.36495399543478585,1.0,2.8535691936340255,0.0,0.0,0.0,10.506114995714057,13.359684189348084,0,432
IJR0825,2010-04-21,0.0,0.0,0.0,0.0,0.0,0.3401680257083045,0.6619022292067166,1.0,0.0,0.0,0.0,0.0,13.347135032766808,13.347135032766808,0,433
SBD0913,2010-05-19,0.0,0.0,0.0,0.0,0.0,0.5205197081288302,0.4807416317092222,1.0,0.0,0.0,0.0,0.0,13.341742265587015,13.341742265587015,0,434
GLR0975,2010-10-19,0.19639610121239312,0.0,0.0,0.0,0.0,0.3590662493587657,0.34742111951228893,1.0,1.9639610121239313,0.0,0.0,0.0,11.376582459140366,13.340543471264297,0,435
ELB0847,2010-05-27,1.0,0.0,0.0,0.0,0.0,0.2109632539223229,0.28882974494307545,0.0,10.0,0.0,0.0,0.0,3.331953325769322,13.331953325769323,0,436
AAV0450,2010-03-05,0.24415239013859685,0.0,0.0,0.0,0.0,0.22677868380553634,0.40207501200204454,1.0,2.4415239013859686,0.0,0.0,0.0,10.859024638717205,13.300548540103174,0,437
GDF0704,2010-08-12,0.0,1.0,0.0,0.0,0.0,0.2441523901385969,0.24763618145691152,0.0,10.0,0.0,0.0,0.0,3.2785904773033896,13.27859047730339,0,438
ADC0391,2010-08-11,0.3105295017040595,0.0,0.0,0.0,0.0,0.3408139660492657,0.20319898305789125,0.9801878361161606,3.105295017040595,0.0,0.0,0.0,10.161338568155449,13.266633585196043,0,439
ICS0956,2010-09-09,0.0,0.0,0.0,0.0,0.0,0.22677868380553634,0.7617282987195692,1.0,0.0,0.0,0.0,0.0,13.256713216834035,13.256713216834035,0,440
HIA0414,2010-11-17,0.2109632539223229,0.0,0.0,0.0,0.0,0.32727371512719405,0.36504305841020235,0.9767679510774808,2.109632539223229,0.0,0.0,0.0,11.127231497432515,13.236864036655744,0,441
WPE0538,2010-04-20,0.0,0.0,0.0,0.0,0.0,0.4077452116646718,0.5750735502270844,1.0,0.0,0.0,0.0,0.0,13.218791745945042,13.218791745945042,0,442
ONW0083,2010-10-19,0.2109632539223229,0.0,0.0,0.0,0.0,0.5122412891143109,0.3733269904961475,0.7783413059377893,2.109632539223229,0.0,0.0,0.0,11.092730570321649,13.202363109544878,0,443
NMG0766,2010-04-23,0.0,0.0,0.0,0.0,0.0,0.434652767380263,0.5446135700131617,1.0,0.0,0.0,0.0,0.0,13.195108915956164,13.195108915956164,0,444
WVB0539,2011-04-05,0.0,0.0,0.0,0.0,0.0,0.4636192601431198,0.5110198423596902,1.0,0.0,0.0,0.0,0.0,13.164260683352067,13.164260683352067,0,445
FWM0707,2010-08-23,1.0,0.0,0.0,0.0,0.0,0.3105295017040594,0.16192121292041078,0.0,10.0,0.0,0.0,0.0,3.1496714308298013,13.149671430829802,0,446
PGC0066,2010-10-26,0.19639610121239312,0.0,0.0,0.0,0.0,0.607143407965978,0.5397768080311549,0.5298911146999408,1.9639610121239313,0.0,0.0,0.0,11.178742204647156,13.142703216771087,0,447
DDA0476,2010-05-13,0.0,0.0,0.0,0.0,0.0,0.5204486273166282,0.6206115095171836,0.8290903923466784,0.0,0.0,0.0,0.0,13.134336861203268,13.134336861203268,0,448
MBG0438,2010-08-23,0.26349301969610395,0.0,0.0,0.0,0.0,0.37205758465483124,0.49595958685944586,0.7058829057936805,2.6349301969610393,0.0,0.0,0.0,10.49266718205305,13.127597379014091,0,449
PIS0522,2011-02-15,0.0,0.0,0.0,0.0,0.0,0.4539206495016014,0.5106295664383891,1.0,0.0,0.0,0.0,0.0,13.097001439599936,13.097001439599936,0,450
GCG0951,2011-03-29,0.0,0.0,0.0,0.0,0.0,0.5487312555189564,0.4151421937426423,1.0,0.0,0.0,0.0,0.0,13.092489661743992,13.092489661743992,0,451
AKW0167,2011-05-03,0.0,0.0,0.0,0.0,0.0,0.414211231511082,0.5486938251533853,1.0,0.0,0.0,0.0,0.0,13.086033711096448,13.086033711096448,0,452
HLM0933,2010-10-14,0.0,0.0,0.0,0.0,0.0,0.5555988749899614,0.5765870226644991,0.8273138115153191,0.0,0.0,0.0,0.0,13.063331394465198,13.063331394465198,0,453
WLV0566,2011-01-24,0.0,0.0,0.0,0.0,0.0,0.4181238885867393,0.6750306197036121,0.8648888870168501,0.0,0.0,0.0,0.0,13.053622635381343,13.053622635381343,0,454
CMS0454,2010-03-10,0.26349301969610395,0.0,0.0,0.0,0.0,0.2441523901385969,0.3155026288702468,1.0,2.6349301969610393,0.0,0.0,0.0,10.397700126725624,13.032630323686664,0,455
COF0120,2010-12-07,0.566946709513841,0.0,0.0,0.0,0.0,0.2248757208905266,0.3019264205113777,0.5767706103195287,5.66946709513841,0.0,0.0,0.0,7.357151678142886,13.026618773281296,0,456
ETR0428,2010-09-14,0.263493019696104,1.0,0.0,0.0,0.0,0.0,0.0,0.05755814222959774,12.63493019696104,0.0,0.0,0.0,0.3837209481973183,13.018651145158358,0,457
IIA0092,2011-04-27,0.0,0.0,0.0,0.0,0.0,0.5109998817229597,0.5451930570236283,0.8962735288791004,0.0,0.0,0.0,0.0,13.01644311750459,13.01644311750459,0,458
BCB0679,2010-04-07,0.19639610121239312,0.0,0.0,0.0,0.0,0.6736244711280401,0.7622538061382836,0.22067488300296317,1.9639610121239313,0.0,0.0,0.0,11.04368773512858,13.007648747252512,0,459
LEM0605,2010-11-24,0.19639610121239312,0.0,0.0,0.0,0.0,0.35492277052147403,0.31136704586563946,0.9856815154502874,1.9639610121239313,0.0,0.0,0.0,11.013142212249338,12.97710322437327,0,460
SGS0268,2011-03-17,0.0,0.0,0.0,0.0,0.0,0.41572096442900364,0.528881181403362,1.0,0.0,0.0,0.0,0.0,12.964014305549105,12.964014305549105,0,461
UJC0737,2011-02-14,0.22677868380553634,0.0,0.0,0.0,0.0,0.5951431640925293,0.435826383488877,0.5734625668597322,2.2677868380553634,0.0,0.0,0.0,10.696214096274257,12.96400093432962,0,462
NAF0033,2010-07-15,0.0,0.0,0.0,0.0,0.0,0.36371799422826046,0.5785267683241251,1.0,0.0,0.0,0.0,0.0,12.948298417015904,12.948298417015904,0,463
IMB0481,2010-10-07,0.0,0.0,0.0,0.0,0.0,0.4590733446371839,0.712857575379217,0.7683791741100825,0.0,0.0,0.0,0.0,12.935400627509889,12.935400627509889,0,464
MLP0668,2010-03-31,0.1828348200660132,0.0,0.0,0.0,0.0,0.48560738909210627,0.6579617796780303,0.5218393429860397,1.8283482006601322,0.0,0.0,0.0,11.102723411707842,12.931071612367974,0,465
ENC0234,2010-08-11,0.376069902316805,0.0,0.0,0.0,0.0,0.33030808293415076,0.28228326816607946,0.7580794057234768,3.76069902316805,0.0,0.0,0.0,9.13780504549138,12.89850406865943,0,466
JJB0700,2011-05-05,1.0,0.0,0.0,0.0,0.0,0.21096325392232296,0.22204276918294327,0.0,10.0,0.0,0.0,0.0,2.8867068207017748,12.886706820701775,0,467
HKI0171,2010-09-28,0.0,0.0,0.0,0.0,0.0,0.4682294206974544,0.46286482184923516,1.0,0.0,0.0,0.0,0.0,12.87396161697793,12.87396161697793,0,468
BAM0636,2010-02-24,0.0,0.0,0.0,0.0,0.0,0.36732539901777167,0.5611316365086598,1.0,0.0,0.0,0.0,0.0,12.856380236842877,12.856380236842877,0,469
KRG0158,2010-11-10,0.0,0.0,0.0,0.0,0.0,0.4402427645954906,0.4842701043404216,1.0,0.0,0.0,0.0,0.0,12.83008579290608,12.83008579290608,0,470
SIJ0661,2011-02-08,0.2267786838055364,0.0,0.0,0.0,0.0,0.37450089008259796,0.6420769082025504,0.5669467095138412,2.267786838055364,0.0,0.0,0.0,10.556830051993263,12.824616890048627,0,471
PKB0429,2010-08-24,0.0,0.0,0.0,0.0,0.0,0.8338559898355667,0.9932402139087326,0.09420874371327644,0.0,0.0,0.0,0.0,12.80869964971717,12.80869964971717,0,472
HDJ0446,2010-03-24,0.18283482006601323,0.0,0.0,0.0,0.0,0.2441523901385969,0.4014030117039182,1.0,1.8283482006601324,0.0,0.0,0.0,10.970369345616769,12.798717546276901,0,473
BSB0990,2010-07-02,0.0,0.0,0.0,0.0,0.0,0.4561679208082506,0.587704340657145,0.8729969709799716,0.0,0.0,0.0,0.0,12.77912821630245,12.77912821630245,0,474
HPR0585,2010-02-26,0.0,0.0,0.0,0.0,0.0,0.2853569193634026,0.6290001150535065,1.0,0.0,0.0,0.0,0.0,12.762380229446062,12.762380229446062,0,475
CCC0393,2010-09-14,0.24415239013859685,0.0,0.0,0.0,0.0,0.4429573118532108,0.3333405289207028,0.7661106232942168,2.4415239013859686,0.0,0.0,0.0,10.282723093787535,12.724246995173504,0,476
GAF0060,2010-11-23,0.19639610121239312,0.0,0.0,0.0,0.0,0.20404858567160358,0.4096064006575513,1.0,1.9639610121239313,0.0,0.0,0.0,10.757699908861031,12.721660920984963,0,477
DZC0228,2011-01-25,0.37606990231680526,0.0,0.0,0.0,0.0,0.47262242140944827,0.8693328920686187,0.0,3.7606990231680526,0.0,0.0,0.0,8.946368756520448,12.7070677796885,0,478
CSP0197,2010-02-12,0.0,0.0,0.0,0.0,0.0,0.6396021490668314,0.9222216049442006,0.3407015967838836,0.0,0.0,0.0,0.0,12.68350233863277,12.68350233863277,0,479
TYB0779,2010-09-21,0.0,0.0,0.0,0.0,0.0,0.4644427332203934,0.5125761439685438,0.9248077968301545,0.0,0.0,0.0,0.0,12.67884449346061,12.67884449346061,0,480
LRW0970,2011-05-05,0.0,0.0,0.0,0.0,0.0,0.5891883036371793,1.0,0.31188005576980615,0.0,0.0,0.0,0.0,12.673789062713237,12.673789062713237,0,481
LHN0151,2010-02-19,0.0,0.0,0.0,0.0,0.0,0.3415824518744654,0.6496613813897514,0.9094379728109022,0.0,0.0,0.0,0.0,12.671212040500794,12.671212040500794,0,482
HIW0536,2011-02-10,0.31052950170405935,0.0,0.0,0.0,0.0,0.6047721690028875,0.7069379177714744,0.12113066152707135,3.1052950170405937,0.0,0.0,0.0,9.552271655342889,12.657566672383481,0,483
SVL0803,2010-11-22,0.0,0.0,0.0,0.0,0.0,0.46029651380287123,0.4360092819726325,1.0,0.0,0.0,0.0,0.0,12.642038638503356,12.642038638503356,0,484
NCO0666,2010-07-29,0.26349301969610395,1.0,0.0,0.0,0.0,0.0,0.0,0.0,12.634930196961038,0.0,0.0,0.0,0.0,12.634930196961038,0,485
OJK0233,2010-11-24,0.15798095832497447,0.0,0.0,0.0,0.0,0.3438821291285149,0.49827226979017736,0.8146179581977494,1.5798095832497447,0.0,0.0,0.0,11.045149047442944,12.624958630692689,0,486
SPA0141,2010-08-17,0.481070235442364,0.0,0.0,0.0,0.0,0.3379065921324312,0.5848814136222951,0.24905172107906465,4.81070235442364,0.0,0.0,0.0,7.812264845558605,12.622967199982245,0,487
ABH0663,2010-10-21,0.0,0.0,0.0,0.0,0.0,0.32504180333157684,0.568260002464992,1.0,0.0,0.0,0.0,0.0,12.62201203864379,12.62201203864379,0,488
ABC0253,2010-11-19,0.0,0.0,0.0,0.0,0.0,0.3513240262614718,0.5401566171674018,1.0,0.0,0.0,0.0,0.0,12.609870956192491,12.609870956192491,0,489
JPA0667,2011-02-04,0.26349301969610395,0.0,0.0,0.0,0.0,0.49222235096077815,0.5298863657829672,0.47362255870287706,2.6349301969610393,0.0,0.0,0.0,9.971541836310816,12.606472033271857,0,490
OKB0439,2010-06-24,0.0,0.0,0.0,0.0,0.0,0.777245025702,0.7834870085824146,0.3253896563591566,0.0,0.0,0.0,0.0,12.574144604290476,12.574144604290476,0,491
FHO0630,2010-03-10,0.2441523901385969,0.0,0.0,0.0,0.0,0.24687529114276266,0.2702738926861888,1.0,2.441523901385969,0.0,0.0,0.0,10.114327892193009,12.555851793578977,0,492
ARA0252,2011-02-03,0.28535691936340263,0.0,0.0,0.0,0.0,0.5015062044362638,0.44229033286687197,0.5103109421168888,2.8535691936340264,0.0,0.0,0.0,9.694049862800163,12.54761905643419,0,493
JAM0382,2010-11-15,0.0,0.0,0.0,0.0,0.0,0.41812388858674004,0.463668538885015,1.0,0.0,0.0,0.0,0.0,12.5452828498117,12.5452828498117,0,494
MJB0588,2010-10-15,0.0,0.0,0.0,0.0,0.0,0.5082528914895181,0.3717427766640077,1.0,0.0,0.0,0.0,0.0,12.53330445435684,12.53330445435684,0,495
KKS0119,2011-02-17,0.0,0.0,0.0,0.0,0.0,0.5473472765035838,0.6575568584818303,0.6745571214480567,0.0,0.0,0.0,0.0,12.529741709556472,12.529741709556472,0,496
GJT0386,2010-12-20,0.19639610121239312,0.0,0.0,0.0,0.0,0.2411482310538568,0.3390321137131379,1.0,1.9639610121239313,0.0,0.0,0.0,10.534535631779963,12.498496643903895,0,497
VLB0647,2010-12-01,0.0,0.0,0.0,0.0,0.0,0.4842850603770814,0.38999930006610023,1.0,0.0,0.0,0.0,0.0,12.49522906962121,12.49522906962121,0,498
RIH0777,2010-03-26,0.0,0.0,0.0,0.0,0.0,0.369462116649458,0.5005528626599663,1.0,0.0,0.0,0.0,0.0,12.466766528729496,12.466766528729496,0,499
PLH0715,2010-10-07,0.0,0.0,0.0,0.0,0.0,0.2109632539223229,0.6549809487293821,1.0,0.0,0.0,0.0,0.0,12.439628017678032,12.439628017678032,0,500
BEC0505,2010-04-21,0.0,0.0,0.0,0.0,0.0,0.647191088462548,0.5885393455119023,0.628965218535467,0.0,0.0,0.0,0.0,12.431304350066117,12.431304350066117,0,501
EZH0736,2010-10-05,0.24415239013859685,0.0,0.0,0.0,0.0,0.3552790863413008,0.16633657572202004,0.9766641365982378,2.4415239013859686,0.0,0.0,0.0,9.988531991077057,12.430055892463026,0,502
KDT0346,2010-04-20,0.0,0.0,0.0,0.0,0.0,0.36728745420888664,0.4968639577046968,1.0,0.0,0.0,0.0,0.0,12.427676079423888,12.427676079423888,0,503
NJC0705,2011-02-11,0.0,0.0,0.0,0.0,0.0,0.21096325392232296,0.653071701907143,1.0,0.0,0.0,0.0,0.0,12.426899705529772,12.426899705529772,0,504
AOB0019,2011-03-15,0.22677868380553629,0.0,0.0,0.0,0.0,0.30952617274295746,0.2140812240979244,1.0,2.267786838055363,0.0,0.0,0.0,10.157382645605878,12.425169483661241,0,505
ASL0378,2011-03-22,0.26349301969610395,0.0,0.0,0.0,0.0,0.45325472762013774,0.38395671527378417,0.6287028247737647,2.6349301969610393,0.0,0.0,0.0,9.772761784451244,12.407691981412285,0,506
UCH0519,2010-04-22,0.0,0.0,0.0,0.0,0.0,0.4378802695198571,0.5934471478672407,0.8283510207236026,0.0,0.0,0.0,0.0,12.397856254071336,12.397856254071336,0,507
EIM0156,2010-06-02,0.0,0.0,0.0,0.0,0.0,0.5609007309002121,0.4413218332896135,0.8553524271408955,0.0,0.0,0.0,0.0,12.38383327553814,12.38383327553814,0,508
SRS0231,2011-04-14,0.22677868380553634,0.0,0.0,0.0,0.0,0.2386776758874464,0.27829534205588524,1.0,2.2677868380553634,0.0,0.0,0.0,10.113153452955544,12.380940291010907,0,509
CNE0352,2011-05-03,0.24415239013859685,0.0,0.0,0.0,0.0,0.5095948328482028,0.47756390145660965,0.5027953145572679,2.4415239013859686,0.0,0.0,0.0,9.933026992413868,12.374550893799837,0,510
RDM0115,2011-03-07,0.0,0.0,0.0,0.0,0.0,0.7169117243832503,0.9229921198640753,0.21570361116208048,0.0,0.0,0.0,0.0,12.370716369396042,12.370716369396042,0,511
MMG0943,2010-12-28,0.4212227100104782,0.0,0.0,0.0,0.0,0.3132221385983249,0.20213101558498972,0.7060180864974589,4.212227100104782,0.0,0.0,0.0,8.142474937871823,12.354702037976605,0,512
MES0407,2011-01-13,0.22677868380553634,0.0,0.0,0.0,0.0,0.3220415021467264,0.18857866457975977,1.0,2.2677868380553634,0.0,0.0,0.0,10.070801111509908,12.338587949565271,0,513
SLP0762,2011-04-08,0.0,0.0,0.0,0.0,0.0,0.3552866046286736,0.49453402764503923,1.0,0.0,0.0,0.0,0.0,12.332137548491417,12.332137548491417,0,514
SDO0170,2011-01-24,0.0,0.0,0.0,0.0,0.0,0.7476724446621285,0.8404111021710726,0.2615944348636806,0.0,0.0,0.0,0.0,12.331186544645877,12.331186544645877,0,515
AWM0764,2010-09-08,0.0,0.0,0.0,0.0,0.0,0.3864510854033806,0.46304559498361375,1.0,0.0,0.0,0.0,0.0,12.32997786924663,12.32997786924663,0,516
MHH0180,2010-02-06,0.0,0.0,0.0,0.0,0.0,0.42213254952464946,0.46910103528876734,0.9581231653602789,0.0,0.0,0.0,0.0,12.32904500115797,12.32904500115797,0,517
HGN0287,2010-09-16,0.0,0.0,0.0,0.0,0.0,0.45544326916595396,0.3851161430256695,1.0,0.0,0.0,0.0,0.0,12.270396081277488,12.270396081277488,0,518
SVL0940,2010-11-23,0.0,0.0,0.0,0.0,0.0,0.46443558874053237,0.6283734731482532,0.7466553054784149,0.0,0.0,0.0,0.0,12.263095782448003,12.263095782448003,0,519
JJH0292,2010-08-23,0.0,0.0,0.0,0.0,0.0,0.24415239013859685,0.925440124201249,0.6647986204782657,0.0,0.0,0.0,0.0,12.229274232120744,12.229274232120744,0,520
LHL0309,2010-12-27,0.0,0.0,0.0,0.0,0.0,0.49698756215344486,0.48790499264749326,0.849334091174493,0.0,0.0,0.0,0.0,12.228177639836206,12.228177639836206,0,521
RYB0718,2010-04-29,0.0,0.0,0.0,0.0,0.0,0.26349301969610395,0.570181488582217,1.0,0.0,0.0,0.0,0.0,12.224496721855473,12.224496721855473,0,522
EWH0191,2011-02-15,0.0,0.0,0.0,0.0,0.0,0.5804752425456133,0.5482567491576632,0.7041789053190297,0.0,0.0,0.0,0.0,12.219405980148707,12.219405980148707,0,523
PGO0433,2011-03-10,0.0,0.0,0.0,0.0,0.0,0.6214078150073149,0.6037260010051919,0.6069954668708046,0.0,0.0,0.0,0.0,12.214195219222077,12.214195219222077,0,524
SJF0094,2010-12-20,0.0,0.0,0.0,0.0,0.0,0.501768733247561,0.37136835448184646,0.9568203421610832,0.0,0.0,0.0,0.0,12.199716199269936,12.199716199269936,0,525
JMW0638,2010-06-28,0.0,0.0,0.0,0.0,0.0,0.4323460152737354,0.4078246979116932,0.9891739021403338,0.0,0.0,0.0,0.0,12.195630768838416,12.195630768838416,0,526
AKC0924,2011-01-19,0.0,0.0,0.0,0.0,0.0,0.6077013344185646,0.4571594873069819,0.7635310025380336,0.0,0.0,0.0,0.0,12.189278828423866,12.189278828423866,0,527
EZT0640,2010-03-04,0.566946709513841,0.0,0.0,0.0,0.0,0.3777397420014377,0.5993923201950057,0.0,5.66946709513841,0.0,0.0,0.0,6.514213747976289,12.183680843114699,0,528
HCC0344,2010-08-09,0.0,0.0,0.0,0.0,0.0,0.4099460822638544,0.4172701756199781,1.0,0.0,0.0,0.0,0.0,12.18144171922555,12.18144171922555,0,529
RAS0432,2010-06-25,0.15798095832497447,0.0,0.0,0.0,0.0,0.3340404935725342,0.2560278059185622,1.0,1.5798095832497447,0.0,0.0,0.0,10.600455329940644,12.180264913190388,0,530
PTH0830,2010-11-28,0.0,0.0,0.0,0.0,0.0,0.2267786838055364,0.5992068750018282,1.0,0.0,0.0,0.0,0.0,12.173237058715765,12.173237058715765,0,531
DLH0029,2010-09-10,0.0,0.0,0.0,0.0,0.0,0.40006157161585054,0.4232690328125416,1.0,0.0,0.0,0.0,0.0,12.155537362855949,12.155537362855949,0,532
TEM0977,2010-09-21,0.2853569193634026,0.0,0.0,0.0,0.0,0.6376396935527228,0.7571912616338562,0.0,2.8535691936340255,0.0,0.0,0.0,9.298873034577193,12.152442228211218,0,533
AGB0643,2011-04-04,0.0,0.0,0.0,0.0,0.0,0.3575848536962309,0.4637279177464818,1.0,0.0,0.0,0.0,0.0,12.142085142951418,12.142085142951418,0,534
AKH0758,2011-02-09,0.0,0.0,0.0,0.0,0.0,0.40896574742082625,0.41161555280049333,1.0,0.0,0.0,0.0,0.0,12.13720866814213,12.13720866814213,0,535
FBA0348,2010-10-01,1.0,0.0,0.0,0.0,0.0,0.17320508075688767,0.14703790157732524,0.0,10.0,0.0,0.0,0.0,2.1349532155614193,12.134953215561419,0,536
BSS0463,2010-03-18,0.2441523901385969,0.0,0.0,0.0,0.0,0.2441523901385969,0.235769801392183,0.9729112255165054,2.441523901385969,0.0,0.0,0.0,9.68555611364857,12.127080015034538,0,537
SCF0608,2010-08-23,0.2267786838055364,0.0,0.0,0.0,0.0,0.43255082154541735,0.5710429679465789,0.47350358128768794,2.267786838055364,0.0,0.0,0.0,9.847315805197894,12.115102643253259,0,538
GQF0659,2010-12-17,0.0,0.0,0.0,0.0,0.0,0.42898017585419923,0.38735939981491463,1.0,0.0,0.0,0.0,0.0,12.10893050446076,12.10893050446076,0,539
BLL0929,2010-06-04,0.0,0.0,0.0,0.0,0.0,0.3818975639391821,0.5020513251840255,0.9303808244701453,0.0,0.0,0.0,0.0,12.095531423955686,12.095531423955686,0,540
BJW0619,2011-03-28,0.37606990231680526,0.0,0.0,0.0,0.0,0.15085093654628082,0.12945691268317688,0.9687656792715801,3.7606990231680526,0.0,0.0,0.0,8.327156856673584,12.087855879841637,0,541
TOR0193,2011-03-07,1.0,0.0,0.0,0.0,0.0,0.0,0.0,0.31284270868736547,10.0,0.0,0.0,0.0,2.0856180579157697,12.08561805791577,0,542
LDB0090,2010-06-04,0.0,0.0,0.0,0.0,0.0,0.3822034517379193,0.4298927500901395,1.0,0.0,0.0,0.0,0.0,12.080641345520393,12.080641345520393,0,543
BHC0665,2010-11-12,0.0,0.0,0.0,0.0,0.0,0.5356147093602983,0.6233639381364052,0.6513294755810181,0.0,0.0,0.0,0.0,12.068720820518147,12.068720820518147,0,544
LOF0311,2010-03-19,0.0,0.0,0.0,0.0,0.0,0.6173949065130316,0.8358251943460134,0.35694784591853523,0.0,0.0,0.0,0.0,12.067786311850535,12.067786311850535,0,545
NMB0972,2010-06-24,0.0,0.0,0.0,0.0,0.0,0.2441523901385969,0.5640621020503396,1.0,0.0,0.0,0.0,0.0,12.054763281259577,12.054763281259577,0,546
LNS0989,2011-01-31,1.0,0.0,0.0,0.0,0.0,0.24114823105385672,0.06676270698517868,0.0,10.0,0.0,0.0,0.0,2.0527395869269025,12.052739586926903,0,547
HAH0248,2010-03-29,0.17008401285415223,0.0,0.0,0.0,0.0,0.11537551313907728,0.4367631138022844,1.0,1.7008401285415222,0.0,0.0,0.0,10.347590846275745,12.048430974817267,0,548
SMH0291,2010-04-14,0.0,0.0,0.0,0.0,0.0,0.22677868380553634,0.5796687447627786,1.0,0.0,0.0,0.0,0.0,12.0429828571221,12.0429828571221,0,549
KVS0425,2011-02-23,0.0,0.0,0.0,0.0,0.0,0.3914354031980843,0.41290325616080653,1.0,0.0,0.0,0.0,0.0,12.028924395725939,12.028924395725939,0,550
CQH0730,2011-04-06,0.22677868380553634,0.0,0.0,0.0,0.0,0.36204224771107274,0.5717340940840664,0.5303300858899106,2.2677868380553634,0.0,0.0,0.0,9.760709517900331,12.028496355955694,0,551
NCH0179,2010-05-04,0.0,0.0,0.0,0.0,0.0,0.6339991224111,0.5699138499687015,0.6003297434100787,0.0,0.0,0.0,0.0,12.028284771932533,12.028284771932533,0,552
ARB0834,2010-02-19,0.0,0.0,0.0,0.0,0.0,0.26349301969610395,0.5375504400789137,1.0,0.0,0.0,0.0,0.0,12.006956398500117,12.006956398500117,0,553
FRR0832,2010-02-22,0.0,0.0,0.0,0.0,0.0,0.2441523901385969,0.5561604169096683,1.0,0.0,0.0,0.0,0.0,12.002085380321768,12.002085380321768,0,554
AKK0329,2010-11-29,0.0,0.0,0.0,0.0,0.0,0.5204486273166284,0.3401720903019239,0.9391485505499109,0.0,0.0,0.0,0.0,11.998461787789754,11.998461787789754,0,555
EPW0434,2010-07-07,0.0,0.0,0.0,0.0,0.0,0.4816707691845288,0.6014286093586798,0.7142697068577826,0.0,0.0,0.0,0.0,11.982460569339942,11.982460569339942,0,556
JAD0609,2011-04-26,0.19953863837052957,0.0,0.0,0.0,0.0,0.3389304844502333,0.37211489141794474,0.7867569679225508,1.9953863837052956,0.0,0.0,0.0,9.98534895860486,11.980735342310155,0,557
XRS0633,2010-10-29,0.0,0.0,0.0,0.0,0.0,0.47164449226368915,0.4704881498526922,0.8547043234472806,0.0,0.0,0.0,0.0,11.978913103757748,11.978913103757748,0,558
GCC0945,2010-03-19,0.0,0.0,0.0,0.0,0.0,0.26349301969610395,0.5316028097412223,1.0,0.0,0.0,0.0,0.0,11.967305529582175,11.967305529582175,0,559
CJM0521,2010-11-10,0.0,0.0,0.0,0.0,0.0,0.40896574742082625,0.38404299812402043,1.0,0.0,0.0,0.0,0.0,11.953391636965645,11.953391636965645,0,560
MSG0839,2010-03-15,0.0,0.0,0.0,0.0,0.0,0.34016802570830446,0.45262732961051355,1.0,0.0,0.0,0.0,0.0,11.951969035458788,11.951969035458788,0,561
IMG0320,2010-03-19,0.0,0.0,0.0,0.0,0.0,0.443249245619912,0.5518888371346468,0.7976045993949742,0.0,0.0,0.0,0.0,11.951617880996885,11.951617880996885,0,562
AHG0634,2010-06-24,1.0,0.0,0.0,0.0,0.0,0.11920791213585394,0.17176509254886288,0.0,10.0,0.0,0.0,0.0,1.9398200312314453,11.939820031231445,0,563
NGO0690,2010-08-03,0.0,0.0,0.0,0.0,0.0,0.5066881874039082,0.602663787987847,0.6798641469195851,0.0,0.0,0.0,0.0,11.928107482075603,11.928107482075603,0,564
IMP0530,2011-04-13,0.0,0.0,0.0,0.0,0.0,0.3552866046286736,0.49904837094560806,0.9340155743710566,0.0,0.0,0.0,0.0,11.92233699963559,11.92233699963559,0,565
NMF0780,2010-03-15,0.0,0.0,0.0,0.0,0.0,0.4716444922636896,0.5054066901340253,0.8110144024012496,0.0,0.0,0.0,0.0,11.920437231993095,11.920437231993095,0,566
LAP0338,2010-11-09,0.0,0.0,0.0,0.0,0.0,0.3777397420014376,0.408879013948528,1.0,0.0,0.0,0.0,0.0,11.910791706333104,11.910791706333104,0,567
OSH0655,2011-03-23,0.0,0.0,0.0,0.0,0.0,0.3933776733152746,0.45652643072285326,0.9353074360871944,0.0,0.0,0.0,0.0,11.901410267502149,11.901410267502149,0,568
FSB0399,2010-02-22,0.28535691936340263,0.0,0.0,0.0,0.0,0.3677827998519335,0.3860360572626682,0.6019701012719465,2.8535691936340264,0.0,0.0,0.0,9.038593055910322,11.892162249544349,0,569
CHG0146,2011-03-24,0.0,0.0,0.0,0.0,0.0,0.5698073631959037,0.5747415418149572,0.6382250701659902,0.0,0.0,0.0,0.0,11.88515983451234,11.88515983451234,0,570
WRM0963,2010-08-02,1.0,0.0,0.0,0.0,0.0,0.1828348200660132,0.09952794793327539,0.0,10.0,0.0,0.0,0.0,1.8824184533285906,11.88241845332859,0,571
CJV0286,2010-02-18,0.0,0.0,0.0,0.0,0.0,0.3667950644098982,0.41356139469213715,1.0,0.0,0.0,0.0,0.0,11.869043060680236,11.869043060680236,0,572
SMW0084,2011-04-07,0.26349301969610395,0.0,0.0,0.0,0.0,0.332455847186081,0.3079800531010943,0.7439699938153621,2.6349301969610393,0.0,0.0,0.0,9.22937262735025,11.864302824311288,0,573
BAK0964,2010-03-24,0.0,0.0,0.0,0.0,0.0,0.2853569193634026,0.5552254059542261,0.9383148632568368,0.0,0.0,0.0,0.0,11.859314590496437,11.859314590496437,0,574
IIL0513,2010-08-09,0.0,0.0,0.0,0.0,0.0,0.44946927685272603,0.41182593179610505,0.9171002071638809,0.0,0.0,0.0,0.0,11.855969438751412,11.855969438751412,0,575
BAH0875,2011-04-05,1.0,0.0,0.0,0.0,0.0,0.1518410026068034,0.12580800388352747,0.0,10.0,0.0,0.0,0.0,1.8509933766022058,11.850993376602206,0,576
ALH0402,2010-12-10,0.0,0.0,0.0,0.0,0.0,0.5228414447355945,0.4144515384837897,0.8397760895601969,0.0,0.0,0.0,0.0,11.847127151863875,11.847127151863875,0,577
NUL0471,2011-03-28,0.22677868380553634,0.0,0.0,0.0,0.0,0.2853569193634026,0.15113258969020088,1.0,2.2677868380553634,0.0,0.0,0.0,9.576596727024022,11.844383565079385,0,578
HMW0713,2010-11-10,0.0,0.0,0.0,0.0,0.0,0.3105295017040594,0.46478285674185854,1.0,0.0,0.0,0.0,0.0,11.835415722972787,11.835415722972787,0,579
HWH0646,2011-04-26,0.0,0.0,0.0,0.0,0.0,0.27997695757721464,0.49527832558797524,1.0,0.0,0.0,0.0,0.0,11.835035221101267,11.835035221101267,0,580
DOL0332,2010-12-09,0.0,0.0,0.0,0.0,0.0,0.3777397420014376,0.3965349900287173,1.0,0.0,0.0,0.0,0.0,11.828498213534367,11.828498213534367,0,581
ADD0846,2011-04-07,0.0,0.0,0.0,0.0,0.0,0.31052950170405935,0.4595102659737916,1.0,0.0,0.0,0.0,0.0,11.80026511785234,11.80026511785234,0,582
JCW0858,2011-03-09,0.0,0.0,0.0,0.0,0.0,0.4410792425444575,0.32866867394792865,1.0,0.0,0.0,0.0,0.0,11.798319443282574,11.798319443282574,0,583
IYB0918,2010-05-10,0.0,0.0,0.0,0.0,0.0,0.4436068777584601,0.32592934490070435,1.0,0.0,0.0,0.0,0.0,11.796908151061096,11.796908151061096,0,584
ZSL0305,2011-02-07,0.0,0.0,0.0,0.0,0.0,0.1828348200660132,0.5864964885781443,1.0,0.0,0.0,0.0,0.0,11.795542057627717,11.795542057627717,0,585
ASV0946,2010-04-13,0.0,0.0,0.0,0.0,0.0,0.26349301969610395,0.5057296366577254,1.0,0.0,0.0,0.0,0.0,11.79481770902553,11.79481770902553,0,586
HRW0550,2011-01-06,0.0,0.0,0.0,0.0,0.0,0.39324688390300083,0.3752319020170099,1.0,0.0,0.0,0.0,0.0,11.789858572800071,11.789858572800071,0,587
APG0307,2010-07-20,0.0,0.0,0.0,0.0,0.0,0.2853569193634026,0.4822836390743185,1.0,0.0,0.0,0.0,0.0,11.784270389584808,11.784270389584808,0,588
YJF0532,2010-06-08,0.0,0.0,0.0,0.0,0.0,0.37807562268756273,0.3886518623813059,1.0,0.0,0.0,0.0,0.0,11.778183233792456,11.778183233792456,0,589
NHE0919,2010-11-29,0.0,0.0,0.0,0.0,0.0,0.409950107215632,0.5841652199838178,0.7702558780347346,0.0,0.0,0.0,0.0,11.76247470156123,11.76247470156123,0,590
CIG0052,2010-07-30,0.0,0.0,0.0,0.0,0.0,0.44638284232416164,0.33542759737451405,0.9820612687865461,0.0,0.0,0.0,0.0,11.759144723234812,11.759144723234812,0,591
LJJ0905,2010-04-14,0.0,0.0,0.0,0.0,0.0,0.4212227100104783,0.34219516397822275,1.0,0.0,0.0,0.0,0.0,11.756119159924674,11.756119159924674,0,592
MAH0149,2010-03-15,0.0,0.0,0.0,0.0,0.0,0.4125668281111417,0.3883467441039298,0.9603194918656965,0.0,0.0,0.0,0.0,11.741553760538455,11.741553760538455,0,593
XBN0229,2011-03-02,0.0,0.0,0.0,0.0,0.0,0.32358655449342766,0.43597056925251476,1.0,0.0,0.0,0.0,0.0,11.73038082497295,11.73038082497295,0,594
MJM0510,2010-09-29,0.0,0.0,0.0,0.0,0.0,0.3576237364075617,0.40145856725450485,1.0,0.0,0.0,0.0,0.0,11.72721535774711,11.72721535774711,0,595
RDM0150,2010-11-03,0.0,0.0,0.0,0.0,0.0,0.424264068711929,0.33475295166618935,1.0,0.0,0.0,0.0,0.0,11.726780135854122,11.726780135854122,0,596
LTS0860,2011-03-24,0.0,0.0,0.0,0.0,0.0,0.3658036586962236,0.39313991002247295,1.0,0.0,0.0,0.0,0.0,11.726290458124645,11.726290458124645,0,597
CBG0398,2010-02-12,0.0,0.0,0.0,0.0,0.0,0.44483511054162894,0.8063349180213102,0.5055328259669072,0.0,0.0,0.0,0.0,11.71135236353231,11.71135236353231,0,598
BHW0458,2011-02-10,0.18283482006601323,0.0,0.0,0.0,0.0,0.2109632539223229,0.2704269465550169,1.0,1.8283482006601324,0.0,0.0,0.0,9.875934669848933,11.704282870509065,0,599
KBS0874,2010-10-25,0.0,0.0,0.0,0.0,0.0,0.43006915113342215,0.4959938488274929,0.8295547630808325,0.0,0.0,0.0,0.0,11.704118420278318,11.704118420278318,0,600
ALC0788,2010-03-18,0.0,0.0,0.0,0.0,0.0,0.481070235442364,0.5068127942784557,0.765958046712292,0.0,0.0,0.0,0.0,11.69227384288741,11.69227384288741,0,601
EGD0409,2010-07-01,0.22677868380553634,0.0,0.0,0.0,0.0,0.6310470507832926,0.5944552782159281,0.18665130505147662,2.2677868380553634,0.0,0.0,0.0,9.414357560337983,11.682144398393346,0,602
ADF0397,2010-08-18,0.37606990231680526,0.0,0.0,0.0,0.0,0.5530349951177839,0.6120876142054648,0.02288217762814146,3.7606990231680526,0.0,0.0,0.0,7.920031913009265,11.680730936177318,0,603
ORM0669,2010-08-12,0.2853569193634026,0.0,0.0,0.0,0.0,0.30237157840738205,0.3334274875815676,0.6864990734485253,2.8535691936340255,0.0,0.0,0.0,8.815320929583166,11.668890123217192,0,604
MKS0204,2010-11-16,0.0,0.0,0.0,0.0,0.0,0.25940760916424077,0.4899325664382984,1.0,0.0,0.0,0.0,0.0,11.662267837350262,11.662267837350262,0,605
DGW0752,2010-09-17,0.26349301969610395,0.0,0.0,0.0,0.0,0.5972508446445033,0.5324958114433367,0.21963190233191182,2.6349301969610393,0.0,0.0,0.0,8.995857056131678,11.630787253092716,0,606
WKF0012,2010-12-20,0.0,0.0,0.0,0.0,0.0,0.7409963766794679,0.9296809425193789,0.07311701034483933,0.0,0.0,0.0,0.0,11.625295530291242,11.625295530291242,0,607
KJM0887,2010-05-14,0.0,0.0,0.0,0.0,0.0,0.4554432691659539,0.28719818507724265,1.0,0.0,0.0,0.0,0.0,11.617609694954643,11.617609694954643,0,608
SSG0250,2010-08-11,0.37606990231680537,0.0,0.0,0.0,0.0,0.3101333097060476,0.3499297347434978,0.516448139569571,3.760699023168054,0.0,0.0,0.0,7.8434078934607765,11.60410691662883,0,609
XHG0902,2011-01-20,0.0,0.0,0.0,0.0,0.0,0.3175493530875174,0.4964795000025,0.922288377125352,0.0,0.0,0.0,0.0,11.575448201435796,11.575448201435796,0,610
ILC0838,2010-10-28,0.0,0.0,0.0,0.0,0.0,0.26349301969610395,0.47236692055012364,1.0,0.0,0.0,0.0,0.0,11.572399601641516,11.572399601641516,0,611
YDN0198,2010-05-25,0.0,0.0,0.0,0.0,0.0,0.527900152896901,0.47738892457054805,0.7304835746969457,0.0,0.0,0.0,0.0,11.571817681095967,11.571817681095967,0,612
OCB0805,2010-05-20,0.0,0.0,0.0,0.0,0.0,0.33893048445023355,0.412793611785088,0.9836284839540184,0.0,0.0,0.0,0.0,11.569017201262266,11.569017201262266,0,613
OKC0107,2011-03-17,0.0,0.0,0.0,0.0,0.0,0.43674207482417116,0.6344384132142089,0.6629715968478513,0.0,0.0,0.0,0.0,11.56101389924154,11.56101389924154,0,614
CKB0427,2011-03-24,0.26349301969610395,0.0,0.0,0.0,0.0,0.2928276481073177,0.17233653773875318,0.8735859837157346,2.6349301969610393,0.0,0.0,0.0,8.925001130412037,11.559931327373075,0,615
ORG0339,2011-03-03,0.0,0.0,0.0,0.0,0.0,0.4323460152737348,0.300505999894789,1.0,0.0,0.0,0.0,0.0,11.552346767790159,11.552346767790159,0,616
WAS0254,2011-04-26,0.0,0.0,0.0,0.0,0.0,0.3040066048905795,0.42856562174929386,1.0,0.0,0.0,0.0,0.0,11.550481510932489,11.550481510932489,0,617
BMM0112,2010-10-12,0.0,0.0,0.0,0.0,0.0,0.3120458738272746,0.4205150427317931,1.0,0.0,0.0,0.0,0.0,11.550406110393785,11.550406110393785,0,618
KBB0189,2010-07-01,0.0,0.0,0.0,0.0,0.0,0.44943221857374976,0.28159046200628135,1.0,0.0,0.0,0.0,0.0,11.540151203866873,11.540151203866873,0,619
TEB0251,2010-04-06,0.15798095832497447,0.0,0.0,0.0,0.0,0.49561991257854093,0.5779280058013812,0.4185002092501569,1.5798095832497447,0.0,0.0,0.0,9.94698751753386,11.526797100783604,0,620
CSH0626,2010-07-22,0.1351690670668749,1.0,0.0,0.0,0.0,0.0,0.0,0.02538486572969332,11.351690670668749,0.0,0.0,0.0,0.16923243819795544,11.520923108866704,0,621
ZSK0258,2010-10-26,0.0,0.0,0.0,0.0,0.0,0.37973385706018126,0.45888863054412676,0.8821764529376462,0.0,0.0,0.0,0.0,11.471992936946362,11.471992936946362,0,622
NAR0981,2010-08-16,0.0,0.0,0.0,0.0,0.0,0.520349277667288,0.4183482706073659,0.7819001453755214,0.0,0.0,0.0,0.0,11.470651291001168,11.470651291001168,0,623
BTS0011,2010-05-24,0.0,0.0,0.0,0.0,0.0,0.455762060256012,0.5227168192616853,0.7416748342985507,0.0,0.0,0.0,0.0,11.467691425441656,11.467691425441656,0,624
NCE0097,2010-06-29,0.0,0.0,0.0,0.0,0.0,0.4125668281111411,0.30736321107527537,1.0,0.0,0.0,0.0,0.0,11.466200261242776,11.466200261242776,0,625
CCM0855,2010-09-01,0.0,0.0,0.0,0.0,0.0,0.24580338206280805,0.473032722068902,1.0,0.0,0.0,0.0,0.0,11.458907360878065,11.458907360878065,0,626
KQS0415,2010-02-19,0.19639610121239312,0.0,0.0,0.0,0.0,0.48107023544236405,0.42327767548650136,0.5196152422706632,1.9639610121239313,0.0,0.0,0.0,9.493087687996859,11.45704870012079,0,627
ASG0692,2011-04-19,0.0,0.0,0.0,0.0,0.0,0.488168461315946,0.35247143200046893,0.8773280079294956,0.0,0.0,0.0,0.0,11.453119341639404,11.453119341639404,0,628
SXM0895,2011-03-04,0.0,0.0,0.0,0.0,0.0,0.3513240262614721,0.36449025628433646,1.0,0.0,0.0,0.0,0.0,11.438761883638724,11.438761883638724,0,629
GTD0116,2011-04-27,0.0,0.0,0.0,0.0,0.0,0.4227627090599503,0.292125266659215,1.0,0.0,0.0,0.0,0.0,11.432586504794436,11.432586504794436,0,630
JRF0835,2010-07-08,0.0,0.0,0.0,0.0,0.0,0.22677868380553634,0.4864398436229152,1.0,0.0,0.0,0.0,0.0,11.421456849523011,11.421456849523011,0,631
KAT0270,2011-04-14,0.0,0.0,0.0,0.0,0.0,0.24235653810461324,0.5708438794954881,0.8976654281500211,0.0,0.0,0.0,0.0,11.405772305000816,11.405772305000816,0,632
ASS0517,2011-04-01,0.0,0.0,0.0,0.0,0.0,0.36946211664945794,0.3399294655712727,1.0,0.0,0.0,0.0,0.0,11.395943881471538,11.395943881471538,0,633
AJC0840,2010-07-08,0.0,0.0,0.0,0.0,0.0,0.31052950170405935,0.39825402733277837,1.0,0.0,0.0,0.0,0.0,11.39189019357892,11.39189019357892,0,634
AMH0794,2010-02-12,0.0,0.0,0.0,0.0,0.0,0.33316199776131794,0.3728495010885458,1.0,0.0,0.0,0.0,0.0,11.373409992332427,11.373409992332427,0,635
MSZ0310,2010-07-02,0.0,0.0,0.0,0.0,0.0,0.4408043280803078,0.2625543232484705,1.0,0.0,0.0,0.0,0.0,11.355724342191856,11.355724342191856,0,636
DBW0483,2010-10-22,0.0,0.0,0.0,0.0,0.0,0.4179586594315142,0.2824295235364544,1.0,0.0,0.0,0.0,0.0,11.335921219786458,11.335921219786458,0,637
BTL0722,2010-07-28,0.0,0.0,0.0,0.0,0.0,0.22677868380553634,0.47192787077356524,1.0,0.0,0.0,0.0,0.0,11.324710363860678,11.324710363860678,0,638
ARB0881,2010-04-28,0.0,0.0,0.0,0.0,0.0,0.35528660462867356,0.505173787186038,0.8378365935563288,0.0,0.0,0.0,0.0,11.321979902473602,11.321979902473602,0,639
HCL0113,2011-02-03,0.0,0.0,0.0,0.0,0.0,0.3368964983661058,0.37748563544283936,0.9811466407116546,0.0,0.0,0.0,0.0,11.303525163470665,11.303525163470665,0,640
CAB0388,2010-08-02,0.22677868380553634,0.0,0.0,0.0,0.0,0.24114823105385702,0.1511191140815528,0.9625334218796213,2.2677868380553634,0.0,0.0,0.0,9.03200511343354,11.299791951488903,0,641
SSH0799,2010-07-19,0.0,0.0,0.0,0.0,0.0,0.3077913288603834,0.6113411995430673,0.7754607695644129,0.0,0.0,0.0,0.0,11.297288653119091,11.297288653119091,0,642
KAT0489,2010-07-12,0.0,0.0,0.0,0.0,0.0,0.6072561632060163,0.6024615770624464,0.4833287632692695,0.0,0.0,0.0,0.0,11.28697669025155,11.28697669025155,0,643
DAG0558,2010-08-20,0.0,0.0,0.0,0.0,0.0,0.2777460299317653,0.5472255597252222,0.8662624356144724,0.0,0.0,0.0,0.0,11.274893501809732,11.274893501809732,0,644
JSA0775,2010-09-17,0.0,0.0,0.0,0.0,0.0,0.3672874542088867,0.3228961359730719,1.0,0.0,0.0,0.0,0.0,11.267890601213058,11.267890601213058,0,645
JIM0095,2010-09-01,0.0,0.0,0.0,0.0,0.0,0.4397408717939443,0.4151103791169926,0.8344553849509777,0.0,0.0,0.0,0.0,11.262044239079431,11.262044239079431,0,646
PGH0184,2010-03-26,0.0,0.0,0.0,0.0,0.0,0.382315855718586,0.5030060400752187,0.8028984759811912,0.0,0.0,0.0,0.0,11.254802478499972,11.254802478499972,0,647
VCY0751,2010-11-17,0.19639610121239312,0.0,0.0,0.0,0.0,0.47197276032587865,0.6129578163516018,0.3085424967483473,1.9639610121239313,0.0,0.0,0.0,9.289820489505518,11.25378150162945,0,648
HCW0419,2011-03-24,0.22677868380553629,0.0,0.0,0.0,0.0,0.3393138673590818,0.4847999209237709,0.5236862065042291,2.267786838055363,0.0,0.0,0.0,8.985333298580546,11.253120136635909,0,649
KNG0672,2010-09-20,0.2109632539223229,0.0,0.0,0.0,0.0,0.4600787691989206,0.26600917010258407,0.6448907015713025,2.109632539223229,0.0,0.0,0.0,9.139857605818715,11.249490145041944,0,650
TEM0093,2010-07-06,0.0,0.0,0.0,0.0,0.0,0.2828724212833218,0.4042218054017246,1.0,0.0,0.0,0.0,0.0,11.247294844566975,11.247294844566975,0,651
ECL0930,2010-03-26,0.0,0.0,0.0,0.0,0.0,0.381157069338078,0.5082495536020794,0.7967639717932286,0.0,0.0,0.0,0.0,11.241137298222572,11.241137298222572,0,652
DJB0159,2010-06-14,1.0,0.0,0.0,0.0,0.0,0.0,0.0,0.18500366310451655,10.0,0.0,0.0,0.0,1.2333577540301104,11.233357754030111,0,653
RGH0728,2010-11-12,0.2109632539223229,0.0,0.0,0.0,0.0,0.4321431711420896,0.4466708291617273,0.48500198985411613,2.109632539223229,0.0,0.0,0.0,9.092106601052889,11.201739140276118,0,654
SHW0578,2010-03-18,0.0,0.0,0.0,0.0,0.0,0.24415239013859685,0.4350715063182916,1.0,0.0,0.0,0.0,0.0,11.194825976379256,11.194825976379256,0,655
HOB0994,2010-03-24,0.0,0.0,0.0,0.0,0.0,0.4270836433724009,0.25125053225542815,1.0,0.0,0.0,0.0,0.0,11.188894504185527,11.188894504185527,0,656
SBN0495,2010-09-27,0.0,0.0,0.0,0.0,0.0,0.32854253809141404,0.34445256940317287,1.0,0.0,0.0,0.0,0.0,11.153300716630579,11.153300716630579,0,657
FRB0023,2010-06-17,0.0,0.0,0.0,0.0,0.0,0.6675371050499329,0.7991543937064385,0.20561024807322922,0.0,0.0,0.0,0.0,11.148678312197335,11.148678312197335,0,658
SAH0599,2011-04-19,0.0,0.0,0.0,0.0,0.0,0.2441523901385969,0.4278977066215619,1.0,0.0,0.0,0.0,0.0,11.147000645067726,11.147000645067726,0,659
AAE0190,2011-03-16,0.0,0.0,0.0,0.0,0.0,0.3180953771898404,0.35310539522159823,1.0,0.0,0.0,0.0,0.0,11.141338482742924,11.141338482742924,0,660
FDE0117,2010-05-26,0.0,0.0,0.0,0.0,0.0,0.41349825904656623,0.45238665887781176,0.7996087297937786,0.0,0.0,0.0,0.0,11.10329098478771,11.10329098478771,0,661
KSH0569,2010-05-21,0.0,0.0,0.0,0.0,0.0,0.5422080293008651,0.4633749917626358,0.6570593392645463,0.0,0.0,0.0,0.0,11.08428240218698,11.08428240218698,0,662
VMJ0147,2010-02-22,0.0,0.0,0.0,0.0,0.0,0.41226715680199344,0.593587517937956,0.6552717110374162,0.0,0.0,0.0,0.0,11.074175905182438,11.074175905182438,0,663
HAM0985,2010-10-01,0.0,0.0,0.0,0.0,0.0,0.31052950170405946,0.3487309304377094,1.0,0.0,0.0,0.0,0.0,11.06173621427846,11.06173621427846,0,664
GRC0145,2011-01-13,0.0,0.0,0.0,0.0,0.0,0.3132221385983241,0.34582068525853593,1.0,0.0,0.0,0.0,0.0,11.060285492379068,11.060285492379068,0,665
PES0085,2010-08-30,0.0,0.0,0.0,0.0,0.0,0.44943221857374993,0.5628545091466678,0.6450180596764028,0.0,0.0,0.0,0.0,11.048698582645471,11.048698582645471,0,666
KTG0091,2010-07-15,0.0,0.0,0.0,0.0,0.0,0.3466702575844953,0.3103951485705271,1.0,0.0,0.0,0.0,0.0,11.04710270770015,11.04710270770015,0,667
MAE0331,2010-04-16,0.0,0.0,0.0,0.0,0.0,0.37606990231680504,0.5158592472452562,0.7616945394504094,0.0,0.0,0.0,0.0,11.024157926749805,11.024157926749805,0,668
KJG0910,2010-09-20,0.0,0.0,0.0,0.0,0.0,0.41306830164304803,0.24030788199799544,1.0,0.0,0.0,0.0,0.0,11.02250789094029,11.02250789094029,0,669
BSA0431,2011-01-24,0.0,0.0,0.0,0.0,0.0,0.47582759148836296,0.693260384586733,0.48245064067700777,0.0,0.0,0.0,0.0,11.010257445014025,11.010257445014025,0,670
JMH0543,2010-03-02,0.22677868380553634,0.0,0.0,0.0,0.0,0.13551502136925564,0.18527447095436228,0.9899318950283525,2.2677868380553634,0.0,0.0,0.0,8.73814258234647,11.005929420401833,0,671
CTW0500,2011-02-18,0.0,0.0,0.0,0.0,0.0,0.5385855080137036,0.5315222234888344,0.5790660241435851,0.0,0.0,0.0,0.0,10.994491704307487,10.994491704307487,0,672
WNB0908,2010-09-14,0.0,0.0,0.0,0.0,0.0,0.3710098120494551,0.2811112958790594,0.9966492660647361,0.0,0.0,0.0,0.0,10.991802493288338,10.991802493288338,0,673
ONL0276,2011-05-02,0.0,0.0,0.0,0.0,0.0,0.3269385107895789,0.32162543882965766,1.0,0.0,0.0,0.0,0.0,10.99042633079491,10.99042633079491,0,674
WTF0387,2011-04-07,0.22677868380553634,0.0,0.0,0.0,0.0,0.35200347659471604,0.4269518432264512,0.5284729582691778,2.2677868380553634,0.0,0.0,0.0,8.7161885206023,10.983975358657663,0,675
FUM0015,2010-10-18,0.0,0.0,0.0,0.0,0.0,0.6165557702110182,0.7475334558520146,0.28321663075815995,0.0,0.0,0.0,0.0,10.982039045474616,10.982039045474616,0,676
MIB0904,2010-12-03,0.0,0.0,0.0,0.0,0.0,0.3250418033315771,0.4277459174171117,0.8914207858907298,0.0,0.0,0.0,0.0,10.96139004426279,10.96139004426279,0,677
JCR0770,2011-01-13,0.0,0.0,0.0,0.0,0.0,0.3105295017040594,0.3327779396330233,1.0,0.0,0.0,0.0,0.0,10.955382942247219,10.955382942247219,0,678
GCC0744,2011-05-12,0.2441523901385969,0.0,0.0,0.0,0.0,0.7065220102805994,0.5692600294514996,0.0,2.441523901385969,0.0,0.0,0.0,8.505213598213993,10.946737499599962,0,679
AJR0319,2010-08-11,0.0,0.0,0.0,0.0,0.0,0.5277017568863437,0.5404540591156788,0.5723858217973474,0.0,0.0,0.0,0.0,10.936944251995799,10.936944251995799,0,680
HSG0818,2010-10-13,0.0,0.0,0.0,0.0,0.0,0.5245603027180069,0.5849110695713025,0.5281296842580312,0.0,0.0,0.0,0.0,10.91734037698227,10.91734037698227,0,681
WJD0576,2011-04-14,0.0,0.0,0.0,0.0,0.0,0.31052950170405935,0.6957642805224282,0.6285419119397966,0.0,0.0,0.0,0.0,10.898904627775227,10.898904627775227,0,682
LPC0492,2010-03-30,0.0,1.0,0.0,0.0,0.0,0.06034037461851227,0.07338805789689398,0.0,10.0,0.0,0.0,0.0,0.8915228834360417,10.891522883436041,0,683
LHB0606,2010-04-19,0.15798095832497447,0.0,0.0,0.0,0.0,0.19756862566645814,0.4022768229237097,0.7939566711237445,1.5798095832497447,0.0,0.0,0.0,9.292014131426082,10.871823714675827,0,684
ZSB0649,2011-02-18,0.0,0.0,0.0,0.0,0.0,0.3494374586821888,0.2790950196758307,1.0,0.0,0.0,0.0,0.0,10.856883189053463,10.856883189053463,0,685
JCR0921,2011-03-09,0.0,0.0,0.0,0.0,0.0,0.31823690118326164,0.30923907348405816,1.0,0.0,0.0,0.0,0.0,10.849839831115464,10.849839831115464,0,686
OMS0101,2010-04-27,0.0,0.0,0.0,0.0,0.0,0.23715069600718075,0.38638987661089513,1.0,0.0,0.0,0.0,0.0,10.82360381745384,10.82360381745384,0,687
BCM0653,2010-07-29,0.0,0.0,0.0,0.0,0.0,0.4378614953105949,0.4737889023038364,0.7115740736828896,0.0,0.0,0.0,0.0,10.82149647531547,10.82149647531547,0,688
CCW0524,2010-04-12,0.0,0.0,0.0,0.0,0.0,0.3777397420014377,0.24102328627013953,1.0,0.0,0.0,0.0,0.0,10.791753521810515,10.791753521810515,0,689
LCD0622,2010-02-18,0.22677868380553629,0.0,0.0,0.0,0.0,0.6302885531276725,0.6479584295342693,0.0,2.267786838055363,0.0,0.0,0.0,8.521646551079613,10.789433389134976,0,690
MAH0864,2011-01-06,0.0,0.0,0.0,0.0,0.0,0.3812933455813451,0.411637684357797,0.8230838875056949,0.0,0.0,0.0,0.0,10.77343278296558,10.77343278296558,0,691
CLH0703,2010-04-05,0.0,0.0,0.0,0.0,0.0,0.2853569193634026,0.3296821344541755,1.0,0.0,0.0,0.0,0.0,10.76692702545052,10.76692702545052,0,692
CKD0680,2010-06-10,0.18283482006601323,0.0,0.0,0.0,0.0,0.38376128944009863,0.34379304533660815,0.6128123700419434,1.8283482006601324,0.0,0.0,0.0,8.935778032124336,10.764126232784468,0,693
MNR0829,2010-05-28,0.0,0.0,0.0,0.0,0.0,0.2853569193634026,0.32918488073767044,1.0,0.0,0.0,0.0,0.0,10.763612000673819,10.763612000673819,0,694
TMA0069,2011-02-01,0.34016802570830446,0.0,0.0,0.0,0.0,0.5134377785578972,0.46494747951649257,0.1246000501681949,3.4016802570830444,0.0,0.0,0.0,7.353235388283897,10.754915645366943,0,695
IEB0153,2010-11-01,0.0,0.0,0.0,0.0,0.0,0.29981114256862934,0.3993093889749685,0.9120725478944115,0.0,0.0,0.0,0.0,10.741287196253396,10.741287196253396,0,696
CXC0336,2011-03-28,0.0,0.0,0.0,0.0,0.0,0.26349301969610434,0.347567130364186,1.0,0.0,0.0,0.0,0.0,10.740401000401935,10.740401000401935,0,697
CEL0561,2010-03-26,0.0,0.0,0.0,0.0,0.0,0.2605905690312065,0.36244706343979044,0.9869919428070814,0.0,0.0,0.0,0.0,10.733530501853856,10.733530501853856,0,698
BSH0445,2010-10-25,0.0,0.0,0.0,0.0,0.0,0.30435818915021334,0.30536428948942373,1.0,0.0,0.0,0.0,0.0,10.731483190930915,10.731483190930915,0,699
FBW0747,2011-03-30,0.2109632539223229,0.0,0.0,0.0,0.0,0.18627921755594606,0.10647013039725653,1.0,2.109632539223229,0.0,0.0,0.0,8.618328986354683,10.727961525577912,0,700
DSB0731,2010-02-22,0.24415239013859685,0.0,0.0,0.0,0.0,0.6414269805898185,0.5795427022302139,0.020701966780270618,2.4415239013859686,0.0,0.0,0.0,8.277810997335353,10.719334898721321,0,701
AMD0077,2010-08-30,0.0,0.0,0.0,0.0,0.0,0.2715584629325837,0.3464887012007053,0.9883583865390785,0.0,0.0,0.0,0.0,10.709370337815782,10.709370337815782,0,702
CKH0144,2010-08-13,0.0,0.0,0.0,0.0,0.0,0.3587318739855082,0.2456545292317398,1.0,0.0,0.0,0.0,0.0,10.695909354781652,10.695909354781652,0,703
BAM0611,2010-07-21,0.0,0.0,0.0,0.0,0.0,0.4790201114250313,0.6727107480418346,0.45230671057837546,0.0,0.0,0.0,0.0,10.693583800301607,10.693583800301607,0,704
FKB0163,2011-03-16,0.0,0.0,0.0,0.0,0.0,0.36325595276340034,0.24037366445622688,1.0,0.0,0.0,0.0,0.0,10.690864114797513,10.690864114797513,0,705
ARD0509,2011-04-20,0.0,0.0,0.0,0.0,0.0,0.3349242740162631,0.26837312272096364,1.0,0.0,0.0,0.0,0.0,10.688649311581512,10.688649311581512,0,706
NJB0243,2011-01-18,0.2441523901385969,0.0,0.0,0.0,0.0,0.11184655788021595,0.12356586487512902,1.0,2.441523901385969,0.0,0.0,0.0,8.236082818368967,10.677606719754936,0,707
NBH0256,2010-07-07,0.0,0.0,0.0,0.0,0.0,0.3859412432424355,0.4229587873648889,0.7908968030568376,0.0,0.0,0.0,0.0,10.665312224427748,10.665312224427748,0,708
TJB0302,2010-04-13,0.0,0.0,0.0,0.0,0.0,0.21096325392232296,0.3885887050506951,1.0,0.0,0.0,0.0,0.0,10.663679726486787,10.663679726486787,0,709
GOK0238,2010-08-23,0.26349301969610395,0.0,0.0,0.0,0.0,0.660274608639993,0.5428395622950806,0.0,2.6349301969610393,0.0,0.0,0.0,8.020761139567156,10.655691336528196,0,710
MMB0488,2010-12-01,0.0,0.0,0.0,0.0,0.0,0.6199620481742988,0.7311849635230667,0.24440645096710578,0.0,0.0,0.0,0.0,10.637023084429808,10.637023084429808,0,711
SGG0787,2011-01-10,0.0,0.0,0.0,0.0,0.0,0.37933656464619514,0.3364627771698263,0.8792258580316862,0.0,0.0,0.0,0.0,10.633501332318051,10.633501332318051,0,712
LLV0602,2010-06-14,0.14638501094227996,0.0,0.0,0.0,0.0,0.1555378246011883,0.33748261635871596,0.8821764529376438,1.4638501094227996,0.0,0.0,0.0,9.16797929265032,10.63182940207312,0,713
IRT0491,2010-12-08,0.0,0.0,0.0,0.0,0.0,0.2881921922135826,0.30475431021964405,1.0,0.0,0.0,0.0,0.0,10.619643349554844,10.619643349554844,0,714
TSM0927,2010-10-20,0.0,0.0,0.0,0.0,0.0,0.45967852660972425,0.4547664728943861,0.6771037318032451,0.0,0.0,0.0,0.0,10.610324875382371,10.610324875382371,0,715
TCD0009,2010-08-06,0.0,0.0,0.0,0.0,0.0,0.282640150966569,0.35710273018994354,0.9500934772576202,0.0,0.0,0.0,0.0,10.598909056094216,10.598909056094216,0,716
SDF0017,2011-03-22,0.26349301969610395,0.0,0.0,0.0,0.0,0.300930234790691,0.5217226996904689,0.36902304869913516,2.6349301969610393,0.0,0.0,0.0,7.9445065545353,10.579436751496338,0,717
CNM0800,2010-03-12,0.0,0.0,0.0,0.0,0.0,0.5458305913768106,0.6495462365735951,0.39093883934016826,0.0,0.0,0.0,0.0,10.575437781937158,10.575437781937158,0,718
GJD0298,2010-07-26,0.0,0.0,0.0,0.0,0.0,0.2109632539223229,0.3746176798523429,1.0,0.0,0.0,0.0,0.0,10.57053955849777,10.57053955849777,0,719
JKM0303,2010-04-20,0.0,0.0,0.0,0.0,0.0,0.263493019696104,0.31849277141063576,1.0,0.0,0.0,0.0,0.0,10.546571940711598,10.546571940711598,0,720
BXJ0010,2010-10-18,0.22677868380553629,0.0,0.0,0.0,0.0,0.6233720803284732,0.6181362590626264,0.0,2.267786838055363,0.0,0.0,0.0,8.276722262607331,10.544509100662694,0,721
RFP0380,2011-05-11,0.1828348200660132,0.0,0.0,0.0,0.0,0.47817642930444293,0.7851450887879452,0.043511865466943946,1.8283482006601322,0.0,0.0,0.0,8.712222557062214,10.540570757722346,0,722
ARL0034,2010-12-29,0.0,0.0,0.0,0.0,0.0,0.46619911508585304,0.563923809924135,0.5507366030626434,0.0,0.0,0.0,0.0,10.539063520484211,10.539063520484211,0,723
ILR0304,2010-06-21,0.0,0.0,0.0,0.0,0.0,0.18283482006601323,0.39677257460807286,1.0,0.0,0.0,0.0,0.0,10.530715964493906,10.530715964493906,0,724
FRL0511,2010-07-01,0.0,0.0,0.0,0.0,0.0,0.34543206028201356,0.232143921037569,1.0,0.0,0.0,0.0,0.0,10.517173208797217,10.517173208797217,0,725
GNZ0953,2011-02-15,0.0,0.0,0.0,0.0,0.0,0.19639610121239312,0.3809197798782716,1.0,0.0,0.0,0.0,0.0,10.515439207271097,10.515439207271097,0,726
CUD0795,2010-08-31,0.0,0.0,0.0,0.0,0.0,0.6236413804652249,0.6554156746060734,0.2980274005634748,0.0,0.0,0.0,0.0,10.513896370898488,10.513896370898488,0,727
LFS0071,2010-11-18,0.2109632539223229,0.0,0.0,0.0,0.0,0.5669467095138414,0.6916384959650156,0.0,2.109632539223229,0.0,0.0,0.0,8.390568036525714,10.500200575748943,0,728
ALB0892,2010-08-09,0.0,0.0,0.0,0.0,0.0,0.37329297686010693,0.49191391399646056,0.7081162132225016,0.0,0.0,0.0,0.0,10.488820693860461,10.488820693860461,0,729
GQP0743,2010-03-24,0.17008401285415223,0.0,0.0,0.0,0.0,0.31611986353131405,0.33939746583736785,0.6607404606305989,1.7008401285415222,0.0,0.0,0.0,8.77505193332854,10.475892061870061,0,730
SNS0129,2010-10-21,0.0,0.0,0.0,0.0,0.0,0.5660897161302334,0.6003104676308318,0.4034070203069864,0.0,0.0,0.0,0.0,10.465381360453678,10.465381360453678,0,731
MIC0726,2011-02-11,0.2109632539223229,0.0,0.0,0.0,0.0,0.13982569415245977,0.1134815589952908,1.0,2.109632539223229,0.0,0.0,0.0,8.355381687651672,10.465014226874901,0,732
JOL0024,2011-04-15,0.0,0.0,0.0,0.0,0.0,0.29443534652675196,0.2751002409274458,1.0,0.0,0.0,0.0,0.0,10.463570583027986,10.463570583027986,0,733
HVB0037,2010-10-20,0.0,0.0,0.0,0.0,0.0,0.2864510395474372,0.2817443149030566,1.0,0.0,0.0,0.0,0.0,10.454635696336625,10.454635696336625,0,734
CCR0863,2010-08-04,0.0,0.0,0.0,0.0,0.0,0.855574125266345,0.7116078845788072,0.0,0.0,0.0,0.0,0.0,10.447880065634347,10.447880065634347,0,735
GCR0554,2011-03-09,0.21096325392232296,0.0,0.0,0.0,0.0,0.2059819686976788,0.13107481320557707,0.9130043313284331,2.1096325392232296,0.0,0.0,0.0,8.333740754877926,10.443373294101155,0,736
KJS0618,2010-10-26,0.19639610121239312,0.0,0.0,0.0,0.0,0.2943764981857594,0.4624952980667336,0.5116520818541608,1.9639610121239313,0.0,0.0,0.0,8.456825854044357,10.420786866168289,0,737
BNG0237,2011-02-07,0.24415239013859685,0.0,0.0,0.0,0.0,0.41226715680199344,0.3485708268885936,0.4360514248003587,2.4415239013859686,0.0,0.0,0.0,7.979262723272971,10.42078662465894,0,738
IWM0816,2010-12-09,0.0,0.0,0.0,0.0,0.0,0.3370614033234741,0.2230577142340394,1.0,0.0,0.0,0.0,0.0,10.40079411705009,10.40079411705009,0,739
SOF0808,2010-05-03,0.0,0.0,0.0,0.0,0.0,0.4954355897569605,0.49136626930311395,0.5698303807721196,0.0,0.0,0.0,0.0,10.37754826554796,10.37754826554796,0,740
HAC0282,2010-07-06,0.0,0.0,0.0,0.0,0.0,0.2523827287513226,0.30354621862669745,1.0,0.0,0.0,0.0,0.0,10.3728596491868,10.3728596491868,0,741
TPH0474,2010-12-07,0.0,0.0,0.0,0.0,0.0,0.5556950534971523,1.0,0.0,0.0,0.0,0.0,0.0,10.371300356647682,10.371300356647682,0,742
TSG0906,2010-09-21,0.0,0.0,0.0,0.0,0.0,0.36946211664945805,0.3271042338240708,0.8583044755416971,0.0,0.0,0.0,0.0,10.365805506768172,10.365805506768172,0,743
AQD0820,2011-04-14,0.0,0.0,0.0,0.0,0.0,0.3823158557185859,0.3988121291186848,0.7693787741847976,0.0,0.0,0.0,0.0,10.336711726813787,10.336711726813787,0,744
DMM0623,2010-10-07,0.0,0.0,0.0,0.0,0.0,0.423285372901595,0.28528386535419814,0.8416845197432767,0.0,0.0,0.0,0.0,10.335025053327131,10.335025053327131,0,745
JSH0330,2011-04-20,0.0,0.0,0.0,0.0,0.0,0.2848994592191323,0.2643838826658226,1.0,0.0,0.0,0.0,0.0,10.328555612566365,10.328555612566365,0,746
SLB0049,2010-05-21,0.0,0.0,0.0,0.0,0.0,0.3002876870626552,0.3609088722205799,0.887617557829228,0.0,0.0,0.0,0.0,10.32542744741642,10.32542744741642,0,747
EIP0997,2010-05-24,0.0,0.0,0.0,0.0,0.0,0.6230680796762242,0.9255175062739758,0.0,0.0,0.0,0.0,0.0,10.323903906334666,10.323903906334666,0,748
MKP0861,2011-05-04,0.0,0.0,0.0,0.0,0.0,0.2826401509665687,0.49190404991280534,0.7726980374890718,0.0,0.0,0.0,0.0,10.31494825578964,10.31494825578964,0,749
RKF0164,2011-03-11,0.0,0.0,0.0,0.0,0.0,0.285356919363403,0.2608236946869448,1.0,0.0,0.0,0.0,0.0,10.307870760335652,10.307870760335652,0,750
ABM0845,2010-08-09,0.0,0.0,0.0,0.0,0.0,0.21096325392232296,0.3348317174328895,1.0,0.0,0.0,0.0,0.0,10.30529980903475,10.30529980903475,0,751
TTD1000,2010-06-10,0.0,0.0,0.0,0.0,0.0,0.5440053729191049,1.0,0.0,0.0,0.0,0.0,0.0,10.293369152794032,10.293369152794032,0,752
DEB0782,2010-12-10,0.0,0.0,0.0,0.0,0.0,0.34631782240470765,0.19712961649814081,1.0,0.0,0.0,0.0,0.0,10.289649592685656,10.289649592685656,0,753
BMS0877,2010-03-02,0.0,0.0,0.0,0.0,0.0,0.38921082796308826,0.344649352007543,0.8077026469809896,0.0,0.0,0.0,0.0,10.277085513010807,10.277085513010807,0,754
ESH0135,2010-04-05,0.0,0.0,0.0,0.0,0.0,0.17008401285415226,0.3954899478998054,0.9741069765776571,0.0,0.0,0.0,0.0,10.264539582210766,10.264539582210766,0,755
KJW0416,2010-06-04,0.2267786838055364,0.0,0.0,0.0,0.0,0.566946709513841,0.6309848308025968,0.0,2.267786838055364,0.0,0.0,0.0,7.986210268776253,10.253997106831616,0,756
TUC0632,2010-05-27,0.0,0.0,0.0,0.0,0.0,0.544005372919105,0.9928362841885212,0.0,0.0,0.0,0.0,0.0,10.245611047384175,10.245611047384175,0,757
LJB0826,2010-03-23,0.0,0.0,0.0,0.0,0.0,0.2441523901385969,0.2873858774170025,1.0,0.0,0.0,0.0,0.0,10.210255117037327,10.210255117037327,0,758
DKB0631,2010-07-06,0.0,0.0,0.0,0.0,0.0,0.36050465083782945,0.44481339510554657,0.7230592714587326,0.0,0.0,0.0,0.0,10.189182116014058,10.189182116014058,0,759
ASB0796,2010-06-14,0.0,0.0,0.0,0.0,0.0,0.31674959436851313,0.21395183707449764,0.9970501410659856,0.0,0.0,0.0,0.0,10.18501048339331,10.18501048339331,0,760
KPR0497,2010-07-22,0.0,0.0,0.0,0.0,0.0,0.5046949386828402,0.6759480654539427,0.3459339961182331,0.0,0.0,0.0,0.0,10.177180001700105,10.177180001700105,0,761
EMB0531,2010-09-03,0.0,0.0,0.0,0.0,0.0,0.31942045926594964,0.5806514565497622,0.6251609087187212,0.0,0.0,0.0,0.0,10.168218830229554,10.168218830229554,0,762
HKF0831,2011-03-29,0.0,0.0,0.0,0.0,0.0,0.3105295017040595,0.2144752004226968,1.0,0.0,0.0,0.0,0.0,10.166698014178374,10.166698014178374,0,763
DHM0937,2010-03-15,0.0,0.0,0.0,0.0,0.0,0.37095379424787306,0.4326755282040809,0.7205709791885587,0.0,0.0,0.0,0.0,10.161335344270084,10.161335344270084,0,764
ANP0555,2010-12-28,0.22677868380553629,0.0,0.0,0.0,0.0,0.5630394986934303,0.6209908793340144,0.0,2.267786838055363,0.0,0.0,0.0,7.893535853516299,10.161322691571662,0,765
TVS0006,2010-02-11,0.0,1.0,0.0,0.0,0.0,0.02227320238149553,0.0,0.0,10.0,0.0,0.0,0.0,0.14848801587663685,10.148488015876637,0,766
ZJE0857,2011-04-12,1.0,0.0,0.0,0.0,0.0,0.020613089480890377,0.0,0.0,10.0,0.0,0.0,0.0,0.1374205965392692,10.137420596539268,0,767
QNF0205,2010-11-18,0.0,0.0,0.0,0.0,0.0,0.44312936752559795,0.5409652324925134,0.5319971128835845,0.0,0.0,0.0,0.0,10.107278086011304,10.107278086011304,0,768
KBL0260,2010-11-09,0.0,0.0,0.0,0.0,0.0,0.6041841646404552,0.9100215051326117,0.0,0.0,0.0,0.0,0.0,10.094704465153779,10.094704465153779,0,769
ALD0529,2010-06-17,0.0,0.0,0.0,0.0,0.0,0.1657228843194305,0.34410008646930185,1.0,0.0,0.0,0.0,0.0,10.065486471924883,10.065486471924883,0,770
EMS0317,2010-08-16,0.0,0.0,0.0,0.0,0.0,0.3210795175128526,0.3721151721728471,0.8163585705397182,0.0,0.0,0.0,0.0,10.063688401502786,10.063688401502786,0,771
KNW0644,2010-11-29,0.0,0.0,0.0,0.0,0.0,0.4000615716158499,0.42516421299686014,0.6827435870861321,0.0,0.0,0.0,0.0,10.053129144658948,10.053129144658948,0,772
DBG0261,2010-11-05,0.0,0.0,0.0,0.0,0.0,0.46306493998525317,0.5835644458688976,0.4580704874018534,0.0,0.0,0.0,0.0,10.031332488373359,10.031332488373359,0,773
LAM0911,2010-05-28,0.0,0.0,0.0,0.0,0.0,0.41538607668669786,0.43591090789591397,0.6527746654835728,0.0,0.0,0.0,0.0,10.027144333774565,10.027144333774565,0,774
JCR0289,2010-09-29,0.0,0.0,0.0,0.0,0.0,0.17008401285415228,0.3324230544539278,1.0,0.0,0.0,0.0,0.0,10.016713782053868,10.016713782053868,0,775
SES0477,2010-03-23,0.0,0.0,0.0,0.0,0.0,0.36515071716856223,0.41594499041254657,0.7182510215640447,0.0,0.0,0.0,0.0,9.99564486096769,9.99564486096769,0,776
KVT0028,2010-10-07,0.0,0.0,0.0,0.0,0.0,0.5289487502431546,0.5887925399369314,0.3785872522633701,0.0,0.0,0.0,0.0,9.975523616289706,9.975523616289706,0,777
JML0909,2011-01-31,0.0,0.0,0.0,0.0,0.0,0.19958974315773476,0.29545598215554525,1.0,0.0,0.0,0.0,0.0,9.966971502088533,9.966971502088533,0,778
BNR0965,2010-09-23,0.0,0.0,0.0,0.0,0.0,0.2441523901385969,0.24789482402527527,1.0,0.0,0.0,0.0,0.0,9.946981427759148,9.946981427759148,0,779
ASM0575,2010-07-13,0.0,0.0,0.0,0.0,0.0,0.18283482006601323,0.47422397203566946,0.8345070537485018,0.0,0.0,0.0,0.0,9.943772305667897,9.943772305667897,0,780
JGM0934,2010-09-14,0.0,0.0,0.0,0.0,0.0,0.23841582427170774,0.2521211003090746,1.0,0.0,0.0,0.0,0.0,9.936912830538548,9.936912830538548,0,781
NKH0807,2010-10-12,0.0,0.0,0.0,0.0,0.0,0.22049052457775012,0.26831212861095055,1.0,0.0,0.0,0.0,0.0,9.925351021258004,9.925351021258004,0,782
AAL0706,2010-10-01,0.0,0.0,0.0,0.0,0.0,0.21096325392232296,0.27586881683337633,1.0,0.0,0.0,0.0,0.0,9.912213805037995,9.912213805037995,0,783
HCV0478,2011-03-28,0.0,0.0,0.0,0.0,0.0,0.39109765705087357,0.6559504887412488,0.43698681828115155,0.0,0.0,0.0,0.0,9.893566427155159,9.893566427155159,0,784
HDL0748,2010-10-05,0.2853569193634026,0.0,0.0,0.0,0.0,0.4812120156129307,0.5740992926871599,0.0,2.8535691936340255,0.0,0.0,0.0,7.035408722000604,9.88897791563463,0,785
RNL0695,2010-12-06,0.0,0.0,0.0,0.0,0.0,0.4644902066499711,0.36349632050990793,0.6524201136316068,0.0,0.0,0.0,0.0,9.869377605276572,9.869377605276572,0,786
EGK0893,2010-03-17,0.0,0.0,0.0,0.0,0.0,0.29777500019127917,0.1800237430797677,1.0,0.0,0.0,0.0,0.0,9.85199162180698,9.85199162180698,0,787
AAF0791,2010-07-13,0.0,0.0,0.0,0.0,0.0,0.7783402268077024,0.6992018002251051,0.0,0.0,0.0,0.0,0.0,9.850280180218718,9.850280180218718,0,788
KWC0004,2010-02-22,0.2853569193634026,0.0,0.0,0.0,0.0,0.31702305892726645,0.3021567064572085,0.43003139452590033,2.8535691936340255,0.0,0.0,0.0,6.994741066069169,9.848310259703194,0,789
TLM0797,2011-04-26,0.0,0.0,0.0,0.0,0.0,0.5444221329499668,0.3619758099271502,0.5704509939978426,0.0,0.0,0.0,0.0,9.845659579166398,9.845659579166398,0,790
JXH0493,2010-02-18,0.0,0.0,0.0,0.0,0.0,0.20448653735757993,0.37641065021308584,0.8948984331056307,0.0,0.0,0.0,0.0,9.838637471175309,9.838637471175309,0,791
PBP0002,2011-01-28,0.0,0.0,0.0,0.0,0.0,0.5696720963013862,0.9055431186701037,0.0,0.0,0.0,0.0,0.0,9.834768099809933,9.834768099809933,0,792
NRD0548,2010-07-21,0.2441523901385969,0.0,0.0,0.0,0.0,0.5770904059766871,0.5313212385119512,0.0,2.441523901385969,0.0,0.0,0.0,7.389410963257589,9.830934864643558,0,793
RAH0440,2010-09-30,0.2441523901385969,0.0,0.0,0.0,0.0,0.622769912995176,0.48554794762269937,0.0,2.441523901385969,0.0,0.0,0.0,7.388785737452502,9.830309638838472,0,794
CCH0182,2010-11-15,0.0,0.0,0.0,0.0,0.0,0.36159453166063843,0.19551298179976315,0.9146740246823295,0.0,0.0,0.0,0.0,9.81187692095154,9.81187692095154,0,795
AAN0823,2010-02-15,0.0,0.0,0.0,0.0,0.0,0.2109632539223229,0.2597579279554454,1.0,0.0,0.0,0.0,0.0,9.804807879185123,9.804807879185123,0,796
SAT0194,2011-01-03,0.0,0.0,0.0,0.0,0.0,0.2856817159621222,0.2544465486277675,0.9298021400838101,0.0,0.0,0.0,0.0,9.799536031157999,9.799536031157999,0,797
LAF0991,2010-06-10,0.0,0.0,0.0,0.0,0.0,0.7205766921228903,0.6595626151363588,0.0879815311086453,0.0,0.0,0.0,0.0,9.787472255785964,9.787472255785964,0,798
MJS0890,2010-09-13,0.0,0.0,0.0,0.0,0.0,0.4232853729015952,0.4280420811806782,0.6153871128820468,0.0,0.0,0.0,0.0,9.778097113095468,9.778097113095468,0,799
MHG0733,2010-09-20,0.2441523901385969,0.0,0.0,0.0,0.0,0.522455780247281,0.5770222832151457,0.0,2.441523901385969,0.0,0.0,0.0,7.329853756416179,9.771377657802148,0,800
ETR0177,2010-09-24,0.0,0.0,0.0,0.0,0.0,0.7348469228349532,0.7308112430652438,0.0,0.0,0.0,0.0,0.0,9.771054439334646,9.771054439334646,0,801
TET0621,2010-10-28,0.1828348200660132,0.0,0.0,0.0,0.0,0.3945213033836436,0.44446253050337614,0.3519429933065985,1.8283482006601322,0.0,0.0,0.0,7.939512181290787,9.76786038195092,0,802
KDS0349,2011-03-24,0.2441523901385969,0.0,0.0,0.0,0.0,0.5584884427267408,0.5359306893252535,0.0,2.441523901385969,0.0,0.0,0.0,7.2961275470132945,9.737651448399264,0,803
RAG0275,2011-03-17,0.0,0.0,0.0,0.0,0.0,0.2508842995125188,0.2093459880691934,1.0,0.0,0.0,0.0,0.0,9.73486858387808,9.73486858387808,0,804
AIM0627,2010-11-19,0.19639610121239312,0.0,0.0,0.0,0.0,0.5111884906003381,0.6542090317102571,0.0,1.9639610121239313,0.0,0.0,0.0,7.769316815403968,9.7332778275279,0,805
MAD0496,2010-02-14,0.0,0.0,0.0,0.0,0.0,0.24960179216113007,0.20915351746405308,1.0,0.0,0.0,0.0,0.0,9.725035397501221,9.725035397501221,0,806
DOP0562,2010-09-10,0.0,0.0,0.0,0.0,0.0,0.3136426041674306,0.14372024532213182,1.0,0.0,0.0,0.0,0.0,9.715752329930417,9.715752329930417,0,807
MIM0712,2010-11-17,0.0,0.0,0.0,0.0,0.0,0.2109632539223229,0.26768476460014046,0.9776450301150967,0.0,0.0,0.0,0.0,9.7086203242504,9.7086203242504,0,808
BDB0453,2011-03-24,0.4819834543383549,0.0,0.0,0.0,0.0,0.26349301969610395,0.4689230450649492,0.0,4.819834543383549,0.0,0.0,0.0,4.882773765073687,9.702608308457236,0,809
UCS0227,2011-01-03,0.18283482006601323,0.0,0.0,0.0,0.0,0.6248204014318003,0.5539609252077713,0.0,1.8283482006601324,0.0,0.0,0.0,7.858542177597144,9.686890378257276,0,810
FLM0213,2010-12-13,0.0,0.0,0.0,0.0,0.0,0.3059705897057411,0.38712249240876495,0.7588448672550355,0.0,0.0,0.0,0.0,9.679586329130277,9.679586329130277,0,811
SLT0907,2010-06-21,0.0,0.0,0.0,0.0,0.0,0.4657094007013808,0.4405432111759068,0.5440053729191046,0.0,0.0,0.0,0.0,9.66838656530928,9.66838656530928,0,812
LDM0587,2010-07-22,0.0,0.0,0.0,0.0,0.0,0.22677868380553634,0.22166057762112018,1.0,0.0,0.0,0.0,0.0,9.656261742844377,9.656261742844377,0,813
BVN0514,2010-02-19,0.0,0.0,0.0,0.0,0.0,0.12159201918194215,0.3245109903576395,1.0,0.0,0.0,0.0,0.0,9.640686730263877,9.640686730263877,0,814
NNA0610,2010-11-16,0.2109632539223229,0.0,0.0,0.0,0.0,0.602076849408462,0.5168855208900588,0.0,2.109632539223229,0.0,0.0,0.0,7.459749135323471,9.569381674546701,0,815
DGF0443,2010-03-11,0.2441523901385969,0.0,0.0,0.0,0.0,0.4954355897569601,0.5722369028786909,0.0,2.441523901385969,0.0,0.0,0.0,7.117816617571005,9.559340518956974,0,816
DIC0988,2010-04-21,0.0,0.0,0.0,0.0,0.0,0.748845264904059,0.6807751313240423,0.0,0.0,0.0,0.0,0.0,9.530802641520676,9.530802641520676,0,817
MKL0941,2010-12-22,0.0,0.0,0.0,0.0,0.0,0.7972445649077371,0.6308530071763618,0.0,0.0,0.0,0.0,0.0,9.52065048056066,9.52065048056066,0,818
ATF0274,2010-11-16,0.0,0.0,0.0,0.0,0.0,0.49543558975695967,0.49299000922296327,0.4389132739134854,0.0,0.0,0.0,0.0,9.515592485956056,9.515592485956056,0,819
DGN0480,2010-10-08,0.0,0.0,0.0,0.0,0.0,0.3285425380914142,0.398195047020678,0.6987679936605488,0.0,0.0,0.0,0.0,9.50337052515094,9.50337052515094,0,820
VEB0935,2010-09-09,0.0,0.0,0.0,0.0,0.0,0.6920880170447736,0.731926189920441,0.0,0.0,0.0,0.0,0.0,9.493428046434765,9.493428046434765,0,821
DCC0160,2011-03-31,0.0,0.0,0.0,0.0,0.0,0.3229955076008625,0.42234465055663606,0.6689507873470191,0.0,0.0,0.0,0.0,9.42860630336345,9.42860630336345,0,822
ZMC0284,2010-08-23,0.0,0.0,0.0,0.0,0.0,0.2872849704296795,0.13892082495129504,0.9874003535239935,0.0,0.0,0.0,0.0,9.424040992699787,9.424040992699787,0,823
TIW0299,2010-10-01,0.0,0.0,0.0,0.0,0.0,0.21096325392232296,0.2012714219460512,1.0,0.0,0.0,0.0,0.0,9.414897839122494,9.414897839122494,0,824
ASG0048,2010-08-30,0.0,0.0,0.0,0.0,0.0,0.5057932103671846,0.5880549533143491,0.3178329853178402,0.0,0.0,0.0,0.0,9.411207659995826,9.411207659995826,0,825
MHG0244,2011-03-03,0.0,0.0,0.0,0.0,0.0,0.6557581378549541,0.7557635078149576,0.0,0.0,0.0,0.0,0.0,9.410144304466078,9.410144304466078,0,826
HTF0641,2011-01-05,0.0,0.0,0.0,0.0,0.0,0.38231585571858584,0.2381694785332133,0.7895834308338566,0.0,0.0,0.0,0.0,9.40045843390437,9.40045843390437,0,827
UBF0645,2010-12-13,0.0,0.0,0.0,0.0,0.0,0.40652128768868223,1.0,0.0,0.0,0.0,0.0,0.0,9.376808584591215,9.376808584591215,0,828
CSB0080,2010-09-07,0.28535691936340263,0.0,0.0,0.0,0.0,0.27102710209984343,0.6976312932385595,0.0,2.8535691936340264,0.0,0.0,0.0,6.457722635589352,9.311291829223379,0,829
BYP0070,2010-06-07,0.1828348200660132,0.0,0.0,0.0,0.0,0.5999999999999995,0.5197280150142325,0.0,1.8283482006601322,0.0,0.0,0.0,7.464853433428212,9.293201634088344,0,830
PRM0740,2010-04-09,0.0,0.0,0.0,0.0,0.0,0.6769864848770161,0.7150734565560535,0.0,0.0,0.0,0.0,0.0,9.280399609553797,9.280399609553797,0,831
CSJ0340,2010-04-29,0.0,0.0,0.0,0.0,0.0,0.40258511520260043,0.2281549717225766,0.758430874440346,0.0,0.0,0.0,0.0,9.26113974243682,9.26113974243682,0,832
TLK0993,2011-03-21,0.0,0.0,0.0,0.0,0.0,0.612382549112459,0.7763377381235859,0.0,0.0,0.0,0.0,0.0,9.258135248240299,9.258135248240299,0,833
BWH0813,2011-03-29,0.0,0.0,0.0,0.0,0.0,0.23579123978271915,0.2946149805997786,0.8540247011632027,0.0,0.0,0.0,0.0,9.229539476971336,9.229539476971336,0,834
TDJ0998,2010-06-01,0.0,0.0,0.0,0.0,0.0,0.3883361264040954,0.33023881357799845,0.6620258404574136,0.0,0.0,0.0,0.0,9.20400520293005,9.20400520293005,0,835
OQH0183,2011-01-24,0.0,0.0,0.0,0.0,0.0,0.10656255781390342,0.27303285390104903,1.0,0.0,0.0,0.0,0.0,9.19730274476635,9.19730274476635,0,836
JLW0053,2010-07-02,0.1351690670668749,0.0,0.0,0.0,0.0,0.5708290018409028,0.6024368201790279,0.0,1.351690670668749,0.0,0.0,0.0,7.821772146799537,9.173462817468286,0,837
MCJ0324,2011-04-21,0.0,0.0,0.0,0.0,0.0,0.47266866640678185,0.7839844668630708,0.11816973322123876,0.0,0.0,0.0,0.0,9.165485776607275,9.165485776607275,0,838
TRK0914,2011-03-07,0.0,0.0,0.0,0.0,0.0,0.23433686233804374,0.1391961276075361,1.0,0.0,0.0,0.0,0.0,9.156886599637199,9.156886599637199,0,839
MDM0976,2010-09-29,0.19639610121239312,0.0,0.0,0.0,0.0,0.47522250707091507,0.6022235917460067,0.0,1.9639610121239313,0.0,0.0,0.0,7.182973992112812,9.146935004236743,0,840
WGS0516,2010-04-01,0.0,0.0,0.0,0.0,0.0,0.5266744898294222,0.8367308494442665,0.0,0.0,0.0,0.0,0.0,9.089368928491258,9.089368928491258,0,841
AGB0186,2010-10-04,0.0,0.0,0.0,0.0,0.0,0.3874846589250415,0.9712422511623793,0.0,0.0,0.0,0.0,0.0,9.058179400582805,9.058179400582805,0,842
JER0404,2010-05-03,0.0,0.0,0.0,0.0,0.0,0.5555988749899606,0.7998634867929943,0.0,0.0,0.0,0.0,0.0,9.0364157452197,9.0364157452197,0,843
KBC0054,2011-04-08,0.0,0.0,0.0,0.0,0.0,0.5820463632898428,0.7703769644791968,0.0,0.0,0.0,0.0,0.0,9.016155518460264,9.016155518460264,0,844
GMF0738,2010-08-10,0.3401680257083045,0.0,0.0,0.0,0.0,0.4241608037551325,0.41517001627822586,0.0,3.4016802570830453,0.0,0.0,0.0,5.595538800222389,8.997219057305434,0,845
MSD0939,2010-04-20,0.0,0.0,0.0,0.0,0.0,0.5824954178824956,0.7662968231644076,0.0,0.0,0.0,0.0,0.0,8.991948273646022,8.991948273646022,0,846
CBG0490,2010-02-15,0.0,0.0,0.0,0.0,0.0,0.4693379687929534,0.5310493546653113,0.3438062899031349,0.0,0.0,0.0,0.0,8.961290755742665,8.961290755742665,0,847
RCC0617,2010-05-19,0.2267786838055364,0.0,0.0,0.0,0.0,0.48146925105075666,0.5198896744830601,0.0,2.267786838055364,0.0,0.0,0.0,6.675726170225445,8.94351300828081,0,848
CGA0629,2011-02-02,0.37606990231680526,0.0,0.0,0.0,0.0,0.3233590907165797,0.45166953734698534,0.0,3.7606990231680526,0.0,0.0,0.0,5.166857520423767,8.92755654359182,0,849
CAC0889,2010-03-09,0.0,0.0,0.0,0.0,0.0,0.1776469576391377,0.24920940986446607,0.9094379728109026,0.0,0.0,0.0,0.0,8.908628935430043,8.908628935430043,0,850
TAC0300,2011-01-10,0.0,0.0,0.0,0.0,0.0,0.623641380465225,0.7108468321873417,0.0,0.0,0.0,0.0,0.0,8.896588084350444,8.896588084350444,0,851
AAW0353,2010-10-05,0.24415239013859685,0.0,0.0,0.0,0.0,0.47164449226368965,0.4865141999875318,0.0,2.4415239013859686,0.0,0.0,0.0,6.3877246150081435,8.829248516394113,0,852
GRM0868,2011-01-31,0.0,0.0,0.0,0.0,0.0,0.6538915963224958,0.6698141682858074,0.0,0.0,0.0,0.0,0.0,8.824705097388689,8.824705097388689,0,853
HDD0789,2010-04-12,0.0,0.0,0.0,0.0,0.0,0.3755492871524926,0.2981519936643447,0.6476446957443719,0.0,0.0,0.0,0.0,8.808973177074728,8.808973177074728,0,854
CCW0031,2011-02-07,0.0,0.0,0.0,0.0,0.0,0.3145358282933336,0.2794100741095326,0.725144577437906,0.0,0.0,0.0,0.0,8.793936532271815,8.793936532271815,0,855
HPM0986,2010-04-29,0.0,0.0,0.0,0.0,0.0,0.7088871220009253,0.6079817147695024,0.0,0.0,0.0,0.0,0.0,8.779125578469516,8.779125578469516,0,856
ENL0100,2010-05-20,0.0,0.0,0.0,0.0,0.0,0.36397358890153,0.5998372588651345,0.351402464729483,0.0,0.0,0.0,0.0,8.768088749974318,8.768088749974318,0,857
KMS0657,2011-01-03,0.0,0.0,0.0,0.0,0.0,0.5440053729191056,0.7669865968960402,0.0,0.0,0.0,0.0,0.0,8.739946465434304,8.739946465434304,0,858
JOM0750,2010-08-02,0.26349301969610395,0.0,0.0,0.0,0.0,0.46045447772413733,0.44820315603197775,0.0,2.6349301969610393,0.0,0.0,0.0,6.057717558374101,8.692647755335141,0,859
PKB0281,2010-03-24,0.0,0.0,0.0,0.0,0.0,0.7506066910335115,0.5431081999701639,0.0,0.0,0.0,0.0,0.0,8.624765940024503,8.624765940024503,0,860
EBC0390,2011-01-20,0.22677868380553634,0.0,0.0,0.0,0.0,0.39484692718076986,0.5565203159430314,0.0,2.2677868380553634,0.0,0.0,0.0,6.342448287492008,8.610235125547371,0,861
CMM0487,2011-03-04,0.0,0.0,0.0,0.0,0.0,0.6402162504112513,0.6483439001977593,0.0,0.0,0.0,0.0,0.0,8.59040100406007,8.59040100406007,0,862
HAV0121,2011-01-21,0.0,0.0,0.0,0.0,0.0,0.6357952413886335,0.649647528211889,0.0,0.0,0.0,0.0,0.0,8.569618464003485,8.569618464003485,0,863
NSS0876,2010-07-12,0.0,0.0,0.0,0.0,0.0,0.44902179393496133,0.8363088138609658,0.0,0.0,0.0,0.0,0.0,8.568870718639513,8.568870718639513,0,864
DJS0682,2010-06-16,0.0,0.0,0.0,0.0,0.0,0.6343040698900984,0.6481866228335882,0.0,0.0,0.0,0.0,0.0,8.549937951491243,8.549937951491243,0,865
MOP0763,2011-01-19,0.0,0.0,0.0,0.0,0.0,0.49135381491199565,0.7909116158263532,0.0,0.0,0.0,0.0,0.0,8.548436204922325,8.548436204922325,0,866
YEV0793,2011-01-25,0.0,0.0,0.0,0.0,0.0,0.5061505672782373,0.5580480164575056,0.21746931745078474,0.0,0.0,0.0,0.0,8.54445267457685,8.54445267457685,0,867
IJW0851,2011-02-09,0.06803360514166087,0.0,0.0,0.0,0.0,0.554945046377961,0.6232034390555695,0.0,0.6803360514166088,0.0,0.0,0.0,7.854323236223536,8.534659287640144,0,868
MCT0720,2010-08-10,0.0,0.0,0.0,0.0,0.0,0.2853569193634024,0.9897194033581324,0.0,0.0,0.0,0.0,0.0,8.500508818143565,8.500508818143565,0,869
BJH0354,2010-09-30,0.0,0.0,0.0,0.0,0.0,0.5239689509080401,0.7497980057392417,0.0,0.0,0.0,0.0,0.0,8.491779710981879,8.491779710981879,0,870
NCK0421,2010-06-10,0.15798095832497447,0.0,0.0,0.0,0.0,0.4658115615712582,0.5670673453066952,0.0,1.5798095832497447,0.0,0.0,0.0,6.885859379186355,8.4656689624361,0,871
KJA0152,2011-03-31,0.0,0.0,0.0,0.0,0.0,0.6681903199237019,0.600623453407849,0.0,0.0,0.0,0.0,0.0,8.458758488877006,8.458758488877006,0,872
SSS0345,2010-05-28,0.0,0.0,0.0,0.0,0.0,0.45515350058620374,0.8130770613218272,0.0,0.0,0.0,0.0,0.0,8.454870412720206,8.454870412720206,0,873
RCP0785,2010-11-22,0.0,0.0,0.0,0.0,0.0,0.4289801758541989,0.838774388043837,0.0,0.0,0.0,0.0,0.0,8.451697092653573,8.451697092653573,0,874
BBH0810,2010-12-10,0.0,0.0,0.0,0.0,0.0,0.545852743142871,0.7197272867724964,0.0,0.0,0.0,0.0,0.0,8.437200199435782,8.437200199435782,0,875
KLM0639,2010-11-04,0.0,0.0,0.0,0.0,0.0,0.4956199125785418,0.7668123029650477,0.0,0.0,0.0,0.0,0.0,8.416214770290596,8.416214770290596,0,876
JPW0741,2010-02-23,0.19639610121239312,0.0,0.0,0.0,0.0,0.46269192523886576,0.50159482009215,0.0,1.9639610121239313,0.0,0.0,0.0,6.428578302206772,8.392539314330703,0,877
ROB0272,2010-12-15,0.03779644730092259,0.0,0.0,0.0,0.0,0.5109998817229603,0.6896392565953989,0.0,0.37796447300922587,0.0,0.0,0.0,8.004260922122395,8.38222539513162,0,878
EMW0105,2011-01-12,0.0,0.0,0.0,0.0,0.0,0.5223700143515975,0.7343143011063267,0.0,0.0,0.0,0.0,0.0,8.377895436386162,8.377895436386162,0,879
NAB0903,2010-08-13,0.0,0.0,0.0,0.0,0.0,0.5753827271561444,0.6803785877777364,0.0,0.0,0.0,0.0,0.0,8.371742099559206,8.371742099559206,0,880
MHA0798,2010-02-25,0.0,0.0,0.0,0.0,0.0,0.4690801278729258,0.7840331965253763,0.0,0.0,0.0,0.0,0.0,8.354088829322015,8.354088829322015,0,881
ZJS0269,2010-12-14,0.0,0.0,0.0,0.0,0.0,0.6311484065771563,0.6135159856456815,0.0,0.0,0.0,0.0,0.0,8.29776261481892,8.29776261481892,0,882
LDD0560,2010-02-05,0.708116213222499,0.0,0.0,0.0,0.0,0.11617659259299415,0.06580862178081959,0.0,7.081162132224989,0.0,0.0,0.0,1.2132347624920916,8.294396894717082,0,883
SSR0278,2010-04-01,0.0,0.0,0.0,0.0,0.0,0.7238790773986028,0.5089502240847033,0.0,0.0,0.0,0.0,0.0,8.218862009888706,8.218862009888706,0,884
RMS0266,2010-11-24,0.0,0.0,0.0,0.0,0.0,0.5483916340197001,0.6805910371295115,0.0,0.0,0.0,0.0,0.0,8.19321780766141,8.19321780766141,0,885
RJB0088,2010-03-12,0.0,0.0,0.0,0.0,0.0,0.49087942364697623,0.736969846612703,0.0,0.0,0.0,0.0,0.0,8.185661801731195,8.185661801731195,0,886
KAC0124,2010-05-14,0.0,0.0,0.0,0.0,0.0,0.6063864806104562,0.6198439310912479,0.0,0.0,0.0,0.0,0.0,8.174869411344693,8.174869411344693,0,887
CJG0470,2011-02-09,0.3401680257083045,0.0,0.0,0.0,0.0,0.37606990231680537,0.32852260282543366,0.0,3.4016802570830453,0.0,0.0,0.0,4.697283367614927,8.098963624697973,0,888
MVF0594,2010-10-22,0.0,0.0,0.0,0.0,0.0,0.2109632539223229,1.0,0.0,0.0,0.0,0.0,0.0,8.073088359482153,8.073088359482153,0,889
HKB0418,2010-03-18,0.26349301969610395,0.0,0.0,0.0,0.0,0.36080267658177284,0.45487753672152326,0.0,2.6349301969610393,0.0,0.0,0.0,5.437868088688641,8.07279828564968,0,890
AAS0442,2010-02-24,0.0,0.0,0.0,0.0,0.0,0.43465276738026287,0.6010459302618159,0.1676762309229404,0.0,0.0,0.0,0.0,8.022499523766795,8.022499523766795,0,891
EHR0096,2010-02-23,0.0,0.0,0.0,0.0,0.0,0.608904557271008,0.5853926247430362,0.0,0.0,0.0,0.0,0.0,7.961981213426962,7.961981213426962,0,892
KRL0062,2011-03-22,0.0,0.0,0.0,0.0,0.0,0.6106985631204198,0.583458664174081,0.0,0.0,0.0,0.0,0.0,7.9610481819633385,7.9610481819633385,0,893
IAT0263,2010-03-23,0.0,0.0,0.0,0.0,0.0,0.14142135623730956,0.14527236202414712,0.904500452250339,0.0,0.0,0.0,0.0,7.941294470078638,7.941294470078638,0,894
SEJ0677,2010-09-07,0.3105295017040594,0.0,0.0,0.0,0.0,0.36562513040754424,0.3587475657592716,0.0,3.105295017040594,0.0,0.0,0.0,4.829151307778772,7.9344463248193655,0,895
SER0165,2010-11-19,0.0,0.0,0.0,0.0,0.0,0.520349277667289,0.6664216296472165,0.0,0.0,0.0,0.0,0.0,7.911806048763369,7.911806048763369,0,896
CGF0337,2011-04-12,0.0,0.0,0.0,0.0,0.0,0.36648318837400284,0.8167798295741345,0.0,0.0,0.0,0.0,0.0,7.888420119654249,7.888420119654249,0,897
SBQ0786,2011-04-11,0.0,0.0,0.0,0.0,0.0,0.5083381329473824,0.6327155348840393,0.0365048234996989,0.0,0.0,0.0,0.0,7.850389942207471,7.850389942207471,0,898
MCF0327,2010-03-23,0.0,0.0,0.0,0.0,0.0,0.5738190417570042,0.6032469913043965,0.0,0.0,0.0,0.0,0.0,7.847106887076004,7.847106887076004,0,899
SJW0451,2010-09-15,0.3105295017040593,0.0,0.0,0.0,0.0,0.2441523901385969,0.46466481751718636,0.0,3.105295017040593,0.0,0.0,0.0,4.725448051038555,7.830743068079148,0,900
COM0321,2010-08-06,0.0,0.0,0.0,0.0,0.0,0.5385855080137054,0.6354522079029655,0.0,0.0,0.0,0.0,0.0,7.82691810611114,7.82691810611114,0,901
RBB0485,2010-12-01,0.0,0.0,0.0,0.0,0.0,0.6132547767196794,0.5543388322047396,0.0,0.0,0.0,0.0,0.0,7.7839573928294605,7.7839573928294605,0,902
JNA0559,2010-02-24,0.0,0.0,0.0,0.0,0.0,0.4956199125785412,0.6675173018838066,0.0,0.0,0.0,0.0,0.0,7.754248096415651,7.754248096415651,0,903
ESA0642,2010-05-24,0.0,0.0,0.0,0.0,0.0,0.47164449226368943,0.6877862969685251,0.0,0.0,0.0,0.0,0.0,7.729538594881431,7.729538594881431,0,904
NMC0486,2010-06-02,0.0,0.0,0.0,0.0,0.0,0.566946709513841,0.5695318557298725,0.0,0.0,0.0,0.0,0.0,7.576523768291423,7.576523768291423,0,905
MAW0166,2010-06-25,0.0,0.0,0.0,0.0,0.0,0.5687926487325574,0.5651731529472437,0.0,0.0,0.0,0.0,0.0,7.559772011198675,7.559772011198675,0,906
RNF0765,2011-01-05,0.0,0.0,0.0,0.0,0.0,0.4319578475144049,0.6973291969747656,0.0,0.0,0.0,0.0,0.0,7.528580296594471,7.528580296594471,0,907
ERH0449,2010-06-10,0.17008401285415226,0.0,0.0,0.0,0.0,0.19639610121239312,0.6749380478468853,0.0,1.7008401285415227,0.0,0.0,0.0,5.808894327061856,7.509734455603379,0,908
GCS0518,2011-03-28,0.0,0.0,0.0,0.0,0.0,0.43465276738026287,0.6910273502518784,0.0,0.0,0.0,0.0,0.0,7.504534117547609,7.504534117547609,0,909
SHR0334,2011-04-26,0.0,0.0,0.0,0.0,0.0,0.46570940070138134,0.6588140614265634,0.0,0.0,0.0,0.0,0.0,7.496823080852964,7.496823080852964,0,910
CMW0783,2011-04-06,0.0,0.0,0.0,0.0,0.0,0.42869746046022017,0.6925290873812048,0.0,0.0,0.0,0.0,0.0,7.474843652276166,7.474843652276166,0,911
NLO0131,2010-12-10,0.0,0.0,0.0,0.0,0.0,0.2853569193634026,0.8337233448826668,0.0,0.0,0.0,0.0,0.0,7.460535094973796,7.460535094973796,0,912
JKB0126,2010-11-24,0.0,0.0,0.0,0.0,0.0,0.4913538149119961,0.6203123180397254,0.0,0.0,0.0,0.0,0.0,7.411107553011477,7.411107553011477,0,913
OLF0504,2010-11-03,0.0,0.0,0.0,0.0,0.0,0.48332876326926993,0.6274515570215654,0.0,0.0,0.0,0.0,0.0,7.405202135272235,7.405202135272235,0,914
CAM0102,2010-02-12,0.0,0.0,0.0,0.0,0.0,0.5493215386491961,0.5571784532252416,0.0,0.0,0.0,0.0,0.0,7.376666612496251,7.376666612496251,0,915
AMV0036,2010-10-25,0.0,0.0,0.0,0.0,0.0,0.5797364827047896,0.5261656014006524,0.0,0.0,0.0,0.0,0.0,7.372680560702948,7.372680560702948,0,916
SCB0534,2010-04-21,0.0,0.0,0.0,0.0,0.0,0.3777397420014376,0.7245804276324974,0.0,0.0,0.0,0.0,0.0,7.3488011308929,7.3488011308929,0,917
DTT0076,2010-11-04,0.0,0.0,0.0,0.0,0.0,0.4680864449824296,0.6336506397366366,0.0,0.0,0.0,0.0,0.0,7.344913898127108,7.344913898127108,0,918
AMR0400,2011-03-16,0.0,0.0,0.0,0.0,0.0,0.4719727603258799,0.6258743832044068,0.0,0.0,0.0,0.0,0.0,7.318980956868578,7.318980956868578,0,919
QCH0110,2010-05-13,0.0,0.0,0.0,0.0,0.0,0.4346527673802627,0.6619574292008239,0.0,0.0,0.0,0.0,0.0,7.310734643873911,7.310734643873911,0,920
GTD0898,2010-02-16,0.0,0.0,0.0,0.0,0.0,0.4657094007013809,0.6119965550119152,0.0,0.0,0.0,0.0,0.0,7.1847063714219725,7.1847063714219725,0,921
JZD0888,2011-03-02,0.0,0.0,0.0,0.0,0.0,0.5266744898294213,0.5504690401012262,0.0,0.0,0.0,0.0,0.0,7.180956866204316,7.180956866204316,0,922
WTR0563,2010-11-09,0.0,0.0,0.0,0.0,0.0,0.4443677379909167,0.627738346806441,0.0,0.0,0.0,0.0,0.0,7.147373898649052,7.147373898649052,0,923
MCS0035,2010-10-12,0.0,0.0,0.0,0.0,0.0,0.45216917475184426,0.6133238389312969,0.0,0.0,0.0,0.0,0.0,7.103286757887609,7.103286757887609,0,924
ECR0822,2010-03-29,0.0,0.0,0.0,0.0,0.0,0.31052950170405935,0.752142890882171,0.0,0.0,0.0,0.0,0.0,7.084482617241536,7.084482617241536,0,925
MFV0897,2011-02-15,0.0,0.0,0.0,0.0,0.0,0.39770938821592206,0.6583641995508862,0.0,0.0,0.0,0.0,0.0,7.040490585112055,7.040490585112055,0,926
CNB0900,2010-03-23,0.0,0.0,0.0,0.0,0.0,0.5266744898294222,0.5285737974492097,0.0,0.0,0.0,0.0,0.0,7.034988581857546,7.034988581857546,0,927
ELT0769,2010-10-21,0.0,0.0,0.0,0.0,0.0,0.31512047196921883,0.7380272489896512,0.0,0.0,0.0,0.0,0.0,7.020984806392466,7.020984806392466,0,928
POB0343,2011-03-03,0.0,0.0,0.0,0.0,0.0,0.4837870716047217,0.5660897176121035,0.0,0.0,0.0,0.0,0.0,6.999178594778833,6.999178594778833,0,929
TLH0648,2010-10-13,0.0,0.0,0.0,0.0,0.0,0.37773974200143756,0.6703622245903846,0.0,0.0,0.0,0.0,0.0,6.98734644394548,6.98734644394548,0,930
SAP0867,2010-07-07,0.0,0.0,0.0,0.0,0.0,0.5370229006977745,0.5084605215216438,0.0,0.0,0.0,0.0,0.0,6.969889481462789,6.969889481462789,0,931
CRD0624,2010-03-01,0.5330457154646165,0.0,0.0,0.0,0.0,0.07680598716158495,0.0552044908802337,0.11338934190276817,5.330457154646165,0.0,0.0,0.0,1.635998799630579,6.966455954276745,0,932
CKB0482,2010-07-20,0.0,0.0,0.0,0.0,0.0,0.43576382352153803,0.6038983931087789,0.0,0.0,0.0,0.0,0.0,6.931081444202113,6.931081444202113,0,933
OLB0749,2010-04-07,0.12421180068162377,0.0,0.0,0.0,0.0,0.38371945431700805,0.46801986177571997,0.0,1.2421180068162376,0.0,0.0,0.0,5.678262107284854,6.920380114101092,0,934
AMM0014,2011-01-26,0.0,0.0,0.0,0.0,0.0,0.5669467095138395,0.47024780047531267,0.0,0.0,0.0,0.0,0.0,6.9146300665943485,6.9146300665943485,0,935
ASS0206,2010-08-24,0.0,0.0,0.0,0.0,0.0,0.45356731393551364,0.5744010796486769,0.0,0.0,0.0,0.0,0.0,6.853122623894604,6.853122623894604,0,936
KKC0683,2011-02-07,0.0,0.0,0.0,0.0,0.0,0.6829820954107023,0.34086403364231976,0.0,0.0,0.0,0.0,0.0,6.82564086035348,6.82564086035348,0,937
MBR0724,2010-07-19,0.0,0.0,0.0,0.0,0.0,0.26349301969610395,0.755614360073294,0.0,0.0,0.0,0.0,0.0,6.794049198462653,6.794049198462653,0,938
JRL0574,2011-01-05,0.0,0.0,0.0,0.0,0.0,0.2109632539223229,0.8056165038290558,0.0,0.0,0.0,0.0,0.0,6.777198385009191,6.777198385009191,0,939
AJP0723,2010-05-06,0.0,0.0,0.0,0.0,0.0,0.2267786838055364,0.7886956655388946,0.0,0.0,0.0,0.0,0.0,6.76982899562954,6.76982899562954,0,940
CLD0894,2011-05-16,0.0,0.0,0.0,0.0,0.0,0.4212227100104782,0.5887522551363986,0.0,0.0,0.0,0.0,0.0,6.733166434312512,6.733166434312512,0,941
QSV0778,2011-03-10,0.0,0.0,0.0,0.0,0.0,0.4494152044312988,0.5567383277612103,0.0,0.0,0.0,0.0,0.0,6.707690214616727,6.707690214616727,0,942
JFC0757,2010-11-30,0.0,0.0,0.0,0.0,0.0,0.5526311375305389,0.44668326492883625,0.0,0.0,0.0,0.0,0.0,6.662096016395834,6.662096016395834,0,943
ECF0828,2010-04-12,0.0,0.0,0.0,0.0,0.0,0.26349301969610395,0.7292415034874382,0.0,0.0,0.0,0.0,0.0,6.618230154556947,6.618230154556947,0,944
SOB0586,2010-06-30,0.0,0.0,0.0,0.0,0.0,0.2109632539223229,0.7807400630407497,0.0,0.0,0.0,0.0,0.0,6.611355446420485,6.611355446420485,0,945
RHC0335,2010-09-08,0.0,0.0,0.0,0.0,0.0,0.3615945316606386,0.6287945836208335,0.0,0.0,0.0,0.0,0.0,6.602594101876481,6.602594101876481,0,946
JRH0455,2010-02-22,0.22677868380553634,0.0,0.0,0.0,0.0,0.1828348200660132,0.4664141062184628,0.0,2.2677868380553634,0.0,0.0,0.0,4.32832617522984,6.596113013285203,0,947
DID0650,2011-02-04,0.0,0.0,0.0,0.0,0.0,0.43593773651142287,0.553407500143644,0.0,0.0,0.0,0.0,0.0,6.5956349110337795,6.5956349110337795,0,948
SMB0804,2011-01-14,0.0,0.0,0.0,0.0,0.0,0.46361926014311966,0.5256327665563458,0.0,0.0,0.0,0.0,0.0,6.59501351132977,6.59501351132977,0,949
ZCF0590,2011-04-18,0.0,0.0,0.0,0.0,0.0,0.263493019696104,0.7256958123201892,0.0,0.0,0.0,0.0,0.0,6.594592213441954,6.594592213441954,0,950
FPC0954,2011-01-25,0.0,0.0,0.0,0.0,0.0,0.22677868380553634,0.7586462477807235,0.0,0.0,0.0,0.0,0.0,6.5694995439084,6.5694995439084,0,951
EFS0882,2010-02-26,0.0,0.0,0.0,0.0,0.0,0.42122271001047806,0.5597098061555605,0.0,0.0,0.0,0.0,0.0,6.539550107773591,6.539550107773591,0,952
DVW0103,2010-06-14,0.0,0.0,0.0,0.0,0.0,0.41403933560541234,0.5667688775035075,0.0,0.0,0.0,0.0,0.0,6.538721420726131,6.538721420726131,0,953
ASD0577,2010-03-18,0.0,0.0,0.0,0.0,0.0,0.2441523901385969,0.730412788724587,0.0,0.0,0.0,0.0,0.0,6.497101192421226,6.497101192421226,0,954
JIG0128,2010-09-24,0.0,0.0,0.0,0.0,0.0,0.4960031256720888,0.4778827523205796,0.0,0.0,0.0,0.0,0.0,6.492572519951123,6.492572519951123,0,955
IHK0841,2010-06-16,0.0,0.0,0.0,0.0,0.0,0.22677868380553634,0.7385098227106839,0.0,0.0,0.0,0.0,0.0,6.435256710108135,6.435256710108135,0,956
JJB0127,2010-10-29,0.0,0.0,0.0,0.0,0.0,0.5657075769835871,0.39780466324430364,0.0,0.0,0.0,0.0,0.0,6.423414934852605,6.423414934852605,0,957
IDO0176,2010-03-17,0.0,0.0,0.0,0.0,0.0,0.46045282790171804,0.5010235932809645,0.0,0.0,0.0,0.0,0.0,6.409842807884551,6.409842807884551,0,958
CJK0200,2010-07-01,0.0,0.0,0.0,0.0,0.0,0.4458374036671208,0.5108419459302247,0.0,0.0,0.0,0.0,0.0,6.37786233064897,6.37786233064897,0,959
AES0827,2010-12-30,0.0,0.0,0.0,0.0,0.0,0.4212227100104783,0.5306519679745632,0.0,0.0,0.0,0.0,0.0,6.345831186566943,6.345831186566943,0,960
YWW0660,2010-11-03,0.0,0.0,0.0,0.0,0.0,0.39775398482670243,0.5518512935606474,0.0,0.0,0.0,0.0,0.0,6.330701855915666,6.330701855915666,0,961
CAN0842,2010-05-24,0.0,0.0,0.0,0.0,0.0,0.42122271001047834,0.5256645269715859,0.0,0.0,0.0,0.0,0.0,6.312581579880429,6.312581579880429,0,962
YJV0699,2010-11-03,0.0,0.0,0.0,0.0,0.0,0.3105295017040594,0.6324863126199627,0.0,0.0,0.0,0.0,0.0,6.286772095493482,6.286772095493482,0,963
NRF0137,2011-02-15,0.0,0.0,0.0,0.0,0.0,0.22677868380553634,0.7146976612236786,0.0,0.0,0.0,0.0,0.0,6.2765089668614324,6.2765089668614324,0,964
PLH0862,2010-02-12,0.0,0.0,0.0,0.0,0.0,0.26876697150443,0.6648512725314779,0.0,0.0,0.0,0.0,0.0,6.224121626906053,6.224121626906053,0,965
AKF0709,2010-06-21,0.0,0.0,0.0,0.0,0.0,0.2853569193634026,0.6450444048419073,0.0,0.0,0.0,0.0,0.0,6.202675494702065,6.202675494702065,0,966
KSP0966,2010-03-15,0.0,0.0,0.0,0.0,0.0,0.2853569193634026,0.6368956049807851,0.0,0.0,0.0,0.0,0.0,6.148350162294585,6.148350162294585,0,967
WAB0143,2010-03-22,0.0,0.0,0.0,0.0,0.0,0.4833966681118011,0.4348697059704626,0.0,0.0,0.0,0.0,0.0,6.1217758272150915,6.1217758272150915,0,968
AMJ0297,2010-09-22,0.0,0.0,0.0,0.0,0.0,0.3401680257083045,0.5742722517067721,0.0,0.0,0.0,0.0,0.0,6.09626851610051,6.09626851610051,0,969
DDM0579,2010-05-05,0.0,0.0,0.0,0.0,0.0,0.15798095832497444,0.7563317998983843,0.0,0.0,0.0,0.0,0.0,6.095418388155726,6.095418388155726,0,970
BJH0811,2010-09-10,0.0,0.0,0.0,0.0,0.0,0.5041008302500828,0.40349600083944165,0.0,0.0,0.0,0.0,0.0,6.05064554059683,6.05064554059683,0,971
KQC0708,2010-10-21,0.0,0.0,0.0,0.0,0.0,0.22677868380553634,0.6755320482446866,0.0,0.0,0.0,0.0,0.0,6.0154048803348195,6.0154048803348195,0,972
OMM0944,2010-10-07,0.0,0.0,0.0,0.0,0.0,0.2853569193634026,0.5989085161923025,0.0,0.0,0.0,0.0,0.0,5.8951029037047,5.8951029037047,0,973
TJG0582,2010-06-23,0.0,0.0,0.0,0.0,0.0,0.17008401285415226,0.7136443730629596,0.0,0.0,0.0,0.0,0.0,5.8915225727807465,5.8915225727807465,0,974
LNR0656,2010-06-18,0.0,0.0,0.0,0.0,0.0,0.3945213033836442,0.48901259430741667,0.0,0.0,0.0,0.0,0.0,5.890225984607072,5.890225984607072,0,975
FHS0837,2010-07-19,0.0,0.0,0.0,0.0,0.0,0.28535691936340263,0.5938260461579741,0.0,0.0,0.0,0.0,0.0,5.861219770142512,5.861219770142512,0,976
CLS0296,2010-11-02,0.0,0.0,0.0,0.0,0.0,0.14638501094227996,0.7321541886526673,0.0,0.0,0.0,0.0,0.0,5.856927997299649,5.856927997299649,0,977
CSL0949,2010-02-18,0.0,0.0,0.0,0.0,0.0,0.26349301969610395,0.6079734096090215,0.0,0.0,0.0,0.0,0.0,5.809776195367503,5.809776195367503,0,978
MKG0711,2011-03-15,0.0,0.0,0.0,0.0,0.0,0.26349301969610395,0.6049274861743568,0.0,0.0,0.0,0.0,0.0,5.789470039136405,5.789470039136405,0,979
CKP0721,2010-10-19,0.0,0.0,0.0,0.0,0.0,0.26349301969610395,0.5956243756486603,0.0,0.0,0.0,0.0,0.0,5.727449302298428,5.727449302298428,0,980
CYA0506,2010-05-17,0.0,0.0,0.0,0.0,0.0,0.3945213033836442,0.46259953622663685,0.0,0.0,0.0,0.0,0.0,5.714138930735207,5.714138930735207,0,981
NCK0295,2010-08-19,0.0,0.0,0.0,0.0,0.0,0.22677868380553634,0.6201728748387134,0.0,0.0,0.0,0.0,0.0,5.646343724294999,5.646343724294999,0,982
IJM0139,2010-09-07,0.0,0.0,0.0,0.0,0.0,0.26349301969610395,0.5812048403149609,0.0,0.0,0.0,0.0,0.0,5.631319066740432,5.631319066740432,0,983
XLB0710,2010-09-24,0.0,0.0,0.0,0.0,0.0,0.22677868380553634,0.604852803450055,0.0,0.0,0.0,0.0,0.0,5.544209915037276,5.544209915037276,0,984
OHC0973,2010-04-15,0.0,0.0,0.0,0.0,0.0,0.3105295017040594,0.5146918489385419,0.0,0.0,0.0,0.0,0.0,5.5014756709506765,5.5014756709506765,0,985
DSM0591,2010-04-12,0.0,0.0,0.0,0.0,0.0,0.2853569193634026,0.5363216076000612,0.0,0.0,0.0,0.0,0.0,5.477856846423092,5.477856846423092,0,986
CJH0702,2011-02-21,0.0,0.0,0.0,0.0,0.0,0.2441523901385969,0.5691350991810457,0.0,0.0,0.0,0.0,0.0,5.421916595464284,5.421916595464284,0,987
HGH0595,2010-08-12,0.0,0.0,0.0,0.0,0.0,0.28535691936340246,0.5207406342316366,0.0,0.0,0.0,0.0,0.0,5.373983690633594,5.373983690633594,0,988
ELH0960,2010-02-24,0.0,0.0,0.0,0.0,0.0,0.19639610121239312,0.5852579902171183,0.0,0.0,0.0,0.0,0.0,5.211027276196743,5.211027276196743,0,989
WGR0833,2010-12-29,0.0,0.0,0.0,0.0,0.0,0.1828348200660132,0.5967257136619983,0.0,0.0,0.0,0.0,0.0,5.197070224853411,5.197070224853411,0,990
LHB0967,2011-01-25,0.0,0.0,0.0,0.0,0.0,0.2109632539223229,0.5479511490974704,0.0,0.0,0.0,0.0,0.0,5.059429353465289,5.059429353465289,0,991
DAR0885,2010-02-08,0.4810702354423639,0.0,0.0,0.0,0.0,0.0,0.0,0.0,4.810702354423639,0.0,0.0,0.0,0.0,4.810702354423639,0,992
DGM0754,2010-02-11,0.0,0.0,0.0,0.0,0.0,0.4158133006700103,0.26540657016824715,0.0,0.0,0.0,0.0,0.0,4.541465805588383,4.541465805588383,0,993
CFW0264,2010-02-19,0.0,0.0,0.0,0.0,0.0,0.3946705646668018,0.2759914584582695,0.0,0.0,0.0,0.0,0.0,4.471080154167142,4.471080154167142,0,994
EDA0684,2010-02-15,0.0,0.0,0.0,0.0,0.0,0.0,0.0,0.4779176870702925,0.0,0.0,0.0,0.0,3.1861179138019495,3.1861179138019495,0,995
LPH0572,2010-02-15,0.0,0.0,0.0,0.0,0.0,0.17008401285415226,0.30219861314401075,0.0,0.0,0.0,0.0,0.0,3.1485508399877533,3.1485508399877533,0,996
MBW0809,2010-02-11,0.0,0.0,0.0,0.0,0.0,0.08196885999705375,0.0,0.0,0.0,0.0,0.0,0.0,0.546459066647025,0.546459066647025,0,997
MTT0901,2010-02-11,0.0,0.0,0.0,0.0,0.0,0.0,0.0,0.0,0.0,0.0,0.0,0.0,0.0,0.0,0,998
