user,max_risk_day,after_hours_logon_count,new_pc_flag,device_connect_count,file_event_count,job_site_visit_count,suspicious_http_keyword_count,email_count,email_total_size,attachment_count,external_email_count,after_hours_logon_count_anomaly_score,device_connect_count_anomaly_score,file_event_count_anomaly_score,job_site_visit_count_anomaly_score,suspicious_http_keyword_count_anomaly_score,email_count_anomaly_score,email_total_size_anomaly_score,attachment_count_anomaly_score,external_email_count_anomaly_score,new_pc_anomaly_score,logon_pc_risk,device_risk,file_risk,http_risk,email_risk,max_risk_score,label,risk_rank
MSO0222,2010-12-09,7,1,2,1,0,1,7,267073,0,3,0.4952965120546673,1.0,1.0,0.0,1.0,0.2408998739185216,0.4003101022544063,0.0,0.06508140266182867,1.0,14.952965120546674,20.0,20.0,10.0,3.5314568941737825,68.48442201472047,1,1
LJR0523,2010-07-29,1,0,2,3,1,0,2,36929,7,2,1.0,1.0,1.0,0.566946709513841,0.0,0.15406577730392876,0.0,1.0,0.2530202462327885,0.0,10.0,20.0,20.0,5.66946709513841,7.035430117683586,62.704897212822,1,2
JLM0364,2011-04-28,3,1,2,1,0,1,3,99861,0,0,0.004917592280566379,1.0,1.0,0.0,1.0,0.0,0.0,0.0,0.0,1.0,10.049175922805665,20.0,20.0,10.0,0.0,60.04917592280567,1,3
JMB0308,2010-07-12,2,0,5,10,0,0,11,296412,10,9,1.0,1.0,1.0,0.0,0.0,0.3498709812259985,0.22940238863081008,0.5058486150148623,0.5398643816854237,0.0,10.0,20.0,20.0,0.0,8.124931832785473,58.12493183278547,1,4
JTM0223,2010-07-22,6,1,2,1,0,0,7,205576,5,6,0.32352435464473117,1.0,1.0,0.0,0.0,0.18283482006601315,0.14032976090215338,0.14062640133830925,0.38231585571858584,1.0,13.235243546447311,20.0,20.0,0.0,4.230534190125308,57.46577773657262,1,5
CSC0217,2010-06-10,5,1,2,1,0,0,8,228710,0,2,0.17587928224671873,1.0,1.0,0.0,0.0,0.2915548949482096,0.2523171753556247,0.0,0.0,1.0,11.758792822467187,20.0,20.0,0.0,2.719360351519171,54.47815317398636,1,6
JGT0221,2010-07-15,5,1,2,1,0,0,7,209374,1,3,0.12493667770218793,1.0,1.0,0.0,0.0,0.18621115903824748,0.17071551269334578,0.0,0.06230089579813981,1.0,11.24936677702188,20.0,20.0,0.0,2.0961378376486657,53.345504614670546,1,7
KLH0596,2011-02-07,1,0,9,26,0,0,1,19465,0,1,1.0,1.0,0.9813077614054382,0.0,0.0,0.19639610121239312,0.05231396026489231,0.0,0.4810702354423639,0.0,10.0,20.0,19.626155228108765,0.0,3.6489014845982464,53.27505671270701,1,8
BDV0168,2010-08-03,2,0,8,21,3,0,8,250906,2,1,0.4913538149119955,1.0,1.0,0.6812149952532806,0.0,0.06702001246075902,0.08960186947201097,0.0,0.0,0.0,4.9135381491199555,20.0,20.0,6.812149952532806,0.78310940966385,52.508797511316615,1,9
LQC0479,2010-09-14,2,0,7,22,1,0,8,203670,0,3,1.0,1.0,1.0,0.2026686683424117,0.0,0.07401156313517146,0.0,0.0,0.0,0.0,10.0,20.0,20.0,2.026686683424117,0.3700578156758573,52.396744499099974,1,10
JRG0207,2011-01-18,2,0,7,9,0,0,10,289406,1,1,1.0,1.0,1.0,0.0,0.0,0.2503442250562769,0.19782260774167593,0.0,0.0,0.0,10.0,20.0,20.0,0.0,2.2408341639897644,52.24083416398977,1,11
BBS0039,2010-08-12,3,1,2,1,0,0,6,203682,3,0,0.0,1.0,1.0,0.0,0.0,0.04801902195224925,0.1372782102394387,0.15406577730392876,0.0,1.0,10.0,20.0,20.0,0.0,1.6968150474780834,51.69681504747808,1,12
WDD0366,2011-02-28,4,1,2,4,0,0,4,122499,3,3,0.2502917552236174,0.9094379728109022,1.0,0.0,0.0,0.0,0.0,0.05519510688736795,0.03989470166232977,1.0,12.502917552236175,18.188759456218044,20.0,0.0,0.4754490427484886,51.16712605120271,1,13
MAS0025,2010-09-22,2,0,5,16,0,0,6,193495,0,6,1.0,1.0,1.0,0.0,0.0,0.0,0.0,0.0,0.16568608736258134,0.0,10.0,20.0,20.0,0.0,0.8284304368129066,50.82843043681291,1,14
CAH0936,2010-08-09,2,0,2,9,0,0,4,140985,1,2,1.0,1.0,1.0,0.0,0.0,0.0,0.02130021325128205,0.0,0.0,0.0,10.0,20.0,20.0,0.0,0.10650106625641025,50.10650106625641,1,15
AJR0932,2010-09-10,3,0,9,24,0,0,3,69133,0,2,1.0,1.0,1.0,0.0,0.0,0.0,0.0,0.0,0.004345089022733747,0.0,10.0,20.0,20.0,0.0,0.021725445113668737,50.02172544511367,1,16
AAM0658,2010-10-21,1,0,3,11,0,0,0,0,0,0,1.0,1.0,1.0,0.0,0.0,0.0,0.0,0.0,0.0,0.0,10.0,20.0,20.0,0.0,0.0,50.0,1,17
DCH0843,2011-01-27,1,0,6,9,0,0,0,0,0,0,1.0,1.0,1.0,0.0,0.0,0.0,0.0,0.0,0.0,0.0,10.0,20.0,20.0,0.0,0.0,50.0,1,17
EHB0824,2010-07-20,1,0,9,14,0,0,0,0,0,0,1.0,1.0,1.0,0.0,0.0,0.0,0.0,0.0,0.0,0.0,10.0,20.0,20.0,0.0,0.0,50.0,1,17
EHD0584,2010-10-01,1,0,1,7,0,0,0,0,0,0,1.0,1.0,1.0,0.0,0.0,0.0,0.0,0.0,0.0,0.0,10.0,20.0,20.0,0.0,0.0,50.0,1,17
FMG0527,2010-12-30,1,0,5,11,0,0,1,28704,0,0,1.0,1.0,1.0,0.0,0.0,0.0,0.0,0.0,0.0,0.0,10.0,20.0,20.0,0.0,0.0,50.0,1,17
MCF0600,2010-09-20,2,0,10,27,0,0,0,0,0,0,1.0,1.0,1.0,0.0,0.0,0.0,0.0,0.0,0.0,0.0,10.0,20.0,20.0,0.0,0.0,50.0,1,17
RAB0589,2010-09-11,1,0,2,2,0,0,0,0,0,0,1.0,1.0,1.0,0.0,0.0,0.0,0.0,0.0,0.0,0.0,10.0,20.0,20.0,0.0,0.0,50.0,1,17
RGG0064,2010-10-18,2,0,3,12,0,0,2,34190,0,1,1.0,1.0,1.0,0.0,0.0,0.0,0.0,0.0,0.0,0.0,10.0,20.0,20.0,0.0,0.0,50.0,1,17
BTL0226,2010-10-06,2,0,4,1,0,0,7,238182,0,1,0.5330457154646164,1.0,1.0,0.0,0.0,0.2953249172059297,0.4206428011029579,0.0,0.0,0.0,5.330457154646165,20.0,20.0,0.0,3.5798385915444375,48.910295746190606,1,25
HJB0742,2010-11-16,2,0,3,3,0,0,8,234898,6,2,0.5891883036371793,1.0,1.0,0.0,0.0,0.1616447718240977,0.13299371982111546,0.22221462746484694,0.0,0.0,5.891883036371794,20.0,20.0,0.0,2.584265595550301,48.476148631922094,1,26
MYD0978,2010-12-08,2,0,4,15,0,0,7,232778,0,3,0.604761327910659,1.0,1.0,0.0,0.0,0.15726506746996743,0.23522787892091138,0.0,0.023381224621304618,0.0,6.0476132791065895,20.0,20.0,0.0,2.0793708550609176,48.1269841341675,1,27
PNH0761,2011-02-25,1,0,2,26,0,0,3,109576,0,2,0.4810702354423639,1.0,0.8247693587980658,0.0,0.0,0.35528660462867345,0.5950490188221835,0.0,0.3568732135731648,0.0,4.810702354423639,20.0,16.49538717596132,0.0,6.536044185120109,47.84213371550507,0,28
TAP0551,2010-11-02,2,0,2,11,0,0,6,189993,2,1,0.49884659592632385,1.0,1.0,0.0,0.0,0.20817945092665116,0.2434697644352979,0.0,0.0,0.0,4.988465959263238,20.0,20.0,0.0,2.2582460768097454,47.246712036072985,1,29
MAR0955,2011-02-15,2,0,8,24,0,0,1,18928,0,0,0.5669467095138409,1.0,1.0,0.0,0.0,0.2109632539223229,0.05862890137138793,0.0,0.0,0.0,5.669467095138408,20.0,20.0,0.0,1.3479607764685542,47.01742787160696,1,30
FTM0406,2010-11-22,2,0,8,20,0,0,6,162312,0,2,0.5669467095138409,1.0,1.0,0.0,0.0,0.14017072619658533,0.055389619478881914,0.0,0.0,0.0,5.669467095138408,20.0,20.0,0.0,0.9778017283773363,46.647268823515745,1,31
BIH0745,2010-07-02,2,0,3,13,0,0,7,207343,3,5,0.5601143067885458,1.0,1.0,0.0,0.0,0.0,0.0,0.0,0.043151697133684566,0.0,5.601143067885459,20.0,20.0,0.0,0.21575848566842284,45.81690155355388,1,32
GHL0460,2010-11-12,2,0,6,19,0,0,1,14925,0,1,0.604761327910659,1.0,0.8761903692486632,0.0,0.0,0.15798095832497447,0.0,0.0,0.2853569193634026,0.0,6.0476132791065895,20.0,17.523807384973267,0.0,2.216689388441885,45.78811005252174,1,33
USH0199,2010-09-15,1,0,2,6,0,0,7,176079,3,6,0.0,1.0,1.0,0.0,0.0,0.3992065300800289,0.1784280449753787,0.00782116024092077,0.48700436577061124,0.0,0.0,20.0,20.0,0.0,5.362300505334698,45.3623005053347,0,34
GCL0016,2011-03-22,0,0,2,6,1,0,6,195687,0,2,0.0,0.9340155743710599,1.0,0.566946709513841,0.0,0.06803360514166099,0.09842934647911841,0.0,0.0,0.0,0.0,18.680311487421196,20.0,5.66946709513841,0.832314758103897,45.1820933406635,0,35
CCA0046,2010-07-06,5,1,6,28,0,0,7,210787,6,4,0.2715182303459984,0.3220758237248832,1.0,0.0,0.0,0.2176276034563064,0.24088382041376022,0.3777681815936707,0.24581275522449436,1.0,12.715182303459985,6.441516474497664,20.0,0.0,5.410461803441158,44.56716058139881,1,36
ILH0958,2011-02-01,2,1,2,26,0,0,1,38970,2,1,1.0,0.5111045905998599,0.32513960881251347,0.0,0.0,0.15798095832497447,0.19540118582925134,0.8283510207236059,0.26349301969610395,1.0,20.0,10.222091811997199,6.50279217625027,0.0,7.226130922869678,43.95101491111715,0,37
BLS0678,2010-09-17,1,0,2,5,0,0,4,130324,7,2,0.26349301969610395,1.0,1.0,0.0,0.0,0.0,0.0,0.22296334116808203,0.0,0.0,2.6349301969610397,20.0,20.0,0.0,1.1148167058404101,43.74974690280145,1,38
SBN0971,2010-12-16,1,0,2,11,0,0,1,41890,2,0,0.0,1.0,1.0,0.0,0.0,0.17008401285415226,0.28137174320966946,0.16706755386450997,0.0,0.0,0.0,20.0,20.0,0.0,3.092616549641659,43.09261654964166,0,39
PPF0435,2011-02-02,2,0,9,0,2,0,8,269153,0,0,0.8547043234472849,1.0,0.0,1.0,0.0,0.4233618580816952,0.4609616742690797,0.0,0.0,0.0,8.547043234472849,20.0,0.0,10.0,4.421617661753875,42.96866089622673,1,40
HXL0968,2010-09-30,1,0,7,9,0,0,2,85537,2,2,0.0,0.9114883542678701,0.7590686839905477,0.0,0.0,0.40006157161585004,0.6372657543234483,0.4099460822638542,0.4554432691659538,0.0,0.0,18.229767085357405,15.181373679810955,0.0,9.513583386845532,42.924724152013894,1,41
XHW0498,2010-09-08,0,0,6,10,0,0,13,439410,6,9,0.0,0.740365703012192,1.0,0.0,0.0,0.48512752614043053,0.5458281779320068,0.08996202404974328,0.44896354946814954,0.0,0.0,14.80731406024384,20.0,0.0,7.849406387951651,42.65672044819549,1,42
RKD0604,2010-07-09,1,0,9,27,0,0,7,258826,1,3,0.12421180068162377,1.0,1.0,0.0,0.0,0.016658099888065925,0.14565079780724072,0.0,0.0228821776281415,0.0,1.2421180068162376,20.0,20.0,0.0,0.9259553766172407,42.16807338343348,1,43
HFB0347,2010-07-21,1,0,1,20,0,0,2,39093,3,2,0.0,1.0,0.8441206563872745,0.0,0.0,0.09771071235928815,0.0,0.5799422643912905,0.3370614033234739,0.0,0.0,20.0,16.88241312774549,0.0,5.073571900370262,41.955985028115755,0,44
AJH0175,2010-02-23,1,0,3,5,0,0,10,335603,0,9,0.0,0.8755902314481189,0.8940561598734446,0.0,0.0,0.2837662998697575,0.3907788057307143,0.0,0.6235382907247958,0.0,0.0,17.51180462896238,17.88112319746889,0.0,6.490416981626339,41.883344808057615,0,45
ESJ0670,2011-02-07,1,0,1,23,0,0,5,142068,0,3,0.2267786838055364,1.0,0.9358400351708468,0.0,0.0,0.033752637027780724,0.02922972428885931,0.0,0.10884053402231109,0.0,2.2677868380553643,20.0,18.716800703416936,0.0,0.8591144766947556,41.84370201816706,0,46
BIS0247,2011-02-15,2,0,2,5,0,0,3,83196,0,0,0.45056355688958316,0.8547043234472838,1.0,0.0,0.0,0.0,0.0,0.0,0.0,0.0,4.505635568895832,17.094086468945676,20.0,0.0,0.0,41.59972203784151,0,47
CAA0612,2010-06-30,0,0,2,10,0,0,8,275563,1,0,0.0,1.0,1.0,0.0,0.0,0.02548772371457239,0.12397803950552218,0.0,0.0,0.0,0.0,20.0,20.0,0.0,0.747328816100473,40.74732881610047,0,48
AJF0370,2010-06-15,3,1,14,54,0,0,8,242831,7,1,0.14571592805578149,0.38594124324243567,0.8150113222130282,0.0,0.0,0.33857285618810057,0.3324336782443055,0.380581613497052,0.0,1.0,11.457159280557816,7.718824864848714,16.300226444260566,0.0,5.257940739647291,40.734151329314386,0,49
CCM0136,2010-11-04,0,0,2,4,0,0,1,35819,0,1,0.0,1.0,0.8693540116175505,0.0,0.0,0.15798095832497447,0.15947343473449,0.0,0.3401680257083045,0.0,0.0,20.0,17.387080232351014,0.0,3.288112093838845,40.67519232618986,0,50
LIM0674,2010-07-15,1,0,1,5,1,0,7,201532,1,3,0.21417986803856212,0.2672612419124243,1.0,1.0,0.0,0.30400660489057935,0.24303171315470942,0.0,0.08236884983840843,0.0,2.1417986803856213,5.345224838248486,20.0,10.0,3.147035839418486,40.63405935805259,0,51
NMS0280,2010-04-07,0,0,2,5,0,0,1,21632,0,1,0.0,1.0,1.0,0.0,0.0,0.0,0.0,0.0,0.05447047794019223,0.0,0.0,20.0,20.0,0.0,0.2723523897009612,40.27235238970096,0,52
HBO0413,2011-03-14,0,0,7,9,1,0,8,242238,0,2,0.0,0.6983827250036342,0.6958029355735853,0.7081162132224987,0.0,0.5511709110705219,0.5007702085696951,0.0,0.0,0.0,0.0,13.967654500072685,13.916058711471708,7.081162132224987,5.259705598201085,40.224580941970466,1,53
GTD0219,2010-05-25,5,1,7,23,2,0,8,260750,12,5,0.17621354357144453,0.2802011484239564,0.2941102991507709,1.0,0.0,0.2511655074836766,0.26889673336894004,0.633611981257948,0.18441877013023825,1.0,11.762135435714447,5.604022968479128,5.882205983015418,10.0,6.6904649612040155,39.93882934841301,1,54
NGF0157,2010-12-09,1,0,2,2,0,0,5,145365,0,4,0.0,0.909437972810902,1.0,0.0,0.0,0.05896245778943948,0.06454105969058298,0.0,0.2096508725765122,0.0,0.0,18.18875945621804,20.0,0.0,1.6657719502826733,39.85453140650071,0,55
KBG0549,2011-01-10,0,0,1,9,1,0,7,178173,15,5,0.0,0.3454320602820137,0.9785080245683331,0.566946709513841,0.0,0.2364354720898889,0.0961057449724168,0.8909582330153075,0.20398791218557294,0.0,0.0,6.908641205640274,19.57016049136666,5.66946709513841,7.137436811315931,39.285705603461274,0,56
IBB0359,2011-04-08,5,1,14,20,0,0,5,174443,1,4,0.4979030474580449,0.6236122372746205,0.48873668378051216,0.0,0.0,0.0,0.16022663310644514,0.0,0.24494897427831797,1.0,14.979030474580451,12.472244745492409,9.774733675610243,0.0,2.0258780369238156,39.251886932606915,0,57
JCR0172,2010-07-16,1,0,1,6,2,0,7,294488,7,5,0.0,0.37606990231680515,1.0,0.8283510207236027,0.0,0.00294377128683977,0.24029008804865123,0.27102710209984365,0.11705599542291985,0.0,0.0,7.5213980463361025,20.0,8.283510207236027,3.156584784291273,38.961493037863406,0,58
WBC0192,2010-06-10,1,0,3,6,0,0,12,395530,20,7,0.0,1.0,0.42768555129776403,0.0,0.0,0.519710157833108,0.5427015694837982,0.6274148189788211,0.3794733192202056,0.0,0.0,20.0,8.55371102595528,0.0,10.346499327579666,38.900210353534945,0,59
TDS0984,2011-01-03,2,1,1,26,2,0,3,88201,0,1,0.708116213222499,0.18950284971277104,0.4005302724254428,1.0,0.0,0.0,0.0,0.0,0.0,1.0,17.081162132224993,3.790056994255421,8.010605448508857,10.0,0.0,38.88182457498927,0,60
AHD0848,2011-04-26,0,1,2,4,0,0,0,0,0,0,0.0,0.6414269805898184,0.7913811109434261,0.0,0.0,0.0,0.0,0.0,0.0,1.0,10.0,12.82853961179637,15.827622218868523,0.0,0.0,38.65616183066489,0,61
VSA0230,2010-11-29,0,0,2,7,0,0,7,195499,1,5,0.0,0.9340155743710605,0.7252406676228433,0.0,0.0,0.39454286498086166,0.31828982487174706,0.0,0.3491490519202142,0.0,0.0,18.68031148742121,14.504813352456866,0.0,5.309908708864115,38.49503354874219,0,62
HDS0367,2010-06-28,5,1,8,23,0,0,7,218169,5,4,0.4456561097527218,0.49609483327125226,0.5177311337946886,0.0,0.0,0.24767007429582488,0.2851346763789849,0.08669214468630107,0.11542008164904956,1.0,14.456561097527217,9.921896665425045,10.354622675893772,0.0,3.6745848850508023,38.407665323896836,0,63
JMK0099,2010-11-10,1,0,3,8,0,0,7,219097,1,4,0.0,0.9050279720826868,0.7590686839905472,0.0,0.0,0.3687534502342786,0.38423533313511604,0.0,0.25267046628369483,0.0,0.0,18.100559441653736,15.181373679810944,0.0,5.028296248265447,38.31022936973013,0,64
FOB0756,2011-04-15,0,0,2,3,0,0,2,86577,0,1,0.0,0.7937253933193775,1.0,0.0,0.0,0.1260252075625209,0.31525601412003657,0.0,0.039469128941431404,0.0,0.0,15.874507866387551,20.0,0.0,2.4037517531199444,38.278259619507494,0,65
JDC0030,2010-07-23,0,0,2,8,0,0,5,141251,6,2,0.0,1.0,0.8633440783708888,0.0,0.0,0.007283928208014974,0.0,0.107148128235136,0.0,0.0,0.0,20.0,17.266881567417776,0.0,0.572160282215755,37.83904184963353,0,66
SBH0537,2010-08-18,0,0,2,7,1,0,6,158434,3,3,0.0,0.8283510207236026,1.0,0.12159201918194218,0.0,0.0,0.0,0.0,0.0,0.0,0.0,16.567020414472054,20.0,1.2159201918194218,0.0,37.782940606291476,0,67
RAR0725,2010-08-04,1,0,8,8,0,0,1,40537,0,1,0.0,1.0,0.7247912642535821,0.0,0.0,0.1457159280557817,0.2545077664297628,0.0,0.22181619196685678,0.0,0.0,20.0,14.495825285071643,0.0,3.110199432262007,37.60602471733365,1,68
HRB0351,2010-05-30,2,1,1,27,3,0,9,279190,0,7,0.5601143067885458,0.24767007429582444,0.3723924423840156,0.7616945394504094,0.0,0.004230670720243194,0.02968144866443831,0.0,0.33485257330230594,1.0,15.60114306788546,4.95340148591649,7.447848847680312,7.616945394504095,1.8438234634349373,37.463162259421296,0,69
MGS0974,2010-11-01,0,0,2,5,0,0,4,131637,4,3,0.0,0.8547043234472846,1.0,0.0,0.0,0.0,0.0,0.03459316942115038,0.012884782751867444,0.0,0.0,17.094086468945694,20.0,0.0,0.23738976086508912,37.33147622981078,0,70
MCD0125,2010-04-16,1,0,3,8,0,0,5,150514,5,4,1.0,0.9460379978956818,0.2529474063141185,0.0,0.0,0.08844737206810908,0.10940287981140004,0.18417273954076308,0.2681715577583545,0.0,10.0,18.920759957913635,5.05894812628237,0.0,3.2509727458931335,37.23068083008914,0,71
NGC0058,2010-07-28,1,0,2,4,0,0,4,114239,3,1,0.2634930196961041,0.7058829057936803,0.9979487157886737,0.0,0.0,0.015197586589727549,0.007301155108272453,0.054766170958435355,0.0,0.0,2.634930196961041,14.117658115873608,19.958974315773474,0.0,0.3863245632821768,37.0978871918903,0,72
BAL0044,2010-10-06,5,1,5,28,0,0,5,160522,9,1,0.2496150883013534,0.3242502873521111,0.7910385888635065,0.0,0.0,0.0,0.004412726843669476,0.44922407131015535,0.0,1.0,12.496150883013534,6.485005747042222,15.820771777270132,0.0,2.268183990769124,37.07011239809501,0,73
NKP0236,2011-04-25,0,0,2,8,1,0,4,84180,0,2,0.0,0.3933776733152748,0.9481766346326495,1.0,0.0,0.022824415096986912,0.0,0.0,0.023936508837117322,0.0,0.0,7.8675534663054965,18.96353269265299,10.0,0.23380461967052119,37.06489077862901,0,74
RMW0542,2010-07-21,0,0,7,8,0,0,5,175561,0,0,0.0,0.8197978844987169,0.9869477491560344,0.0,0.0,0.04190990671703335,0.1433388350978963,0.0,0.0,0.0,0.0,16.395957689974338,19.738954983120692,0.0,0.9262437090746484,37.06115638216968,1,75
BSS0369,2010-09-30,6,1,14,15,0,0,12,394738,0,4,0.5443725410182201,0.3779063201551237,0.17304013854002676,0.0,0.0,1.0,1.0,0.0,0.11567809928883122,1.0,15.443725410182202,7.558126403102475,3.4608027708005356,0.0,10.578390496444158,37.04104508052937,1,76
EIS0041,2010-12-09,3,1,6,22,1,0,6,221944,8,3,0.0,0.2511358909965658,0.4210816098941278,1.0,0.0,0.07743842472796571,0.2731195157041425,0.31896523436896795,0.0,1.0,10.0,5.022717819931316,8.421632197882555,10.0,3.3476158740053816,36.79196589181926,0,77
BWP0202,2010-06-21,2,0,2,8,0,0,6,254139,2,1,0.18950284971277095,1.0,0.6382631240011716,0.0,0.0,0.11036810344188577,0.30108890692196333,0.0,0.0,0.0,1.8950284971277098,20.0,12.76526248002343,0.0,2.0572850518192456,36.717576028970385,0,78
CPG0322,2010-11-15,2,0,1,8,2,0,8,242845,5,2,0.7081162132224993,0.26349301969610395,0.6575442743440042,1.0,0.0,0.09755082095732129,0.11718487294524708,0.0,0.0,0.0,7.081162132224993,5.269860393922079,13.150885486880085,10.0,1.0736784695128418,36.575586482540004,0,79
RSC0089,2011-02-24,1,0,8,11,1,0,6,197544,5,4,0.0,0.020792003717987007,1.0,1.0,0.0,0.27876607290662936,0.370544670278356,0.29586686927285505,0.21655529854485667,0.0,0.0,0.41584007435974013,20.0,10.0,5.808664555013485,36.22450462937322,0,80
MOS0047,2010-03-08,6,1,5,28,0,0,8,292636,6,8,0.31833576980550327,0.028474739872574966,0.7050242715673085,0.0,0.0,0.32358655449342766,0.487732268237479,0.15925491701717834,0.6500836066631537,1.0,13.183357698055035,0.5694947974514993,14.100485431346172,0.0,8.103286732056194,35.9566246589089,1,81
CCL0068,2011-01-24,1,0,7,7,0,0,5,182198,2,4,0.2853569193634026,1.0,0.5187534407879028,0.0,0.0,0.02930306094055603,0.17524469982248644,0.05119921115897168,0.2612884835150743,0.0,2.8535691936340255,20.0,10.375068815758056,0.0,2.5851772771854424,35.81381528657753,1,82
JTS0389,2010-11-04,0,0,2,8,1,0,7,205679,2,3,0.0,0.44324924561991186,0.6478272690892942,1.0,0.0,0.2703974223780126,0.22906720747098347,0.2182820625326996,0.0561769005539122,0.0,0.0,8.864984912398238,12.956545381785887,10.0,3.8696179646780404,35.691148258862164,0,83
CQH0701,2011-02-14,1,0,1,5,0,0,1,33997,6,1,0.0,0.34016802570830446,1.0,0.0,0.0,0.21096325392232296,0.21316615069963946,1.0,0.3401680257083045,0.0,0.0,6.803360514166089,20.0,0.0,8.821487151651336,35.62484766581743,0,84
MPM0220,2010-10-04,6,1,14,46,0,0,8,255243,0,5,0.23644916882412859,0.3554445837684494,0.5449517825147623,0.0,0.0,0.3305295758004884,0.39450748753768483,0.0,0.30838327473618354,1.0,12.364491688241285,7.108891675368987,10.899035650295247,0.0,5.167101690371784,35.53952070427731,1,85
ATE0869,2010-05-05,1,0,3,7,0,0,10,306640,8,9,0.0,0.6301260378126045,0.8912952904805611,0.0,0.0,0.1969831188646769,0.18432645780161303,0.10919672705915066,0.46129780693079586,0.0,0.0,12.602520756252089,17.82590580961122,0.0,4.759020553281182,35.187447119144494,0,86
AJD0074,2010-08-27,1,0,3,5,1,0,6,162803,1,3,0.0,0.8110144024012496,0.3930153944628823,1.0,0.0,0.13149387968300527,0.0682480416941215,0.0,0.013472661394172145,0.0,0.0,16.22028804802499,7.860307889257647,10.0,1.0660729138564946,35.14666885113913,0,87
HAD0246,2010-07-08,0,0,3,5,0,0,5,132316,0,0,0.0,0.7318766613724126,1.0,0.0,0.0,0.028347335475692043,0.0,0.0,0.0,0.0,0.0,14.637533227448252,20.0,0.0,0.1417366773784602,34.77926990482671,0,88
ESH0283,2010-10-01,0,1,2,25,0,0,5,142789,1,3,0.0,0.7161828908391342,0.4511301600020244,0.0,0.0,0.05241177377366407,0.03535023193169779,0.0,0.14533024159093372,1.0,10.0,14.323657816782683,9.022603200040487,0.0,1.165461236481478,34.51172225330465,0,89
DRR0162,2010-12-13,1,0,8,9,0,0,7,186103,0,5,0.0,1.0,0.6053024885563842,0.0,0.0,0.15389675281277307,0.043659953946552234,0.0,0.2702351810587998,0.0,0.0,20.0,12.106049771127687,0.0,2.3389594390906256,34.44500921021831,1,90
SJO0209,2011-03-01,1,0,1,12,1,0,10,264418,8,8,0.0,0.2672612419124244,1.0,0.4212227100104782,0.0,0.33089739732673007,0.15964756583690334,0.12183870792057201,0.341248082772325,0.0,0.0,5.345224838248488,20.0,4.212227100104782,4.768158769282652,34.32561070763592,0,91
AIB0948,2010-12-06,2,0,7,11,1,0,1,23134,1,1,1.0,0.0,0.4459166200208176,1.0,0.0,0.21096325392232296,0.10132198604319118,0.15511094719778507,0.5669467095138411,0.0,10.0,0.0,8.918332400416352,10.0,5.171714483385702,34.09004688380205,0,92
BAJ0654,2010-06-02,1,1,2,25,0,0,0,0,0,0,0.7081162132224987,0.5286877747871548,0.31267577845443645,0.0,0.0,0.0,0.0,0.0,0.0,1.0,17.081162132224986,10.573755495743097,6.253515569088728,0.0,0.0,33.90843319705681,0,93
VTT0385,2010-11-17,1,1,9,6,1,0,2,74089,0,0,0.2109632539223229,0.22156468376279861,0.5073928741858157,0.7081162132224987,0.0,0.0,0.0,0.0,0.0,1.0,12.10963253922323,4.431293675255973,10.147857483716315,7.081162132224987,0.0,33.769945830420504,0,94
VSS0154,2010-10-13,0,0,8,10,0,0,4,128601,4,0,0.0,0.8618843425766635,0.8231932086840426,0.0,0.0,0.0,0.0,0.008385800883975576,0.0,0.0,0.0,17.237686851533272,16.463864173680854,0.0,0.04192900441987788,33.74348002963401,1,95
AVM0947,2010-07-02,2,1,10,24,0,0,1,45815,0,1,1.0,0.3323515190973071,0.1283473572366756,0.0,0.0,0.2109632539223229,0.2559121734809993,0.0,0.4212227100104783,1.0,20.0,6.647030381946142,2.566947144733512,0.0,4.440490687069003,33.65446821374866,0,96
RHL0992,2010-08-12,0,0,6,10,0,0,5,136024,2,3,0.0,0.7466553054784136,0.9048740202266851,0.0,0.0,0.015640942485936775,0.0,0.0,0.10832056262102678,0.0,0.0,14.933106109568273,18.0974804045337,0.0,0.6198075255348179,33.650394039636794,1,97
FKK0055,2011-01-17,0,0,2,6,0,0,2,49198,0,0,0.0,1.0,0.6692090743325528,0.0,0.0,0.0,0.0,0.0,0.0,0.0,0.0,20.0,13.384181486651055,0.0,0.0,33.38418148665106,0,98
PAD0773,2010-11-24,0,0,2,27,0,0,3,117600,2,2,0.0,0.7659580467122908,0.5022235288983878,0.0,0.0,0.3,0.4911063700845542,0.4810702354423639,0.3051817302882697,0.0,0.0,15.319160934245819,10.044470577967758,0.0,7.886791679075938,33.250423191289514,0,99
JJM0203,2010-10-04,1,0,7,8,0,0,2,62500,0,0,0.0,1.0,0.6618943218144444,0.0,0.0,0.0,0.0,0.0,0.0,0.0,0.0,20.0,13.237886436288889,0.0,0.0,33.23788643628889,1,100
RAW0915,2011-03-25,1,1,2,3,0,0,7,178317,4,1,1.0,0.20404858567160358,0.2520504151250421,0.0,0.0,0.37376486775356893,0.25462825626531316,0.19226526127104054,0.0,1.0,20.0,4.0809717134320715,5.041008302500843,0.0,4.1032919264496135,33.22527194238253,0,101
QOS0878,2010-04-08,2,1,3,2,0,0,9,345758,9,8,1.0,0.15321018922042035,0.1243312433364316,0.0,0.0,0.3003776211372606,0.53075146967648,0.29020268335412724,0.39928507538921554,1.0,20.0,3.064203784408407,2.486624866728632,0.0,7.603084247785417,33.15391289892246,0,102
RSM0277,2010-08-04,2,0,3,4,0,0,7,186725,3,5,0.708116213222499,0.5066803119733213,0.5331714584870635,0.0,0.0,0.30467781578016373,0.20321484530365255,0.06741248325698497,0.3959472105576536,0.0,7.08116213222499,10.133606239466426,10.66342916974127,0.0,4.856261774492275,32.734459315924965,0,103
HCL0651,2010-09-07,1,0,4,6,0,0,1,17106,0,0,1.0,0.5958218701610831,0.5346361165560174,0.0,0.0,0.0,0.0,0.0,0.0,0.0,10.0,11.916437403221664,10.692722331120349,0.0,0.0,32.609159734342015,0,104
NAF0326,2010-12-15,2,1,4,8,0,0,9,298724,8,2,1.0,0.3550947036476552,0.15724272550828786,0.0,0.0,0.10064212180076912,0.2050056873977714,0.13735936742288596,0.0,1.0,20.0,7.101894072953105,3.1448545101657572,0.0,2.2150358831071326,32.46178446622599,0,105
IJM0776,2010-08-06,0,0,8,7,0,0,2,67805,0,0,0.0,1.0,0.585449953754929,0.0,0.0,0.04892942539976062,0.09067314469632892,0.0,0.0,0.0,0.0,20.0,11.70899907509858,0.0,0.6980128504804478,32.40701192557903,1,106
GCS0571,2010-08-26,0,0,1,8,0,0,1,33691,1,0,0.0,0.23816525581123354,1.0,0.0,0.0,0.2267786838055364,0.2759326325298241,1.0,0.0,0.0,0.0,4.763305116224672,20.0,0.0,7.513556581676803,32.276861697901474,0,107
SNC0187,2010-04-12,1,0,3,19,0,0,2,84136,5,2,0.0,1.0,0.29576773670142986,0.0,0.0,0.11911000007651162,0.2721887331454991,0.5307511195490096,0.3023715784073818,0.0,0.0,20.0,5.915354734028598,0.0,6.122107155892011,32.03746188992061,0,108
XAA0104,2010-04-30,1,0,2,6,1,0,4,128152,4,4,0.0,0.5715966139469605,0.7005167561262133,0.4810702354423639,0.0,0.0,0.0,0.044704805279745116,0.2704675754311522,0.0,0.0,11.431932278939211,14.010335122524268,4.810702354423639,1.5758619035544867,31.828831659441605,0,109
BBS0422,2011-04-28,0,0,2,8,0,0,6,183586,2,3,0.0,0.7452708040897426,0.7299003618846884,0.0,0.0,0.1650895173230527,0.14717910575565357,0.0,0.13883690184215008,0.0,0.0,14.90541608179485,14.59800723769377,0.0,2.255527624604282,31.758950944092902,0,110
JJH0613,2010-11-05,1,0,4,13,1,0,8,187138,11,3,0.19639610121239298,0.17664612174471275,0.7112347017242403,1.0,0.0,0.046222678744760576,0.0,0.3370999312316211,0.0,0.0,1.9639610121239297,3.5329224348942554,14.224694034484806,10.0,1.9166130498819083,31.6381905313849,0,111
LCB0664,2010-08-02,1,0,8,5,1,0,9,299192,12,2,0.2441523901385969,0.0,0.828509849928515,0.708116213222499,0.0,0.21780805097971837,0.269267677195505,0.5991609039480764,0.0,0.0,2.441523901385969,0.0,16.5701969985703,7.08116213222499,5.4311831606164995,31.524066192797758,0,112
MVB0515,2011-01-17,0,1,2,12,1,0,1,30838,0,0,0.0,0.35687321357316504,0.36447534184228686,0.708116213222499,0.0,0.0,0.0,0.0,0.0,1.0,10.0,7.137464271463301,7.289506836845737,7.08116213222499,0.0,31.50813324053403,0,113
DAL0673,2011-04-14,0,0,3,5,0,0,5,127867,2,3,0.0,0.5066803119733219,1.0,0.0,0.0,0.11079724299679154,0.027935889343904924,0.03284693408708156,0.09649012813540155,0.0,0.0,10.133606239466438,20.0,0.0,1.3403509728158978,31.473957212282336,0,114
FSC0601,2011-02-22,0,0,5,12,0,0,8,223519,0,4,0.0,0.5151195680796066,1.0,0.0,0.0,0.12016746099983606,0.08313266706535383,0.0,0.02448583028059241,0.0,0.0,10.302391361592132,20.0,0.0,1.1389297917289116,31.441321153321045,1,115
MKW0441,2010-12-20,1,1,1,6,0,0,2,66663,7,1,0.18594617981323838,0.0,0.6508701569891492,0.0,0.0,0.08573115694478356,0.11245467331054218,1.0,0.08978137769550568,1.0,11.859461798132385,0.0,13.017403139782985,0.0,6.439836039754157,31.316700977669527,0,116
LDG0459,2010-06-03,1,0,1,8,0,0,1,23489,2,1,0.22677868380553634,0.19308395644883597,0.9835578367524105,0.0,0.0,0.263493019696104,0.19559781438527582,0.298108321635897,0.3401680257083045,0.0,2.2677868380553634,3.8616791289767196,19.67115673504821,0.0,5.486835907127907,31.2874586092082,0,117
NWT0098,2011-03-23,1,0,7,8,1,0,7,213792,14,1,0.0,0.6928890517934583,0.42649266869950353,0.28947038440620465,0.0,0.19163597281423625,0.16037714888452137,0.8176608664223695,0.0,0.0,0.0,13.857781035869166,8.52985337399007,2.8947038440620467,5.848369940605636,31.13070819452692,1,118
CAB0614,2010-04-27,1,1,0,0,4,0,12,356333,10,6,0.12784297268860562,0.0,0.0,1.0,0.0,0.550148288491209,0.6017864515415156,0.545688644579485,0.23102524302601551,1.0,11.278429726886056,0.0,0.0,10.0,9.643243138191126,30.921672865077184,0,119
JDF0593,2010-03-19,2,0,9,6,0,0,1,46034,0,1,0.9340155743710608,0.09771071235928802,0.7661106232942169,0.0,0.0,0.1351690670668749,0.349643925224846,0.0,0.3401680257083045,0.0,9.340155743710609,1.9542142471857606,15.322212465884338,0.0,4.124905090000127,30.74148754678083,0,120
QNP0216,2010-07-16,5,1,0,0,2,0,10,257202,0,9,0.23867767588744657,0.0,0.0,1.0,0.0,0.6620258404574134,0.3385973421927369,0.0,0.6344566894565464,1.0,12.386776758874467,0.0,0.0,10.0,8.175399360533484,30.56217611940795,0,121
RDT0424,2010-12-27,0,0,1,10,1,0,4,94284,3,0,0.0,0.00646445641324728,1.0,1.0,0.0,0.0,0.0,0.05476617095843535,0.0,0.0,0.0,0.1292891282649456,20.0,10.0,0.2738308547921767,30.403119983057124,0,122
EMW0772,2010-03-18,0,0,1,5,0,0,2,72672,8,0,0.0,0.23011735083949017,1.0,0.0,0.0,0.04138554407104402,0.11848997305463786,1.0,0.0,0.0,0.0,4.602347016789804,20.0,0.0,5.7993775856284095,30.401724602418213,0,123
RLG0856,2010-03-15,1,0,3,8,0,0,9,283164,5,4,0.0,0.42704666135112,1.0,0.0,0.0,0.12969968708141677,0.1717861087505442,0.06818291876725632,0.0,0.0,0.0,8.540933227022402,20.0,0.0,1.8483435729960866,30.389276800018486,0,124
KCS0173,2011-05-12,1,0,1,6,3,0,9,260961,10,4,0.0,0.0,0.8032706176303881,1.0,0.0,0.15107023022540297,0.13605400970217424,0.4796876370958313,0.06663738410735773,0.0,0.0,0.0,16.065412352607762,10.0,4.167246305653832,30.23265865826159,0,125
HVF0067,2011-02-15,1,1,3,11,2,0,4,99476,2,4,0.21096325392232287,0.20911786666738957,0.29949762269871977,0.5487032117074877,0.0,0.0405134222945711,0.0,0.0,0.41602514716892164,1.0,12.10963253922323,4.182357333347792,5.989952453974396,5.487032117074878,2.2826928473174637,30.05166729093776,0,126
VFM0814,2010-10-13,0,0,2,9,0,0,5,162053,1,4,0.0,0.4432492456199119,0.9616965767568868,0.0,0.0,0.03480564613428423,0.07070166382295148,0.0,0.28284271247461923,0.0,0.0,8.864984912398238,19.23393153513774,0.0,1.941750112159275,30.040666559695254,0,127
NHH0185,2010-11-23,2,1,0,0,1,0,0,0,0,0,1.0,0.0,0.0,1.0,0.0,0.0,0.0,0.0,0.0,1.0,20.0,0.0,0.0,10.0,0.0,30.0,0,128
AMR0318,2010-10-11,1,0,1,7,0,0,8,266379,4,6,0.0,0.28947038440620465,1.0,0.0,0.0,0.08591152343315511,0.15290787024010322,0.1463499804279041,0.4472798640926757,0.0,0.0,5.7894076881240935,20.0,0.0,4.162246190969191,29.951653879093286,0,129
MLM0950,2010-11-22,2,0,4,15,0,0,1,29961,1,0,0.4212227100104782,0.41450956782465387,0.7432412746932123,0.0,0.0,0.21096325392232296,0.20989270018780273,0.09290515933665167,0.0,0.0,4.212227100104782,8.290191356493077,14.864825493864247,0.0,2.568805567233887,29.93604951769599,0,130
LCC0819,2010-07-16,0,0,8,7,0,0,4,113097,0,0,0.0,1.0,0.4910632464533785,0.0,0.0,0.0,0.0,0.0,0.0,0.0,0.0,20.0,9.82126492906757,0.0,0.0,29.82126492906757,1,131
LBF0214,2011-01-29,2,0,4,9,0,0,6,173218,2,0,0.4289801758541992,0.7846879257205611,0.48820769642971096,0.0,0.0,0.0,0.0,0.0,0.0,0.0,4.289801758541992,15.693758514411224,9.76415392859422,0.0,0.0,29.74771420154744,0,132
EDB0714,2010-11-18,1,0,6,10,0,0,0,0,0,0,0.0,0.6387740954464867,0.8475581484454768,0.0,0.0,0.0,0.0,0.0,0.0,0.0,0.0,12.775481908929734,16.95116296890954,0.0,0.0,29.726644877839274,1,133
BVC0790,2010-09-15,1,0,4,8,0,0,5,163994,2,3,0.566946709513841,0.4898979485566361,0.5826049874731344,0.0,0.0,0.1385869734367165,0.20196191420578224,0.0,0.15666989036012796,0.0,5.66946709513841,9.797958971132722,11.652099749462689,0.0,2.4860938900131337,29.605619705746957,0,134
TSR0676,2010-06-02,1,0,4,7,0,0,6,168659,3,6,0.2109632539223229,0.5334260262931798,0.5803482779429436,0.0,0.0,0.20784609690826533,0.15600095505757097,0.08705540183457663,0.5562630415806638,0.0,2.109632539223229,10.668520525863597,11.606965558858873,0.0,5.035827476905384,29.420946100851083,0,135
EGD0132,2010-09-02,0,0,8,7,0,0,0,0,0,0,0.0,0.9716052731035832,0.49832230850395326,0.0,0.0,0.0,0.0,0.0,0.0,0.0,0.0,19.432105462071668,9.966446170079065,0.0,0.0,29.398551632150735,1,136
IKP0472,2011-01-05,0,0,3,12,0,0,1,23850,0,0,0.0,0.38273326378021044,1.0,0.0,0.0,0.2109632539223229,0.12172476775725465,0.0,0.0,0.0,0.0,7.654665275604209,20.0,0.0,1.663440108397888,29.3181053840021,0,137
TNM0961,2010-11-16,1,0,9,7,0,0,0,0,0,0,0.0,1.0,0.46291004988627593,0.0,0.0,0.0,0.0,0.0,0.0,0.0,0.0,20.0,9.258200997725519,0.0,0.0,29.258200997725517,1,138
GNS0178,2010-05-05,1,0,3,24,0,0,6,165824,5,2,0.0,1.0,0.33439203046188193,0.0,0.0,0.22884263697577084,0.15863345204698198,0.12649110640673522,0.0,0.0,0.0,20.0,6.687840609237639,0.0,2.56983597714744,29.25767658638508,0,139
SMY0792,2010-10-01,0,1,2,8,0,0,8,297214,4,7,0.0,0.18620279647803617,0.23840545727551157,0.0,0.0,0.5309942440535915,0.7071295896309748,0.1822930860750601,0.7162982951868331,1.0,10.0,3.7240559295607234,4.768109145510232,0.0,10.683576074732299,29.175741149803258,0,140
JMD0520,2010-10-20,1,1,2,11,0,0,1,24050,0,0,1.0,0.07137464271463291,0.38735281629951557,0.0,0.0,0.0,0.0,0.0,0.0,1.0,20.0,1.4274928542926584,7.747056325990312,0.0,0.0,29.17454918028297,0,141
ILJ0526,2010-12-28,0,1,1,9,0,0,3,77038,3,3,0.0,0.08323138098770996,0.4191534814465814,0.0,0.0,0.3513240262614722,0.2779199118218175,0.3513240262614716,0.8441206563872742,1.0,10.0,1.6646276197541994,8.383069628931628,0.0,9.123443103660179,29.171140352346008,0,142
IBS0836,2011-02-23,0,0,4,6,0,0,1,20325,0,0,0.0,0.8648888870168498,0.5185962827182069,0.0,0.0,0.21096325392232296,0.08383507491654382,0.0,0.0,0.0,0.0,17.297777740336997,10.371925654364139,0.0,1.473991644194334,29.143695038895473,0,143
MDH0580,2011-02-03,0,0,7,4,1,0,0,0,0,0,0.0,1.0,0.17132746344488453,0.566946709513841,0.0,0.0,0.0,0.0,0.0,0.0,0.0,20.0,3.4265492688976904,5.66946709513841,0.0,29.096016364036103,1,144
OCS0865,2010-04-12,1,0,4,13,0,0,8,227171,9,0,0.0,0.4259808395076452,0.9682763320034782,0.0,0.0,0.03646984043128984,0.0,0.18824578451590274,0.0,0.0,0.0,8.519616790152904,19.365526640069564,0.0,1.1235781247359629,29.008721554958434,0,145
IRM0931,2011-04-03,2,0,3,8,0,0,8,259649,0,5,0.7081162132224993,0.6027873771583832,0.14666694684156228,0.0,0.0,0.5120224926378056,0.5463813582023873,0.0,0.3266235246109323,0.0,7.081162132224993,12.055747543167664,2.933338936831246,0.0,6.9251368772556265,28.99538548947953,0,146
UIR0043,2010-03-31,6,1,0,0,1,0,9,241216,5,5,0.3998466267097613,0.0,0.0,1.0,0.0,0.3308973973267296,0.18991179824594487,0.2832162702585949,0.18627921755594598,1.0,13.998466267097614,0.0,0.0,10.0,4.951523416936077,28.94998968403369,0,147
JAV0361,2010-11-23,4,1,0,0,2,0,9,272803,1,4,0.2033322523171789,0.0,0.0,1.0,0.0,0.5113008619478083,0.6039202512079146,0.0,0.2573337339652389,1.0,12.03332252317179,0.0,0.0,10.0,6.86277423560481,28.8960967587766,0,148
DMG0358,2010-04-07,3,1,0,0,1,0,9,248350,20,2,0.09055509357224759,0.0,0.0,1.0,0.0,0.37747667755763337,0.29222403758817433,0.9233067805394081,0.0,1.0,10.905550935722475,0.0,0.0,10.0,7.965037478426079,28.870588414148553,0,149
MTB0620,2010-11-23,1,0,6,8,1,0,6,186241,9,6,0.14638501094227996,0.6075448054537782,0.26855370450655613,0.708116213222499,0.0,0.0,0.0,0.2538075297350748,0.30548882723331705,0.0,1.4638501094227996,12.150896109075566,5.371074090131122,7.08116213222499,2.7964817848419594,28.863464225696433,0,150
JCG0316,2011-03-29,2,0,5,9,0,0,7,213734,0,4,1.0,0.6534962233582855,0.20274566544803424,0.0,0.0,0.0986832726473019,0.1192781743185232,0.0,0.0956689206214921,0.0,10.0,13.06992446716571,4.0549133089606855,0.0,1.568151837936586,28.692989614062984,0,151
KMW0545,2010-06-09,1,0,1,8,0,0,6,168932,2,2,0.18283482006601323,0.3454320602820136,0.9011996217047352,0.0,0.0,0.19639610121239331,0.18547182037186535,0.0,0.0,0.0,1.8283482006601324,6.908641205640273,18.023992434094705,0.0,1.9093396079212934,28.670321448316404,0,152
KCF0045,2010-09-13,3,1,0,0,3,0,8,241877,8,6,0.0,0.0,0.0,1.0,0.0,0.29578471903330616,0.2909398286846992,0.7805163522779556,0.3664781975374499,1.0,10.0,0.0,0.0,10.0,8.668595487667055,28.668595487667055,0,153
IBM0671,2010-09-20,1,0,2,17,0,0,4,121460,6,0,0.26349301969610395,0.4700096710803843,0.709002311156176,0.0,0.0,0.0,0.0,0.44787415603057845,0.0,0.0,2.6349301969610397,9.400193421607685,14.180046223123519,0.0,2.2393707801528926,28.454540621845137,0,154
SCP0130,2010-03-25,0,0,4,13,0,0,2,77692,0,2,0.0,0.509754474291448,0.6410793879584847,0.0,0.0,0.22720319301157002,0.4347919604370111,0.0,0.42263300163759043,0.0,0.0,10.195089485828962,12.821587759169695,0.0,5.423140775430858,28.439818020429517,0,155
DIB0285,2010-09-07,0,0,8,8,0,0,3,100132,0,3,0.0,0.8838481812919852,0.4811385588847191,0.0,0.0,0.0,0.0,0.0,0.18998063463332132,0.0,0.0,17.676963625839704,9.622771177694384,0.0,0.9499031731666066,28.249637976700694,1,156
PMV0850,2010-06-23,1,0,2,10,0,0,1,30930,0,1,0.708116213222499,0.16164477182409745,0.7232380363556103,0.0,0.0,0.21096325392232296,0.17490918914589815,0.0,0.2853569193634026,0.0,7.08116213222499,3.2328954364819493,14.464760727112209,0.0,3.356146812158119,28.13496510797727,0,157
RVF0201,2011-03-07,1,0,2,4,0,0,5,153417,4,1,0.0,0.3946705646668006,1.0,0.0,0.0,0.0,0.0,0.023445928667665126,0.0,0.0,0.0,7.893411293336013,20.0,0.0,0.11722964333832564,28.01064093667434,0,158
CFM0767,2010-11-22,1,1,1,5,0,0,3,73531,0,3,0.566946709513841,0.0,0.2755744715099296,0.0,0.0,0.38645108540338063,0.25921483057950334,0.0,0.6983827250036344,1.0,15.669467095138412,0.0,5.511489430198592,0.0,6.720243204932591,27.901199730269592,0,159
BBG0325,2010-07-08,1,0,2,7,0,0,12,390791,3,5,0.0,0.17964393928698885,0.9661410722190478,0.0,0.0,0.38667794043229475,0.4645820644379223,0.0,0.1190171932247539,0.0,0.0,3.5928787857397775,19.322821444380956,0.0,4.851385990474855,27.767086220595587,0,160
ABC0174,2010-12-06,1,0,7,7,0,0,8,279322,0,6,0.0,0.686871223883907,0.5669467095138401,0.0,0.0,0.09566892062149207,0.23330958799578666,0.0,0.20448653735758007,0.0,0.0,13.73742447767814,11.338934190276802,0.0,2.667325229874294,27.743683897829236,1,161
WXH0872,2010-05-18,2,0,4,5,0,0,7,251480,5,2,1.0,0.5999999999999995,0.24265028055385077,0.0,0.0,0.0,0.10410222784924716,0.0673388601157749,0.0,0.0,10.0,11.999999999999991,4.853005611077016,0.0,0.8572054398251104,27.71021105090212,0,162
SBN0866,2010-11-08,2,0,3,23,0,0,9,244401,8,9,1.0,0.48580329621670143,0.12514492758490856,0.0,0.0,0.20315740056720855,0.13432243326777132,0.20999008500769784,0.5500846556581963,0.0,10.0,9.716065924334028,2.502898551698171,0.0,5.487772872504371,27.70673734853657,0,163
AAF0535,2010-08-10,0,0,5,11,0,0,3,91671,3,0,0.0,0.2727503268736426,0.8784588471098409,0.0,0.0,0.2476700742958245,0.23890608996733637,0.43016381325064257,0.0,0.0,0.0,5.455006537472852,17.56917694219682,0.0,4.583699887569018,27.60788336723869,1,164
CTA0020,2010-04-19,1,0,8,6,1,0,7,228752,2,3,0.13516906706687487,0.0,0.6508701569891495,1.0,0.0,0.2408293292209664,0.3121469613956286,0.0,0.08076210218179038,0.0,1.3516906706687488,0.0,13.01740313978299,10.0,3.168691963991926,27.537785774443662,0,165
BEH0615,2010-04-23,0,1,2,6,0,0,8,225355,15,4,0.0,0.16707136066491596,0.487785399048554,0.0,0.0,0.06351719940893044,0.022701897846648635,0.6925662074161851,0.10839141207427709,1.0,10.0,3.3414272132983194,9.75570798097108,0.0,4.435883583730207,27.533018777999605,0,166
NAH0503,2010-02-20,1,0,0,0,1,0,13,386175,15,7,1.0,0.0,0.0,1.0,0.0,0.41213753365550937,0.410042870361962,0.5026426559261411,0.17244037467885318,0.0,10.0,0.0,0.0,10.0,7.48631717311233,27.48631717311233,0,167
HWW0436,2010-08-05,0,0,3,13,1,0,6,206888,4,4,0.0,0.1837117307087384,0.7055696786488006,0.708116213222499,0.0,0.11228737851785857,0.21350336373488807,0.0016649118972746526,0.18725633517970752,0.0,0.0,3.6742346141747677,14.111393572976013,7.08116213222499,2.5735599466486443,27.440350266024414,0,168
AOK0844,2010-10-12,0,0,3,11,0,0,1,24646,0,1,0.0,0.7121467215778022,0.4774609527497682,0.0,0.0,0.2109632539223229,0.12740545279212048,0.0,0.37606990231680537,0.0,0.0,14.242934431556046,9.549219054995364,0.0,3.572193045156244,27.364346531707653,0,169
JKJ0698,2011-05-16,2,1,0,0,0,0,1,55381,5,1,0.708116213222499,0.0,0.0,0.0,0.0,0.15798095832497447,0.49008665940410545,1.0,0.37606990231680526,1.0,17.081162132224993,0.0,0.0,0.0,10.120687600229425,27.20184973245442,0,170
BTN0061,2010-12-06,3,1,0,0,0,0,9,257394,6,7,0.7688179765595243,0.0,0.0,0.0,0.0,0.5867686289224977,0.5200659037735185,0.16230239135102112,0.6312867106562694,1.0,17.688179765595244,0.0,0.0,0.0,9.502118173516534,27.19029793911178,0,171
LJT0817,2010-07-06,1,0,3,10,0,0,6,212516,8,4,1.0,0.2565707922359275,0.27882949034949633,0.0,0.0,0.22677868380553642,0.4343982555463496,0.38428729493372304,0.238415824271708,0.0,10.0,5.13141584471855,5.576589806989927,0.0,6.4194002927865865,27.127405944495063,0,172
KRL0501,2010-12-27,0,0,6,11,0,0,9,225197,0,3,0.0,0.49135381491199553,0.8251198184594992,0.0,0.0,0.14185987312303808,0.008173995487486504,0.0,0.0,0.0,0.0,9.827076298239913,16.502396369189988,0.0,0.750169343052623,27.079642010482523,1,173
HSB0196,2010-10-01,1,0,7,27,1,0,6,136356,7,3,1.0,0.0,0.20060807643339187,1.0,0.0,0.05906668211529338,0.0,0.5346767222330097,0.015526475085202962,0.0,10.0,0.0,4.012161528667837,10.0,3.04634939716753,27.05851092583537,0,174
KMB0922,2011-02-23,0,1,3,0,0,0,6,161837,4,6,0.0,0.6077013344185639,0.0,0.0,0.0,0.21469504744632256,0.14124305902425563,0.0769816801847935,0.5443725410182203,1.0,10.0,12.154026688371278,0.0,0.0,4.88646163836796,27.040488326739236,0,175
HDD0806,2011-04-08,1,1,0,0,0,0,8,265647,2,2,1.0,0.0,0.0,0.0,0.0,0.4568668506167145,0.622686820627963,0.31754935308751747,0.0,1.0,20.0,0.0,0.0,0.0,6.985515121660975,26.985515121660974,0,176
SAK0375,2010-06-07,5,1,0,0,0,0,10,322534,21,6,0.44497190922573937,0.0,0.0,0.0,0.0,0.5903538602731951,0.6352094648995121,1.0,0.2803540310916292,1.0,14.449719092257396,0.0,0.0,0.0,12.529586781321683,26.97930587357908,0,177
BRB0355,2011-01-25,0,0,5,6,0,0,3,91785,3,0,0.0,0.5826049874731353,0.7478822868429432,0.0,0.0,0.0,0.0,0.04892942539976062,0.0,0.0,0.0,11.652099749462707,14.957645736858865,0.0,0.24464712699880312,26.854392613320375,0,178
KRV0372,2010-09-30,4,1,0,0,1,0,7,226019,5,7,0.2073490549128408,0.0,0.0,1.0,0.0,0.17110554764160918,0.18945586652213053,0.14652057954666045,0.4453668693915704,1.0,12.073490549128408,0.0,0.0,10.0,4.762244315509853,26.835734864638262,0,179
JBD0616,2010-07-20,1,0,9,5,0,0,11,414920,4,2,0.2109632539223229,0.11338934190276806,0.8880667846405285,0.0,0.0,0.386738761053132,0.5408524906873057,0.01116824749920766,0.0,0.0,2.109632539223229,2.267786838055361,17.76133569281057,0.0,4.693797496198227,26.83255256628739,0,180
LRR0148,2010-08-12,2,0,3,8,0,0,6,187863,2,2,0.42122271001047834,0.23011735083948998,0.8963668953003294,0.0,0.0,0.0,0.0,0.0,0.0,0.0,4.2122271001047835,4.6023470167898,17.927337906006592,0.0,0.0,26.741912022901175,0,181
OBH0499,2011-04-20,1,0,9,7,1,0,6,154085,5,1,1.0,0.15666989036012907,0.6069954668708044,0.1351690670668749,0.0,0.0,0.0,0.020245144780034578,0.0,0.0,10.0,3.1333978072025817,12.13990933741609,1.351690670668749,0.1012257239001729,26.72622353918759,0,182
PSF0133,2010-09-01,0,0,5,3,1,0,1,21844,0,1,0.0,0.7348469228349529,0.06245383527799538,1.0,0.0,0.03779644730092273,0.007563574763676244,0.0,0.10834726777719228,0.0,0.0,14.696938456699057,1.2490767055599077,10.0,0.7685364492089564,26.714551611467922,1,183
KPC0073,2010-07-06,2,0,2,0,0,0,5,133282,2,1,0.5766328940543494,1.0,0.0,0.0,0.0,0.11698989676335506,0.03492000077072607,0.0,0.0,0.0,5.766328940543494,20.0,0.0,0.0,0.7595494876704056,26.5258784282139,1,184
KJP0371,2011-03-15,2,1,0,0,1,0,9,258567,4,6,0.0,0.0,0.0,1.0,0.0,0.4434380259543925,0.4027993327004089,0.09740742010889844,0.35502375776725426,1.0,10.0,0.0,0.0,10.0,6.493342682654771,26.49334268265477,0,185
AHM0410,2010-07-13,0,0,3,16,0,0,2,86435,2,0,0.0,0.7688179765595231,0.5461559585715101,0.0,0.0,0.0,0.0,0.0,0.0,0.0,0.0,15.376359531190465,10.923119171430203,0.0,0.0,26.299478702620668,0,186
PDW0259,2010-10-19,2,1,0,0,1,0,4,134296,0,3,0.5669467095138409,0.0,0.0,1.0,0.0,0.0,0.08866374961500884,0.0,0.03556173508621198,1.0,15.669467095138408,0.0,0.0,10.0,0.6211274235061041,26.29059451864451,0,187
BKW0374,2011-02-15,4,1,0,0,3,0,6,227661,1,4,0.23816525581123327,0.0,0.0,1.0,0.0,0.15289039892497722,0.35365303111968666,0.0,0.26817155775835455,1.0,12.381652558112332,0.0,0.0,10.0,3.8735749390150924,26.255227497127425,0,188
BTR0403,2010-05-14,1,0,3,5,0,0,6,237574,0,2,0.14411533842457844,0.5992202725750652,0.43368662629048205,0.0,0.0,0.2783192937613401,0.5288104679908024,0.0,0.0,0.0,1.4411533842457844,11.984405451501305,8.67373252580964,0.0,4.035648808760714,26.134940170317442,0,189
VMJ0546,2010-06-03,1,0,4,10,1,0,8,267731,8,7,0.21096325392232296,0.33405901198203514,0.0019375010511619218,0.708116213222499,0.0,0.5053689316217683,0.5979762321942363,0.47990569673247874,0.4563832975533989,0.0,2.1096325392232296,6.681180239640703,0.03875002102323844,7.08116213222499,10.198170790509412,26.108895722621572,0,190
CIM0926,2010-11-12,1,1,0,0,1,0,4,96220,0,3,1.0,0.0,0.0,0.566946709513841,0.0,0.0,0.0,0.0,0.08669214468630107,1.0,20.0,0.0,0.0,5.66946709513841,0.4334607234315053,26.102927818569913,0,191
HDH0928,2010-06-08,0,0,1,11,1,0,8,250143,15,1,0.0,0.0,0.4645057459312607,0.7081162132224993,0.0,0.5039260956717332,0.5892140390773706,0.8435362130230535,0.0,0.0,0.0,0.0,9.290114918625214,7.081162132224993,9.683381738860785,26.05465878971099,0,192
KSP0357,2010-07-30,2,1,0,0,1,0,6,217966,10,1,0.01890795246636983,0.0,0.0,1.0,0.0,0.14628057276187567,0.30111054263505743,0.702648052522944,0.0,1.0,10.189079524663699,0.0,0.0,10.0,5.750195839599385,25.939275364263082,0,193
IIW0249,2010-10-06,1,0,9,8,0,0,4,125390,5,3,0.17008401285415228,0.08675328468813878,1.0,0.0,0.0,0.0,0.0,0.42913944926945086,0.06348110542727381,0.0,1.7008401285415229,1.7350656937627755,20.0,0.0,2.4631027734836235,25.899008595787922,0,194
CEJ0109,2011-03-21,0,0,6,8,0,0,3,72909,0,0,0.0,0.6878456427114515,0.5998400639715689,0.0,0.0,0.0,0.0,0.0,0.0,0.0,0.0,13.75691285422903,11.996801279431377,0.0,0.0,25.75371413366041,1,195
DMK0257,2010-03-09,1,0,4,12,0,0,5,142127,3,2,0.0,0.5643804972021267,0.6623485395389503,0.0,0.0,0.1029529170829487,0.06660428022651542,0.02178819117607688,0.05156879540323448,0.0,0.0,11.287609944042535,13.246970790779008,0.0,1.2145709194438776,25.749151654265418,0,196
KWE0082,2010-08-16,0,0,3,13,1,0,5,151318,7,3,0.0,0.1244094329477047,0.46781956927200874,1.0,0.0,0.10596363512479279,0.10480564144690067,0.4774376845088592,0.08693322142825183,0.0,0.0,2.4881886589540945,9.356391385440176,10.0,3.875700912544023,25.720280956938293,0,197
MNS0224,2010-04-29,3,1,0,0,2,0,9,272687,2,3,0.0,0.0,0.0,1.0,0.0,0.44295731185321185,0.43094095245353936,0.111846557880216,0.13135304004993834,1.0,10.0,0.0,0.0,10.0,5.585489311184528,25.585489311184528,0,198
AKR0057,2010-11-01,0,0,7,6,0,0,7,213777,0,4,0.0,0.819797884498717,0.3357717142970124,0.0,0.0,0.15116339628507533,0.14531533936815186,0.0,0.1820986400612413,0.0,0.0,16.39595768997434,6.7154342859402485,0.0,2.3928868785723427,25.504278854486934,1,199
GZC0735,2010-11-26,0,0,2,6,0,0,7,252962,2,2,0.0,0.2604962510134474,1.0,0.0,0.0,0.0,0.05252335837129972,0.0,0.0,0.0,0.0,5.209925020268949,20.0,0.0,0.2626167918564986,25.472541812125446,0,200
ZDW0859,2010-10-19,2,1,0,0,3,0,6,176985,1,0,1.0,0.0,0.0,0.5468502095998979,0.0,0.0,0.0,0.0,0.0,1.0,20.0,0.0,0.0,5.468502095998979,0.0,25.46850209599898,0,201
CQW0652,2011-03-22,0,0,5,8,0,0,2,96864,0,1,0.0,0.6114295984380812,0.5523791171610587,0.0,0.0,0.12215787871515245,0.268196135253847,0.0,0.044795157223212825,0.0,0.0,12.228591968761625,11.047582343221174,0.0,2.1757458559610616,25.45192016794386,1,202
PDH0716,2010-08-04,1,0,5,8,0,0,1,29918,0,1,0.0,0.7409963766794685,0.28684295605335874,0.0,0.0,0.26349301969610395,0.3540917936287634,0.0,0.34016802570830457,0.0,0.0,14.81992753358937,5.736859121067176,0.0,4.78876419516586,25.345550849822406,0,203
WIQ0567,2011-04-26,0,0,3,11,2,0,4,121987,3,4,0.0,0.4233422098931195,0.38620563114229595,0.7937253933193769,0.0,0.0,0.0,0.0,0.2416161798770486,0.0,0.0,8.46684419786239,7.724112622845919,7.9372539331937695,1.208080899385243,25.336291653287322,0,204
BMT0528,2010-04-13,0,0,2,16,0,0,3,90948,10,2,0.0,0.014064216928154813,0.7222215979617608,0.0,0.0,0.38748465892504147,0.33670044325274373,1.0,0.3872983346207415,0.0,0.0,0.28128433856309626,14.444431959235216,0.0,10.557417183992634,25.283133481790948,0,205
IKR0401,2010-10-12,0,0,3,5,1,0,3,74750,2,3,0.0,0.28180093098831754,0.4232853729015952,1.0,0.0,0.0,0.0,0.16817024272829928,0.06703984233395299,0.0,0.0,5.636018619766351,8.465707458031904,10.0,1.1760504253112614,25.277776503109514,1,206
LBC0356,2010-06-11,5,1,0,0,1,0,6,176247,4,4,0.340813966049267,0.0,0.0,1.0,0.0,0.1031082194287393,0.0719133566902932,0.056980288229819,0.09308190059501555,1.0,13.40813966049267,0.0,0.0,10.0,1.6254188247193353,25.03355848521201,0,207
CMB0912,2010-12-14,2,1,0,0,0,0,11,335049,2,7,1.0,0.0,0.0,0.0,0.0,0.4036867990988472,0.34175295383867543,0.0,0.2609987767575703,1.0,20.0,0.0,0.0,0.0,5.032192648475464,25.032192648475466,0,208
MSH0040,2010-09-17,6,1,0,0,1,0,8,206155,12,5,0.37683128829253887,0.0,0.0,0.481070235442364,0.0,0.2960265226573367,0.1407902114087211,0.5643988032862869,0.2668781891575421,1.0,13.76831288292539,0.0,0.0,4.810702354423641,6.340468632549435,24.919483869898464,0,209
KJJ0293,2010-02-11,0,0,4,4,0,0,0,0,0,0,0.0,0.9190037061595021,0.32670223381735497,0.0,0.0,0.0,0.0,0.0,0.0,0.0,0.0,18.38007412319004,6.534044676347099,0.0,0.0,24.914118799537142,0,210
CHM0821,2010-09-14,1,0,3,9,0,0,1,42834,0,1,0.42122271001047834,0.39309479256474306,0.4236808875858033,0.0,0.0,0.19639610121239312,0.299528364627692,0.0,0.37606990231680537,0.0,4.2122271001047835,7.861895851294862,8.473617751716066,0.0,4.359971840784453,24.907712543900164,0,211
IBP0883,2011-02-03,2,0,0,0,1,0,3,101208,1,3,0.8283510207236027,0.0,0.0,1.0,0.0,0.357584853696231,0.42349825895996346,0.024344961380401143,0.5072416757789711,0.0,8.283510207236027,0.0,0.0,10.0,6.563348749077834,24.84685895631386,0,212
BRM0995,2010-10-27,0,0,10,5,0,0,9,254777,5,8,0.0,0.46906302425617075,0.22460807901312202,0.0,0.0,0.6853202649464113,0.5342116939823549,0.25717909230926606,0.7073977822102846,0.0,0.0,9.381260485123416,4.492161580262441,0.0,10.920544167241584,24.79396623262744,0,213
THR0873,2010-06-08,2,0,8,27,2,0,7,204448,2,4,1.0,0.0785003136249938,0.14987261144198966,1.0,0.0,0.0,0.0,0.0,0.031069002355592963,0.0,10.0,1.570006272499876,2.9974522288397933,10.0,0.15534501177796484,24.722803513117633,0,214
HMM0108,2010-02-17,1,0,1,12,0,0,7,211654,1,5,1.0,0.0,0.4212963489656077,0.0,0.0,0.3568732135731648,0.3322193444702532,0.0,0.5361732960225964,0.0,10.0,0.0,8.425926979312154,0.0,6.126329270330073,24.552256249642227,0,215
CIM0271,2010-09-29,1,1,4,4,0,0,6,150901,6,5,0.0,0.4378802695198569,0.0,0.0,0.0,0.23860166561590654,0.09731638366232967,0.3431568576941562,0.46444273322039364,1.0,10.0,8.757605390397138,0.0,0.0,5.717588200963932,24.47519359136107,0,216
NDM0417,2010-02-19,1,0,3,10,0,0,6,181982,15,4,0.24415239013859685,0.2038098661460272,0.422742737617196,0.0,0.0,0.2645751311064591,0.21211276053118003,0.9740998059201569,0.4402991642477499,0.0,2.4415239013859686,4.076197322920544,8.454854752343921,0.0,9.45543430902773,24.428010285678162,0,217
HRL0540,2010-11-03,1,0,7,10,0,0,6,242089,9,3,1.0,0.0,0.38796439114039766,0.0,0.0,0.26816879932685617,0.4844986079018699,0.45900592727148865,0.1194680213522394,0.0,10.0,0.0,7.759287822807953,0.0,6.655706779262271,24.414994602070223,0,218
JCC0225,2010-03-15,5,1,0,0,1,0,8,293196,0,5,0.3594959476389274,0.0,0.0,0.5669467095138411,0.0,0.3159812757384364,0.4214077778536903,0.0,0.29101865823080864,1.0,13.594959476389274,0.0,0.0,5.669467095138411,5.142038559114677,24.406465130642363,0,219
BMC0547,2010-09-15,1,0,0,0,2,0,9,303886,0,7,0.2441523901385969,0.0,0.0,1.0,0.0,0.7688844775523432,0.8712117066379468,0.0,0.747882286842942,0.0,2.441523901385969,0.0,0.0,10.0,11.93989235516616,24.38141625655213,0,220
PMC0328,2010-06-10,1,0,5,1,1,0,1,60554,0,0,0.0,0.6890214420310062,0.0,1.0,0.0,0.0,0.09132053535580265,0.0,0.0,0.0,0.0,13.780428840620127,0.0,10.0,0.4566026767790133,24.23703151739914,0,221
TSM0363,2010-07-29,5,1,0,0,2,0,3,70092,2,3,0.37130070696529505,0.0,0.0,1.0,0.0,0.0,0.0,0.03599786685627755,0.0652392338663475,1.0,13.713007069652953,0.0,0.0,10.0,0.5061855036131253,24.219192573266078,0,222
DIW0118,2010-09-02,2,0,2,8,0,0,10,343869,5,8,0.708116213222499,0.012757297666876822,0.4865532751900397,0.0,0.0,0.29371675712258427,0.3975199199209317,0.17371980724307592,0.564182182985206,0.0,7.08116213222499,0.2551459533375365,9.731065503800796,0.0,7.145693336358989,24.21306692572231,0,223
MDH0686,2010-10-28,1,0,0,0,2,0,7,212517,7,1,1.0,0.0,0.0,1.0,0.0,0.3471450021383743,0.3333134611695088,0.15117658643838067,0.0,0.0,10.0,0.0,0.0,10.0,4.158175248731319,24.158175248731318,0,224
RHO0732,2010-12-09,1,0,5,5,0,0,10,350557,13,8,0.022413779393913924,0.6114295984380818,0.1738636575842445,0.0,0.0,0.20173890572113745,0.2558424769135261,0.7981596478959665,0.3722482482758772,0.0,0.22413779393913924,12.228591968761636,3.47727315168489,0.0,8.139946394032535,24.0699493084182,0,225
LOM0086,2010-07-21,1,0,5,5,0,0,8,233112,4,3,0.054470477940192205,0.6721474378570687,0.20564901067354552,0.0,0.0,0.4892842232622754,0.429228146720145,0.11805922969913707,0.15355622691638995,0.0,0.5447047794019221,13.442948757141373,4.112980213470911,0.0,5.950639132989737,24.05127288300394,0,226
SAB0781,2010-09-23,0,0,4,8,0,0,3,81487,9,1,0.0,0.5223700143515971,0.2233223901278078,0.0,0.0,0.3977539848267023,0.25987114191351984,1.0,0.156669890360128,0.0,0.0,10.447400287031943,4.466447802556156,0.0,9.071475085501751,23.985323175089853,0,227
IJM0444,2010-12-28,2,0,3,13,0,0,4,118080,2,3,0.49135381491199537,0.5319354180592073,0.37612887187052535,0.0,0.0,0.0,0.0,0.0,0.18037804717487826,0.0,4.913538149119954,10.638708361184147,7.522577437410508,0.0,0.9018902358743913,23.976714183589,0,228
DFR0218,2010-03-19,5,1,0,0,1,0,5,150212,3,4,0.24642094423166894,0.0,0.0,1.0,0.0,0.0,0.0,0.15113588720135024,0.14308987855205746,1.0,12.46420944231669,0.0,0.0,10.0,1.4711288287670388,23.93533827108373,0,229
IBB0696,2011-03-03,1,0,3,8,0,0,1,26581,0,0,0.0,0.29999999999999993,0.7975025045323345,0.0,0.0,0.2109632539223229,0.179369680367653,0.0,0.0,0.0,0.0,5.999999999999999,15.950050090646691,0.0,1.9516646714498795,23.90171476209657,0,230
DPM0423,2010-12-30,0,0,7,0,2,0,3,100281,1,0,0.0,0.734846922834953,0.0,0.9094379728109022,0.0,0.0,0.0,0.0,0.0,0.0,0.0,14.69693845669906,0.0,9.094379728109022,0.0,23.791318184808084,0,231
QRM0739,2010-02-23,1,1,9,27,0,0,10,309310,8,5,0.21096325392232296,0.1546218298674113,0.1725775240531578,0.0,0.0,0.2494259429469953,0.26023627999563426,0.21221064545162385,0.3035908186428954,1.0,12.109632539223231,3.092436597348226,3.4515504810631557,0.0,5.127318435185744,23.780938052820353,0,232
SVS0871,2010-03-10,2,0,0,0,1,0,9,289626,6,6,1.0,0.0,0.0,1.0,0.0,0.1956149601895148,0.2513623446788816,0.05473307818518541,0.25380752973507487,0.0,10.0,0.0,0.0,10.0,3.7775895639432835,23.777589563943284,0,233
MLL0598,2010-07-13,0,0,9,7,0,0,0,0,0,0,0.0,0.18875127737584776,1.0,0.0,0.0,0.0,0.0,0.0,0.0,0.0,0.0,3.775025547516955,20.0,0.0,0.0,23.775025547516954,0,234
QJR0688,2011-01-14,0,0,3,9,0,0,7,210852,7,1,0.0,0.4620496728913805,0.5335108288142763,0.0,0.0,0.2504872290013768,0.28936827064733317,0.23287852140524318,0.0,0.0,0.0,9.24099345782761,10.670216576285526,0.0,3.863670105269766,23.7748801393829,0,235
KKW0879,2010-05-19,1,0,8,13,2,0,6,185581,0,2,0.0,0.0,0.6884083023783267,1.0,0.0,0.0,0.0,0.0,0.0,0.0,0.0,0.0,13.768166047566535,10.0,0.0,23.768166047566535,0,236
CBB0365,2011-05-04,4,1,0,0,1,0,6,195030,1,1,0.1772015869412203,0.0,0.0,1.0,0.0,0.17290885156666366,0.21870588596749396,0.0,0.0,1.0,11.772015869412202,0.0,0.0,10.0,1.958073687670788,23.730089557082987,0,237
AJN0607,2010-02-24,0,0,3,12,0,0,8,227132,20,4,0.0,0.0,0.9118498292856426,0.0,0.0,0.06564646110160263,0.023091893552146275,1.0,0.008106134612129482,0.0,0.0,0.0,18.236996585712852,0.0,5.484222446329392,23.721219032042242,0,238
RAM0447,2011-03-09,1,0,0,0,1,0,1,37976,3,1,0.26349301969610395,0.0,0.0,1.0,0.0,0.22677868380553634,0.4147656735033257,1.0,0.5669467095138411,0.0,2.6349301969610397,0.0,0.0,10.0,11.042455334113518,23.677385531074556,0,239
SOB0360,2010-10-05,5,1,0,0,2,0,6,177675,0,5,0.3407580834383411,0.0,0.0,0.8283510207236027,0.0,0.05530395443101703,0.008913404247204623,0.0,0.27731839914707157,1.0,13.407580834383412,0.0,0.0,8.283510207236027,1.7076787891264662,23.398769830745902,0,240
PNL0301,2010-07-19,0,0,6,5,0,0,0,0,0,0,0.0,0.7659580467122907,0.4025851152026001,0.0,0.0,0.0,0.0,0.0,0.0,0.0,0.0,15.319160934245815,8.051702304052002,0.0,0.0,23.370863238297815,1,241
VCC0396,2011-01-18,2,0,2,11,1,0,3,84660,0,3,0.5487312555189565,0.0,0.3919647479510927,1.0,0.0,0.0,0.0,0.0,0.0,0.0,5.487312555189566,0.0,7.839294959021855,10.0,0.0,23.32660751421142,0,242
NOB0181,2011-02-04,1,0,2,8,0,0,3,96296,5,3,0.0,0.21886563452749588,0.3468565090272404,0.0,0.0,0.3045636937186961,0.3356559847683226,1.0,0.758552024694612,0.0,0.0,4.377312690549918,6.937130180544808,0.0,11.993858515908155,23.30830138700288,0,243
FEB0306,2011-01-24,0,0,4,8,0,0,1,25689,0,0,0.0,0.7112347017242395,0.3561969797298652,0.0,0.0,0.22677868380553634,0.16135361538217988,0.0,0.0,0.0,0.0,14.224694034484791,7.123939594597305,0.0,1.9406614959385808,23.289295125020676,0,244
BDI0533,2010-02-09,0,0,3,13,0,0,2,72998,5,2,0.0,0.1809677489099993,0.6294232546073544,0.0,0.0,0.17636890537566458,0.27608940099373225,0.7091340747614572,0.2530202462327885,0.0,0.0,3.6193549781999867,12.58846509214709,0.0,7.073063136818212,23.28088320716529,0,245
JFC0557,2010-11-19,0,0,6,13,0,0,7,176814,4,6,0.0,0.41521719089485903,0.38635697053822227,0.0,0.0,0.3864564288876192,0.24685357392825852,0.13961764772980392,0.6681903199237034,0.0,0.0,8.30434381789718,7.727139410764446,0.0,7.205589852346924,23.237073081008553,0,246
DLM0051,2011-02-01,2,0,10,23,2,0,10,259059,5,5,1.0,0.33235151909730876,0.0,0.4236808875858042,0.0,0.22487572089052704,0.11454586035008214,0.10283739354169959,0.016944976323857587,0.0,10.0,6.647030381946176,0.0,4.236808875858042,2.296019755530832,23.17985901333505,0,247
SRH0155,2010-05-27,2,1,0,0,1,0,7,192640,2,3,0.7081162132224981,0.0,0.0,0.4212227100104783,0.0,0.19327174127801136,0.10063291295164059,0.0,0.0796972292595442,1.0,17.081162132224982,0.0,0.0,4.2122271001047835,1.868009417445981,23.161398649775748,0,248
RNP0211,2010-10-01,1,0,5,10,2,0,7,239328,1,7,0.0,0.4259808395076455,0.12463861580190831,0.9094379728109022,0.0,0.06841782379641623,0.15530175693456288,0.0,0.3826188753838001,0.0,0.0,8.519616790152911,2.4927723160381667,9.094379728109022,3.0316922805738966,23.138461114873994,0,249
ICH0294,2011-01-28,0,0,4,16,0,0,0,0,0,0,0.0,0.6948437822801627,0.4578418957206044,0.0,0.0,0.0,0.0,0.0,0.0,0.0,0.0,13.896875645603254,9.156837914412089,0.0,0.0,23.053713560015343,0,250
JHP0583,2011-05-06,0,0,4,8,0,0,1,40003,7,0,0.0,0.48308489675391064,0.3227675714921543,0.0,0.0,0.15798095832497447,0.20652667834527846,1.0,0.0,0.0,0.0,9.661697935078212,6.455351429843086,0.0,6.822538183351265,22.939587548272563,0,251
CWR0502,2010-07-06,0,0,1,13,0,0,7,185533,11,2,0.0,0.01756620131307358,1.0,0.0,0.0,0.03368165348543038,0.0,0.48107023544236405,0.0,0.0,0.0,0.35132402626147163,20.0,0.0,2.573759444638972,22.925083470900447,0,252
MBJ0312,2010-12-29,1,0,5,6,1,0,9,301574,5,5,0.0,0.5049036376667378,0.24491372191461128,0.5669467095138411,0.0,0.10378976942203451,0.19151599201574,0.07069003043681792,0.08532851511233241,0.0,0.0,10.098072753334758,4.898274438292225,5.669467095138411,2.256621534934624,22.92243582170002,0,253
VIA0063,2011-04-06,1,0,9,26,1,0,8,229110,10,1,0.19639610121239312,0.2604962510134471,0.14315965196562597,0.7081162132224987,0.0,0.09265971798450699,0.06058043141205625,1.0,0.0,0.0,1.9639610121239313,5.209925020268942,2.8631930393125193,7.081162132224987,5.7662007469828165,22.8844419509132,0,254
IUB0565,2010-11-19,0,0,6,8,0,0,5,136585,1,4,0.0,0.4757711097716634,0.6228244722659739,0.0,0.0,0.0,0.0,0.0,0.1773681178810269,0.0,0.0,9.515422195433269,12.45648944531948,0.0,0.8868405894051347,22.858752230157886,1,255
ESR0693,2010-08-16,0,0,3,10,0,0,7,203528,10,2,0.0,0.3551502704748046,0.4539206495016016,0.0,0.0,0.39656823865390595,0.3131994667728746,0.583119169621039,0.03560344974581559,0.0,0.0,7.103005409496093,9.078412990032032,0.0,6.642451623968176,22.823870023496298,0,256
MPT0376,2010-03-10,1,0,2,6,2,0,5,168292,2,3,0.22677868380553634,0.21213203435596428,0.23869734754912736,1.0,0.0,0.06430102587680567,0.13172500873266976,0.0068963998695569005,0.08707707839849467,0.0,2.2677868380553634,4.242640687119286,4.773946950982547,10.0,1.449997564387635,22.734372040544834,0,257
SAA0999,2010-07-08,0,0,9,27,1,0,7,256970,5,3,0.0,0.19308395644883714,0.21804970686593186,1.0,0.0,0.2248757208905265,0.4380681989599909,0.19086270308410552,0.04553825555391873,0.0,0.0,3.861679128976743,4.360994137318638,10.0,4.496724392442708,22.71939765873809,0,258
JRS0362,2010-11-01,4,1,0,0,3,0,6,154655,0,3,0.262109325857167,0.0,0.0,0.8755902314481186,0.0,0.13277499157529277,0.02920079486949939,0.0,0.09340764618960366,1.0,12.621093258571669,0.0,0.0,8.755902314481187,1.2769171631719791,22.653912736224836,0,259
NCO0666,2011-02-25,1,0,0,0,2,0,8,271344,7,8,0.22677868380553634,0.0,0.0,1.0,0.0,0.5120224926378056,0.5189615705442439,0.3795433616549507,0.6633926657983656,0.0,2.2677868380553634,0.0,0.0,10.0,10.36960045317683,22.637387291232194,0,260
ATP0662,2010-11-16,0,0,2,7,2,0,9,253519,4,4,0.0,0.2530202462327886,0.21481414195354698,1.0,0.0,0.2443167728905859,0.19306110941515572,0.02779004619870292,0.1497938143355282,0.0,0.0,5.060404924655773,4.2962828390709396,10.0,3.074808714199864,22.431496477926576,0,261
MSS0001,2010-09-07,1,0,0,0,7,0,24,697230,12,13,0.3401680257083045,0.0,0.0,1.0,0.0,0.5950277754023647,0.5304147572092697,0.5518976770522862,0.10812729312702216,0.0,3.4016802570830453,0.0,0.0,10.0,8.927337513954715,22.329017771037762,0,262
PKB0429,2010-03-16,0,0,0,0,2,0,9,283936,4,8,0.0,0.0,0.0,0.9340155743710608,0.0,0.6453562978726187,0.6908697048594881,0.333092305193574,0.910934158468217,0.0,0.0,0.0,0.0,9.340155743710609,12.901262331969491,22.2414180756801,0,263
HCS0003,2011-02-01,0,0,5,6,2,0,17,441404,20,7,0.0,0.4460474925140643,0.0,1.0,0.0,0.28920764648609654,0.06022498384975985,0.31243883635942676,0.0,0.0,0.0,8.920949850281286,0.0,10.0,3.3093573334764157,22.230307183757702,0,264
FFC0891,2010-08-16,0,0,4,6,0,0,3,90903,5,1,0.0,0.5669467095138403,0.0813358165186129,0.0,0.0,0.42898017585419923,0.4185944078041567,0.8880667846405267,0.07449397932787935,0.0,0.0,11.338934190276806,1.626716330372258,0.0,9.05067673813381,22.016327258782873,0,265
WIF0691,2010-09-15,1,0,9,27,0,0,4,137382,4,3,1.0,0.2530202462327886,0.19571957112340888,0.0,0.0,0.0,0.0,0.4418781762259184,0.13299182411099172,0.0,10.0,5.060404924655773,3.9143914224681775,0.0,2.874350001684551,21.849146348808503,0,266
BQS0525,2010-02-11,0,1,9,1,0,0,3,82112,7,1,0.0,0.21655529854485667,0.0,0.0,0.0,0.33303956543325003,0.2450076520516337,0.8166982597207062,0.10847835949819158,1.0,10.0,4.331105970897134,0.0,0.0,7.516119183518908,21.847225154416044,0,267
WSR0241,2010-06-14,2,1,0,0,0,0,6,167145,6,6,0.5556950534971526,0.0,0.0,0.0,0.0,0.23514345785949736,0.12213682530867379,0.17826588543097371,0.7067433235520556,1.0,15.556950534971529,0.0,0.0,0.0,6.211447460756003,21.768397995727533,0,268
DVM0265,2010-02-23,2,1,0,0,0,0,4,145600,0,4,1.0,0.0,0.0,0.0,0.0,0.0,0.05451055826568137,0.0,0.29172713316568677,1.0,20.0,0.0,0.0,0.0,1.7311884571568408,21.73118845715684,0,269
XWD0923,2010-11-12,0,0,4,27,3,0,6,144670,3,5,0.0,0.3444470370056752,0.11842267985926953,1.0,0.0,0.18582356156117272,0.02185002420937978,0.009362816758985391,0.2773183991470717,0.0,0.0,6.8889407401135045,2.368453597185391,10.0,2.471774008383048,21.729168345681945,0,270
WPR0368,2010-02-04,5,1,0,0,0,0,9,280964,0,6,0.38191708575038,0.0,0.0,0.0,0.0,0.5164856096619667,0.5538153715988238,0.0,0.4884424830755202,1.0,13.819170857503801,0.0,0.0,0.0,7.793717321681553,21.612888179185354,0,271
RRP0568,2011-03-08,0,0,2,5,1,0,6,200166,1,5,0.0,0.26349301969610406,0.12524604009663326,1.0,0.0,0.17891194563707016,0.26156325362493643,0.0,0.32693851078957936,0.0,0.0,5.269860393922081,2.5049208019326654,10.0,3.83706855025793,21.611849746112675,0,272
PID0426,2010-06-02,2,1,0,0,0,0,7,251653,3,7,0.4367420748241713,0.0,0.0,0.0,0.0,0.2714279147642843,0.39974088094714233,0.0,0.7763874967022645,1.0,14.367420748241713,0.0,0.0,0.0,7.2377814620684555,21.605202210310168,0,273
CGB0637,2010-08-17,0,0,5,12,0,0,3,68003,1,1,0.0,0.2921694673611182,0.5790845593826812,0.0,0.0,0.4497686969777793,0.2821154279421683,0.03719849969076809,0.06652991438591159,0.0,0.0,5.843389347222364,11.581691187653625,0.0,4.1780626949831365,21.603143229859125,0,274
CTR0341,2010-10-23,2,0,0,0,2,0,3,84223,8,1,0.28947038440620465,0.0,0.0,1.0,0.0,0.37773974200143756,0.2498318376100027,1.0,0.09771071235928817,0.0,2.8947038440620467,0.0,0.0,10.0,8.626411459853642,21.52111530391569,0,275
WBC0315,2011-01-07,1,0,0,0,2,0,10,291332,14,9,0.0,0.0,0.0,1.0,0.0,0.3188213587944345,0.2776524478240992,1.0,0.7007210093281261,0.0,0.0,0.0,0.0,10.0,11.4859740797333,21.4859740797333,0,276
CAM0681,2011-01-17,0,0,2,10,0,0,4,104750,2,1,0.0,0.20404858567160372,0.8666446518913627,0.0,0.0,0.0,0.0,0.0,0.0,0.0,0.0,4.080971713432074,17.332893037827258,0.0,0.0,21.413864751259332,0,277
DFH0188,2010-10-14,2,0,3,21,0,0,2,63288,0,0,1.0,0.4458374036671212,0.06999803012986291,0.0,0.0,0.10068638024726166,0.10576507450175927,0.0,0.0,0.0,10.0,8.916748073342424,1.3999606025972584,0.0,1.0322572737451048,21.34896594968479,0,278
KCO0122,2010-09-15,2,0,1,13,0,0,4,149601,3,2,1.0,0.0,0.560900730900213,0.0,0.0,0.0,0.026118953381629912,0.0,0.0,0.0,10.0,0.0,11.21801461800426,0.0,0.13059476690814958,21.34860938491241,0,279
TQS0212,2011-03-30,2,1,0,0,0,0,7,257315,3,5,1.0,0.0,0.0,0.0,0.0,0.0,0.12228771624873917,0.0,0.1426380972692603,1.0,20.0,0.0,0.0,0.0,1.3246290675899974,21.324629067589996,0,280
HAH0760,2010-09-09,0,0,3,8,1,0,3,87404,1,1,0.0,0.18973665961010275,0.14315965196562536,1.0,0.0,0.4232853729015953,0.33783293018081706,0.0,0.16813376314128659,0.0,0.0,3.794733192202055,2.8631930393125073,10.0,4.646260331118495,21.304186562633056,0,281
RZC0746,2010-11-29,1,0,0,0,1,0,10,303920,13,2,0.22677868380553629,0.0,0.0,1.0,0.0,0.46109226389329694,0.36998666349113785,0.9759918032442692,0.0,0.0,2.267786838055363,0.0,0.0,10.0,9.035353653143522,21.303140491198885,0,282
RUM0880,2010-08-04,1,0,3,15,0,0,10,323385,9,3,0.0,0.24160598775348113,0.5809151242407221,0.0,0.0,0.2557839587589508,0.2663752112942311,0.44207303856780467,0.0,0.0,0.0,4.832119755069622,11.618302484814443,0.0,4.821161043104933,21.271583282989,0,283
WDV0573,2010-03-18,2,0,0,0,0,0,2,47020,2,2,0.7937253933193773,0.0,0.0,0.0,0.0,0.5880776743675857,0.4855036957457449,0.6286486007555017,0.9340155743710603,0.0,7.937253933193773,0.0,0.0,0.0,13.181227726199463,21.118481659393236,0,284
BMG0917,2010-08-05,1,0,9,24,0,0,7,187000,0,1,1.0,0.21096325392232304,0.17940298342997582,0.0,0.0,0.36580365869622283,0.28546454316955266,0.0,0.0,0.0,10.0,4.219265078446461,3.5880596685995165,0.0,3.256341009328878,21.063665756374856,0,285
ACC0042,2010-12-08,5,1,0,0,0,0,10,312496,1,5,0.19226888409599824,0.0,0.0,0.0,0.0,0.7621288185959454,0.8171809075951572,0.0,0.2188656345274956,1.0,11.922688840959983,0.0,0.0,0.0,8.990876803592991,20.913565644552975,0,286
DBS0235,2010-12-06,2,1,0,0,0,0,6,178654,6,6,0.49884659592632385,0.0,0.0,0.0,0.0,0.17794011672735865,0.20025739303134632,0.45943096612505496,0.3379065921324312,1.0,14.98846595926324,0.0,0.0,0.0,5.877675340080955,20.866141299344193,0,287
HPH0075,2011-01-20,1,0,8,27,1,0,11,352199,7,9,0.2109632539223229,0.044795157223212846,0.23164929496126802,1.0,0.0,0.1407054976801771,0.15841314343673885,0.047616401488152,0.29692299558323604,0.0,2.109632539223229,0.895903144464257,4.6329858992253605,10.0,3.2182901909415205,20.856811773854368,0,288
AIH0675,2010-02-23,1,0,0,0,1,0,9,268976,8,0,0.19639610121239312,0.0,0.0,1.0,0.0,0.5725182260386245,0.5519714296848628,0.6411560504908936,0.0,0.0,1.9639610121239313,0.0,0.0,10.0,8.828228531071906,20.79218954319584,0,289
AMW0392,2010-04-28,0,0,0,0,1,0,7,200977,3,7,0.0,0.0,0.0,1.0,0.0,0.5235075456724002,0.4079318362679555,0.5005744064640774,0.7078989187171286,0.0,0.0,0.0,0.0,10.0,10.699563535607808,20.69956353560781,0,290
AIP0982,2011-01-18,1,0,3,27,1,0,8,238103,8,2,0.0,0.440730011102099,0.19148036353804512,0.2141239281438989,0.0,0.4768358197453872,0.38731961478472277,0.28116246869880945,0.0,0.0,0.0,8.81460022204198,3.829607270760903,2.141239281438989,5.726589516144597,20.51203629038647,0,291
WKD0013,2010-04-12,0,1,0,0,1,0,11,346615,1,8,0.0,0.0,0.0,0.708116213222499,0.0,0.1703655501892017,0.21381009751368046,0.0,0.28548896355725123,1.0,10.0,0.0,0.0,7.08116213222499,3.348323056300667,20.429485188525657,0,292
GKO0078,2010-02-11,1,0,2,12,0,0,10,285771,6,1,0.0,0.19639610121239312,0.7528089711832415,0.0,0.0,0.15578723606684958,0.12058025158556365,0.0,0.0,0.0,0.0,3.9279220242478625,15.056179423664831,0.0,1.3818374382620662,20.36593888617476,0,293
SGM0021,2010-07-29,1,0,5,11,1,0,6,194095,2,4,0.0,0.40774521166467226,0.30851232733086664,0.4212227100104783,0.0,0.1050584688366496,0.17026434223156411,0.0,0.08480143449835158,0.0,0.0,8.154904233293445,6.170246546617333,4.2122271001047835,1.8006212278328264,20.33799910784839,0,294
MDM0625,2010-08-31,0,0,9,26,1,0,8,240952,0,2,0.0,0.317464029676196,0.1570608644914678,1.0,0.0,0.06941568589994059,0.09899932991271235,0.0,0.0,0.0,0.0,6.34928059352392,3.1412172898293558,10.0,0.8420750790632647,20.332572962416542,0,295
GHH0288,2010-03-03,0,0,3,10,0,0,1,38934,4,0,0.0,0.2354961192352012,0.420610131213038,0.0,0.0,0.2441523901385969,0.32831754019539366,0.8693540116175503,0.0,0.0,0.0,4.709922384704024,8.412202624260761,0.0,7.209119709757705,20.33124471872249,0,296
UFK0208,2011-03-30,2,0,0,0,3,0,6,162983,3,2,1.0,0.0,0.0,1.0,0.0,0.0,0.0,0.04668302225007871,0.0,0.0,10.0,0.0,0.0,10.0,0.23341511125039358,20.233415111250395,0,297
JJB0700,2010-05-19,1,0,0,0,1,0,1,39501,3,1,0.0,0.0,0.0,1.0,0.0,0.2441523901385969,0.3804348497882156,1.0,0.4212227100104783,0.0,0.0,0.0,0.0,10.0,10.229049749686455,20.229049749686453,0,298
JDB0169,2010-04-06,1,0,9,26,2,0,6,224448,2,4,0.0,0.21213203435596412,0.2624314309636605,0.9094379728109022,0.0,0.0,0.05260160385289224,0.1941342664583052,0.07924058156930616,0.0,0.0,4.242640687119283,5.248628619273211,9.094379728109022,1.629882259402518,20.215531293904032,0,299
HTH0007,2011-01-31,2,1,0,0,0,0,11,290970,0,7,1.0,0.0,0.0,0.0,0.0,0.0,0.0,0.0,0.035309393180189955,1.0,20.0,0.0,0.0,0.0,0.1765469659009498,20.17654696590095,0,300
TYB0779,2010-12-14,0,0,0,0,1,0,3,110292,12,1,0.0,0.0,0.0,1.0,0.0,0.38748465892504125,0.4486597231067603,1.0,0.1859461798132383,0.0,0.0,0.0,0.0,10.0,10.1104528092252,20.1104528092252,0,301
BJP0134,2010-08-09,0,1,9,25,0,0,1,33884,3,1,0.0,0.12784297268860603,0.10478324334609539,0.0,0.0,0.2441523901385969,0.2697781470614783,0.25743268710472106,0.3105295017040594,1.0,10.0,2.556859453772121,2.095664866921908,0.0,5.409463630044279,20.061987950738306,0,302
PEV0323,2011-04-05,2,0,0,0,2,0,11,277153,23,9,0.708116213222499,0.0,0.0,0.4554432691659538,0.0,0.2412793054613358,0.09696405142697935,0.8718337848270947,0.4746686684705305,0.0,7.08116213222499,0.0,0.0,4.554432691659538,8.423729050929703,20.059323874814233,0,303
NIH0969,2010-09-02,2,1,0,0,0,0,0,0,0,0,1.0,0.0,0.0,0.0,0.0,0.0,0.0,0.0,0.0,1.0,20.0,0.0,0.0,0.0,0.0,20.0,0,304
NSC0597,2010-05-20,1,1,0,0,0,0,0,0,0,0,1.0,0.0,0.0,0.0,0.0,0.0,0.0,0.0,0.0,1.0,20.0,0.0,0.0,0.0,0.0,20.0,0,304
MVH0373,2010-03-16,5,1,0,0,0,0,7,174542,9,4,0.45185911856642325,0.0,0.0,0.0,0.0,0.1717757456740865,0.036224190836995254,0.7084920188688805,0.17960025392931686,1.0,14.518591185664235,0.0,0.0,0.0,5.480461046546395,19.99905223221063,0,306
ASL0378,2011-03-22,1,0,0,0,1,0,8,236073,7,1,0.26349301969610395,0.0,0.0,1.0,0.0,0.45325472762013774,0.38395671527378417,0.6287028247737647,0.0,0.0,2.6349301969610397,0.0,0.0,10.0,7.329571338338433,19.964501535299473,0,307
ARA0252,2010-03-09,1,0,0,0,2,0,6,220924,2,6,0.34016802570830457,0.0,0.0,1.0,0.0,0.28791940614598627,0.4905462264720537,0.0,0.528129684258031,0.0,3.4016802570830458,0.0,0.0,10.0,6.532976584380355,19.9346568414634,0,308
ETR0428,2011-01-12,0,0,0,0,1,0,7,203957,6,7,0.0,0.0,0.0,1.0,0.0,0.46018655745564885,0.40229692107402687,0.378323230183896,0.7364696836722062,0.0,0.0,0.0,0.0,10.0,9.88638196192889,19.88638196192889,0,309
HLH0512,2011-04-25,0,1,0,0,0,0,3,97327,9,1,0.0,0.0,0.0,0.0,0.0,0.4505635568895835,0.43938359931618887,1.0,0.06245383527799543,1.0,10.0,0.0,0.0,0.0,9.762004957418839,19.76200495741884,0,310
CAS0507,2010-11-16,1,0,2,27,0,0,2,57098,1,2,1.0,0.1670713606649159,0.12850864250694422,0.0,0.0,0.18766297265136717,0.1390264038706349,0.10256451881367423,0.32897520869121094,0.0,10.0,3.341427213298318,2.5701728501388845,0.0,3.791145520134436,19.702745583571637,0,311
FAW0032,2010-11-05,2,0,0,0,0,0,14,409343,6,7,1.0,0.0,0.0,0.0,0.0,0.548088071431402,0.5307414535104844,0.2737477054827445,0.584677954526834,0.0,10.0,0.0,0.0,0.0,9.686275924757325,19.686275924757325,0,312
CWB0065,2010-04-22,1,0,0,0,1,0,8,209446,10,5,0.0,0.0,0.0,1.0,0.0,0.5097544742914479,0.35155938467477255,0.6452002349757815,0.42426406871192845,0.0,0.0,0.0,0.0,10.0,9.653890813269653,19.653890813269655,0,313
RCC0617,2010-08-18,1,0,0,0,1,0,12,303219,0,7,0.37606990231680537,0.0,0.0,1.0,0.0,0.4308794992305189,0.24156399203143392,0.0,0.49610339209301973,0.0,3.7606990231680544,0.0,0.0,10.0,5.842734416774863,19.60343343994292,0,314
OJK0233,2011-03-17,1,0,0,0,2,0,6,203475,2,5,0.2853569193634026,0.0,0.0,1.0,0.0,0.30682313445265286,0.4515940056897829,0.07587443335885055,0.4652783274364687,0.0,2.8535691936340255,0.0,0.0,10.0,6.497849504688776,19.351418698322803,0,315
KRM0541,2010-04-06,2,1,0,0,0,0,7,225173,0,2,0.5766328940543494,0.0,0.0,0.0,0.0,0.3478235895888614,0.3637584977599239,0.0,0.0,1.0,15.766328940543495,0.0,0.0,0.0,3.5579104367439265,19.324239377287423,0,316
DIB0081,2010-08-16,1,0,5,14,0,0,8,253810,2,1,0.315120471969219,0.3658390492864156,0.2244320563091636,0.0,0.0,0.40440066246826384,0.4668574016627911,0.0,0.0,0.0,3.15120471969219,7.316780985728312,4.488641126183272,0.0,4.356290320655274,19.312917152259047,0,317
CRP0456,2011-04-14,0,0,0,0,1,0,1,23229,2,1,0.0,0.0,0.0,1.0,0.0,0.24415239013859685,0.12803978755581685,1.0,0.481070235442364,0.0,0.0,0.0,0.0,10.0,9.26631206568389,19.26631206568389,0,318
NKH0979,2010-11-12,2,0,0,0,0,0,9,243766,14,6,1.0,0.0,0.0,0.0,0.0,0.44092226343916163,0.3441902282907542,0.7414635079545406,0.3203371636337037,0.0,10.0,0.0,0.0,0.0,9.2345658165908,19.234565816590802,0,319
GCG0951,2010-06-07,1,0,0,0,1,0,1,13380,2,1,0.0,0.0,0.0,1.0,0.0,0.2441523901385969,0.03342275015230859,1.0,0.566946709513841,0.0,0.0,0.0,0.0,10.0,9.222609249023733,19.222609249023733,0,320
BJM0111,2010-10-05,2,0,8,21,0,0,3,141718,1,2,1.0,0.028138742976632547,0.016497338491326913,0.0,0.0,0.42898017585419923,0.7318452244793565,0.0,0.4956199125785412,0.0,10.0,0.5627748595326509,0.3299467698265383,0.0,8.282226564560485,19.174948193919676,0,321
AKW0167,2011-05-03,1,0,0,0,1,0,8,290652,16,6,0.0,0.0,0.0,0.7081162132224993,0.0,0.414211231511082,0.5486938251533853,1.0,0.45019630615259915,0.0,0.0,0.0,0.0,7.081162132224993,12.065506814085333,19.146668946310328,0,322
CQH0730,2010-08-23,1,0,0,0,1,0,10,310239,3,8,0.34016802570830446,0.0,0.0,1.0,0.0,0.22699497253739334,0.2247204984229601,0.12641598433778303,0.568740139725212,0.0,3.4016802570830444,0.0,0.0,10.0,5.734357975116742,19.136038232199788,0,323
NMF0780,2010-06-29,0,0,0,0,1,0,3,113759,4,3,0.0,0.0,0.0,1.0,0.0,0.2913791321208811,0.3843991289778304,0.5497272821878928,0.5992202725750648,0.0,0.0,0.0,0.0,10.0,9.123629079308346,19.123629079308344,0,324
BRS0734,2010-05-06,0,0,1,26,1,0,9,310959,8,6,0.0,0.0,0.15417000580841467,1.0,0.0,0.23644916882412853,0.38176565913184063,0.2586492285828602,0.3186641371383617,0.0,0.0,0.0,3.0834001161682933,10.0,5.9776409683859555,19.061041084554248,0,325
JCR0921,2010-06-21,0,0,0,0,1,0,7,227889,4,7,0.0,0.0,0.0,1.0,0.0,0.33750052305591716,0.30410386047877397,0.14321881128879949,1.0,0.0,0.0,0.0,0.0,10.0,8.924115974117454,18.924115974117456,0,326
OKC0107,2010-09-08,0,0,0,0,1,0,6,175641,9,5,0.0,0.0,0.0,1.0,0.0,0.27831929376133957,0.2026473856032854,1.0,0.3022523203661335,0.0,0.0,0.0,0.0,10.0,8.916094998653792,18.91609499865379,0,327
ESA0642,2010-05-24,0,0,0,0,1,0,3,120239,0,3,0.0,0.0,0.0,1.0,0.0,0.47164449226368943,0.6877862969685251,0.0,0.6217777085076247,0.0,0.0,0.0,0.0,10.0,8.906042488699196,18.906042488699196,0,328
SED0886,2011-04-20,0,0,0,0,2,0,3,107092,12,1,0.0,0.0,0.0,1.0,0.0,0.3275525002104069,0.42839011765572677,1.0,0.017566201313073595,0.0,0.0,0.0,0.0,10.0,8.867544095896037,18.867544095896037,0,329
OYM0026,2010-11-10,1,0,0,0,0,0,7,168971,8,5,1.0,0.0,0.0,0.0,0.0,0.3128183905395816,0.16194958414008293,0.9044440325520476,0.3822034517379197,0.0,10.0,0.0,0.0,0.0,8.80707729484816,18.80707729484816,0,330
JNJ0556,2010-11-16,0,0,10,25,1,0,2,49818,0,0,0.0,0.6043630187106799,0.12349435751034529,0.42122271001047834,0.0,0.0,0.0,0.0,0.0,0.0,0.0,12.0872603742136,2.469887150206906,4.2122271001047835,0.0,18.76937462452529,0,331
DSB0731,2011-02-24,1,0,0,0,4,0,11,380074,9,11,0.17008401285415226,0.0,0.0,0.7801851353372318,0.0,0.30457296061666594,0.4091976245636637,0.5148020070092921,0.6156780593103226,0.0,1.7008401285415227,0.0,0.0,7.801851353372319,9.221253257499722,18.723944739413565,0,332
NJB0243,2011-01-18,1,0,0,0,1,0,5,164768,7,1,0.2441523901385969,0.0,0.0,1.0,0.0,0.11184655788021595,0.12356586487512902,1.0,0.0,0.0,2.441523901385969,0.0,0.0,10.0,6.177062113776725,18.618586015162695,0,333
OLW0689,2011-02-21,0,0,3,10,0,0,5,170195,1,0,0.0,0.17454032315767706,0.6778345369715784,0.0,0.0,0.0869332214282518,0.2179878816371737,0.0,0.0,0.0,0.0,3.490806463153542,13.556690739431568,0.0,1.5246055153271276,18.572102717912237,0,334
LDB0090,2010-10-01,1,0,0,0,1,0,9,340049,8,3,0.0,0.0,0.0,1.0,0.0,0.4248425526104042,0.635689853104106,0.6370518436880878,0.0,0.0,0.0,0.0,0.0,10.0,8.48792124701299,18.48792124701299,0,335
MOH0273,2011-02-25,1,0,10,27,0,0,4,120836,3,2,0.0,0.5361995355073055,0.28788640324485726,0.0,0.0,0.0,0.0,0.3998466267097613,0.0,0.0,0.0,10.72399071014611,5.757728064897146,0.0,1.9992331335488067,18.48095190859206,0,336
SXM0895,2010-11-16,0,0,0,0,1,0,3,92528,0,3,0.0,0.0,0.0,1.0,0.0,0.4012403130542543,0.3928582870601871,0.0,0.8979238726673836,0.0,0.0,0.0,0.0,10.0,8.460112363909126,18.460112363909126,0,337
BTW0005,2010-04-27,2,0,0,0,1,0,18,621333,14,6,0.708116213222499,0.0,0.0,0.566946709513841,0.0,0.3398574408220828,0.48266208557772095,0.24450837914871001,0.056176900553912335,0.0,7.08116213222499,0.0,0.0,5.66946709513841,5.61602403051213,18.36665325787553,0,338
WDO0870,2010-03-18,2,0,0,0,1,0,9,301471,0,8,0.382315855718586,0.0,0.0,1.0,0.0,0.2235427531477036,0.27708312626178344,0.0,0.3987349333057331,0.0,3.82315855718586,0.0,0.0,10.0,4.496804063576102,18.319962620761963,0,339
HWY0038,2010-02-16,5,1,0,0,0,0,8,243296,0,8,0.24345080136020672,0.0,0.0,0.0,0.0,0.3323470256441984,0.2788595127349208,0.0,0.5529380598530687,1.0,12.434508013602068,0.0,0.0,0.0,5.82072299116094,18.255231004763008,0,340
BLL0929,2011-04-05,1,0,0,0,1,0,8,220391,5,3,0.0,0.0,0.0,1.0,0.0,0.6365677330344509,0.5433419310903423,0.2674201067861458,0.1765887384983224,0.0,0.0,0.0,0.0,10.0,8.11959254704631,18.11959254704631,0,341
WAS0254,2010-05-17,1,0,0,0,2,0,6,177131,8,6,0.0,0.0,0.0,1.0,0.0,0.24643471391254668,0.23076602826240739,0.6843165643836704,0.4616902584383194,0.0,0.0,0.0,0.0,10.0,8.116037824984721,18.116037824984723,0,342
EHB0420,2010-10-26,2,0,0,0,1,0,8,243200,4,2,0.3520034765947151,0.0,0.0,1.0,0.0,0.4628448466956027,0.3531037699500524,0.09387209722839687,0.0,0.0,3.5200347659471514,0.0,0.0,10.0,4.54910356937026,18.06913833531741,0,343
UAD0771,2011-03-30,0,0,3,11,0,0,2,66618,3,0,0.0,0.22062973445461678,0.43201163280706495,0.0,0.0,0.16908055859299032,0.20356536120081578,0.6217777085076235,0.0,0.0,0.0,4.412594689092336,8.6402326561413,0.0,4.972118141507148,18.024945486740787,0,344
CRK0916,2011-02-24,1,0,0,0,0,0,7,171949,8,4,1.0,0.0,0.0,0.0,0.0,0.31648449794521566,0.11052838196276185,1.0,0.171246753746558,0.0,10.0,0.0,0.0,0.0,7.991298168272679,17.991298168272678,0,345
CJM0138,2010-08-25,0,0,0,0,1,0,1,21059,4,1,0.0,0.0,0.0,1.0,0.0,0.15798095832497447,0.04932455355628499,1.0,0.37606990231680526,0.0,0.0,0.0,0.0,10.0,7.916877070990324,17.916877070990324,0,346
YIC0195,2010-09-10,1,0,0,0,1,0,7,228384,4,5,1.0,0.0,0.0,0.42898017585419923,0.0,0.19928679613125802,0.21679356446440048,0.09869275424396516,0.19553028023852204,0.0,10.0,0.0,0.0,4.2898017585419925,3.5515169753907285,17.84131873393272,0,347
HCM0267,2010-05-13,1,0,9,27,0,0,8,237376,6,6,0.0,0.10507082777377426,0.2759687300702461,0.0,0.0,0.6552840492516487,0.5657975872769441,0.23915203529079904,0.5838153270807935,0.0,0.0,2.1014165554754856,5.519374601404922,0.0,10.220244994500929,17.84103615138134,0,348
TTD1000,2011-05-02,0,0,0,0,3,0,7,236775,2,7,0.0,0.0,0.0,0.9776450301150963,0.0,0.40621602519977673,0.47069165610132047,0.09366196227335458,0.6339991224110999,0.0,0.0,0.0,0.0,9.776450301150962,8.022843829927758,17.79929413107872,0,349
NCH0179,2010-05-04,1,0,0,0,4,0,10,279984,10,4,0.0,0.0,0.0,0.8126928493096164,0.0,0.6339991224111,0.5699138499687015,0.6003297434100787,0.12831796074763882,0.0,0.0,0.0,0.0,8.126928493096164,9.662803382687596,17.789731875783758,0,350
TSB0437,2011-03-16,0,0,0,0,1,0,3,106558,0,3,0.0,0.0,0.0,1.0,0.0,0.40249223594996214,0.5810968786619275,0.0,0.562988917954102,0.0,0.0,0.0,0.0,10.0,7.732890162829959,17.73289016282996,0,351
MAD0753,2011-02-08,1,0,0,0,1,0,12,398586,1,11,0.19639610121239312,0.0,0.0,0.2381652558112334,0.0,0.92439466382357,0.9727517559570774,0.0,0.7801851353372313,0.0,1.9639610121239313,0.0,0.0,2.381652558112334,13.386657775589395,17.73227134582566,0,352
BMS0877,2010-03-02,1,0,0,0,1,0,12,346682,21,2,0.0,0.0,0.0,1.0,0.0,0.38921082796308826,0.344649352007543,0.8077026469809896,0.0,0.0,0.0,0.0,0.0,10.0,7.707814134758103,17.707814134758102,0,353
KTG0091,2010-07-14,1,0,0,0,1,0,6,164483,6,4,0.0,0.0,0.0,1.0,0.0,0.24434389833186182,0.15203583346134553,0.9131725397989197,0.2295276167028017,0.0,0.0,0.0,0.0,10.0,7.6953994414746445,17.695399441474645,0,354
CRO0027,2010-08-05,0,0,0,0,1,0,7,207115,8,5,0.0,0.0,0.0,1.0,0.0,0.4601865574556493,0.32736733851956146,0.44632389687367413,0.30395592007696,0.0,0.0,0.0,0.0,10.0,7.689168564629226,17.689168564629227,0,355
EAH0466,2010-02-15,1,0,1,27,0,0,1,30409,1,1,0.2441523901385969,0.21417986803856212,0.28191221822096535,0.0,0.0,0.26349301969610395,0.23242505544801179,0.2289973960193164,0.3401680257083045,0.0,2.441523901385969,4.2835973607712425,5.638244364419307,0.0,5.325417484358684,17.6887831109352,0,356
SBD0913,2010-11-05,1,0,0,0,1,0,3,125894,3,3,0.0,0.0,0.0,1.0,0.0,0.33235151909730853,0.5104578586464433,0.2114322850801161,0.48155466218498477,0.0,0.0,0.0,0.0,10.0,7.678981625044265,17.678981625044266,0,357
CLB0774,2010-07-16,0,0,8,26,0,0,3,59918,7,3,0.0,0.0,0.3030520052326549,0.0,0.0,0.4494692768527256,0.14083443243280538,0.9649997356455169,0.7659580467122911,0.0,0.0,0.0,6.061040104653098,0.0,11.606307458216696,17.667347562869793,0,358
MNC0717,2010-08-12,2,0,0,0,0,0,1,21108,8,0,1.0,0.0,0.0,0.0,0.0,0.28535691936340263,0.2418963138126838,1.0,0.0,0.0,10.0,0.0,0.0,0.0,7.636266165880433,17.636266165880432,0,359
CFG0959,2010-11-17,2,0,0,0,0,0,1,25745,1,1,1.0,0.0,0.0,0.0,0.0,0.3105295017040595,0.3124350443631321,0.48107023544236255,0.42122271001047834,0.0,10.0,0.0,0.0,0.0,7.626287457600163,17.626287457600164,0,360
EJW0884,2010-04-23,0,0,0,0,1,0,2,85959,9,0,0.0,0.0,0.0,1.0,0.0,0.16718346377260582,0.35681784638266356,1.0,0.0,0.0,0.0,0.0,0.0,10.0,7.620006550776348,17.62000655077635,0,361
TLM0797,2011-04-26,0,0,0,0,1,0,9,248319,13,3,0.0,0.0,0.0,1.0,0.0,0.5444221329499668,0.3619758099271502,0.5704509939978426,0.04335480003323056,0.0,0.0,0.0,0.0,10.0,7.601018684540953,17.601018684540954,0,362
KRG0158,2010-05-28,1,0,0,0,1,0,8,264961,6,5,0.0,0.0,0.0,1.0,0.0,0.3452961959811197,0.4874617454396857,0.3892219823333305,0.2965492564879417,0.0,0.0,0.0,0.0,10.0,7.592645901210389,17.59264590121039,0,363
AJC0840,2010-09-07,0,0,0,0,1,0,1,51735,1,0,0.0,0.0,0.0,1.0,0.0,0.124936677702188,0.38636777289039326,1.0,0.0,0.0,0.0,0.0,0.0,10.0,7.556522252962907,17.556522252962907,0,364
RTO0313,2010-09-14,3,0,0,0,2,0,9,276706,5,6,1.0,0.0,0.0,0.38748465892504136,0.0,0.1995386383705299,0.18171909379887477,0.048993801623724235,0.30264077365431613,0.0,10.0,0.0,0.0,3.8748465892504136,3.664461537237225,17.53930812648764,0,365
GRC0145,2010-04-23,0,0,0,0,2,0,10,325011,5,1,0.0,0.0,0.0,1.0,0.0,0.7088871220009235,0.7154353051794261,0.07642057600078404,0.0,0.0,0.0,0.0,0.0,10.0,7.5037150159056685,17.50371501590567,0,366
KBP0008,2011-03-18,2,0,0,0,3,0,15,440299,3,7,1.0,0.0,0.0,0.6708203932499371,0.0,0.08211733521770402,0.06378139788962653,0.0,0.0,0.0,10.0,0.0,0.0,6.708203932499372,0.7294936655366527,17.437697598036024,0,367
PMJ0564,2011-01-13,1,0,0,0,0,0,8,222837,10,3,1.0,0.0,0.0,0.0,0.0,0.44667150383829146,0.3523487523015608,0.494401025191029,0.18898223650461346,0.0,10.0,0.0,0.0,0.0,7.412017589177474,17.412017589177474,0,368
JSH0330,2011-01-28,1,0,0,0,1,0,2,59596,9,2,0.0,0.0,0.0,1.0,0.0,0.062453835277995265,0.0493508717136489,1.0,0.3539050665753072,0.0,0.0,0.0,0.0,10.0,7.328548867834757,17.328548867834755,0,369
NAB0903,2010-06-18,0,0,0,0,1,0,3,90669,0,3,0.0,0.0,0.0,1.0,0.0,0.3977539848267025,0.36369136783969236,0.0,0.7030139197971622,0.0,0.0,0.0,0.0,10.0,7.322296362317787,17.322296362317786,0,370
TAC0300,2011-01-10,0,0,0,0,1,0,2,73021,0,1,0.0,0.0,0.0,0.708116213222499,0.0,0.623641380465225,0.7108468321873417,0.0,0.708116213222499,0.0,0.0,0.0,0.0,7.08116213222499,10.213022129375329,17.294184261600318,0,371
TEM0977,2010-11-08,1,0,0,0,2,0,9,292126,0,3,0.17008401285415226,0.0,0.0,1.0,0.0,0.4523048409502589,0.5205254252796561,0.0,0.1351690670668749,0.0,1.7008401285415227,0.0,0.0,10.0,5.53999666648395,17.240836795025473,0,372
CSJ0340,2011-04-19,1,0,0,0,1,0,3,103272,2,2,0.0,0.0,0.0,1.0,0.0,0.4089657474208261,0.4464776958266907,0.25567539899330605,0.3326495719295578,0.0,0.0,0.0,0.0,10.0,7.218842070851903,17.218842070851903,0,373
ALD0544,2010-11-11,1,0,0,0,0,0,9,306468,11,7,0.19639610121239312,0.0,0.0,0.0,0.0,0.612372435695794,0.6666410189728024,0.9938945618345647,0.777442115951293,0.0,1.9639610121239313,0.0,0.0,0.0,15.25175066227227,17.2157116743962,0,374
MES0407,2010-11-12,1,0,0,0,2,0,6,166901,13,3,0.19639610121239312,0.0,0.0,1.0,0.0,0.161335468672748,0.08762453460362733,0.7012973682692284,0.09088690684389625,0.0,1.9639610121239313,0.0,0.0,10.0,5.205721391947501,17.16968240407143,0,375
CCH0182,2011-02-01,1,0,0,0,1,0,3,114309,2,2,0.0,0.0,0.0,1.0,0.0,0.3370614033234741,0.581215773357311,0.14770590790759874,0.3656251304075439,0.0,0.0,0.0,0.0,10.0,7.158041074979639,17.15804107497964,0,376
AIP0394,2010-07-16,3,0,0,0,0,0,7,229064,4,6,0.9638094061735295,0.0,0.0,0.0,0.0,0.3197160933480964,0.3954725900045595,0.07943754309763708,0.7092836676346124,0.0,9.638094061735297,0.0,0.0,0.0,7.519549470424527,17.157643532159824,0,377
TBT0461,2011-04-08,0,0,0,0,1,0,1,27738,2,0,0.0,0.0,0.0,1.0,0.0,0.22677868380553634,0.204155479636228,1.0,0.0,0.0,0.0,0.0,0.0,10.0,7.154670817208822,17.15467081720882,0,378
GQP0743,2010-12-07,0,0,0,0,1,0,10,319883,16,7,0.0,0.0,0.0,1.0,0.0,0.2503430613211566,0.2940511373147266,0.5733414078572221,0.31228361624924295,0.0,0.0,0.0,0.0,10.0,7.150096113711742,17.15009611371174,0,379
PGH0184,2010-10-08,1,0,0,0,1,0,3,109986,4,1,0.0,0.0,0.0,1.0,0.0,0.39452130338364466,0.5073242753058311,0.29668730009433686,0.23011735083949011,0.0,0.0,0.0,0.0,10.0,7.143251148116514,17.143251148116512,0,380
EIP0997,2011-02-23,0,0,0,0,2,0,8,279478,0,4,0.0,0.0,0.0,1.0,0.0,0.5024343186729199,0.5849981428149573,0.0,0.34090174028565157,0.0,0.0,0.0,0.0,10.0,7.141671008867643,17.141671008867643,0,381
FQA0854,2010-03-08,1,1,0,0,0,0,8,261862,23,5,0.0,0.0,0.0,0.0,0.0,0.06544522697892877,0.11108485902893232,1.0,0.24945655218609,1.0,10.0,0.0,0.0,0.0,7.129933190969756,17.129933190969755,0,382
IAR0694,2010-05-27,1,0,0,0,0,0,7,243325,3,6,1.0,0.0,0.0,0.0,0.0,0.3369504338028705,0.45341644429441114,0.024753286331511432,0.6015767981572039,0.0,10.0,0.0,0.0,0.0,7.083484812929985,17.083484812929985,0,383
HRD0635,2010-05-10,1,1,0,0,0,0,2,77048,0,1,0.4810702354423639,0.0,0.0,0.0,0.0,0.1351690670668749,0.23690714497564797,0.0,0.08211733521770385,1.0,14.810702354423638,0.0,0.0,0.0,2.2709677363011336,17.08167009072477,0,384
ELB0847,2010-08-12,1,0,0,0,1,0,0,0,0,0,0.708116213222499,0.0,0.0,1.0,0.0,0.0,0.0,0.0,0.0,0.0,7.08116213222499,0.0,0.0,10.0,0.0,17.08116213222499,0,385
HMW0713,2011-03-04,1,0,0,0,1,0,1,36253,2,0,0.0,0.0,0.0,1.0,0.0,0.1828348200660132,0.2272840618284914,1.0,0.0,0.0,0.0,0.0,0.0,10.0,7.050594409472525,17.050594409472524,0,386
AAV0450,2010-10-26,1,0,0,0,1,0,1,30992,1,1,0.22677868380553634,0.0,0.0,1.0,0.0,0.14638501094227996,0.1396174146772094,0.382315855718586,0.2853569193634026,0.0,2.2677868380553634,0.0,0.0,10.0,4.768376003507389,17.036162841562753,0,387
JAD0609,2011-03-22,1,0,0,0,2,0,9,308617,9,6,0.22677868380553629,0.0,0.0,1.0,0.0,0.14776115606414106,0.24138828930732265,0.23707576245796025,0.32333440250884116,0.0,2.267786838055363,0.0,0.0,10.0,4.747798051691326,17.01558488974669,0,388
ASG0048,2010-10-12,0,0,0,0,3,0,7,226559,13,7,0.0,0.0,0.0,0.897923872667383,0.0,0.21143228508011602,0.258150014776731,0.681011499524287,0.4552466001531036,0.0,0.0,0.0,0.0,8.979238726673831,8.029201997671189,17.00844072434502,0,389
SSJ0784,2010-02-19,2,0,0,0,0,0,3,79144,5,2,1.0,0.0,0.0,0.0,0.0,0.30400439213681174,0.23443355217562384,0.5462697764065592,0.3127716210856121,0.0,10.0,0.0,0.0,0.0,6.9873967090230344,16.987396709023034,0,390
LHN0151,2011-05-02,0,0,0,0,1,0,5,160498,0,4,0.0,0.0,0.0,1.0,0.0,0.45226701686664567,0.4179766869812032,0.0,0.5223700143515967,0.0,0.0,0.0,0.0,10.0,6.963068590997228,16.963068590997228,0,391
BER0314,2010-11-22,1,0,0,0,2,0,11,351293,2,8,0.0,0.0,0.0,1.0,0.0,0.35492277052147403,0.44105156867656026,0.1745403231576766,0.42179978415719666,0.0,0.0,0.0,0.0,10.0,6.961572232564538,16.96157223256454,0,392
SCF0608,2010-03-02,0,0,0,0,1,0,13,390675,1,7,0.0,0.0,0.0,1.0,0.0,0.5532563103907143,0.5324992787551606,0.0,0.29438395261107825,0.0,0.0,0.0,0.0,10.0,6.900697708784766,16.900697708784765,0,393
BHC0665,2010-09-29,0,0,0,0,1,0,7,213176,9,4,0.0,0.0,0.0,1.0,0.0,0.38516444325982147,0.3914299457197676,0.3048617164018642,0.29401137349945416,0.0,0.0,0.0,0.0,10.0,6.877337394404536,16.877337394404535,0,394
VAA0087,2011-02-14,1,0,0,0,1,0,7,237884,2,4,0.0,0.0,0.0,1.0,0.0,0.37330148025072873,0.5071483482685626,0.0,0.4913538149119957,0.0,0.0,0.0,0.0,10.0,6.859018217156435,16.859018217156436,0,395
SGB0140,2010-04-06,1,0,0,0,0,0,1,25552,4,0,1.0,0.0,0.0,0.0,0.0,0.22677868380553634,0.13470060475185824,1.0,0.0,0.0,10.0,0.0,0.0,0.0,6.807396442786972,16.807396442786974,0,396
SJC0333,2010-03-03,1,0,0,0,1,0,3,83835,8,2,0.0,0.0,0.0,1.0,0.0,0.2930510238071166,0.18845754071321413,0.6161287348762425,0.26349301969610395,0.0,0.0,0.0,0.0,10.0,6.805651595463385,16.805651595463384,0,397
BAH0875,2010-11-24,2,0,0,0,2,0,11,340491,0,8,0.2381652558112334,0.0,0.0,1.0,0.0,0.24035999202070263,0.2763110100879148,0.0,0.3673323865179746,0.0,2.381652558112334,0.0,0.0,10.0,4.420016943132961,16.801669501245293,0,398
SDB0106,2010-03-04,0,0,0,0,1,0,6,190673,8,4,0.0,0.0,0.0,1.0,0.0,0.21962941985733453,0.24030899889639296,0.6049918722662233,0.2880331548325494,0.0,0.0,0.0,0.0,10.0,6.764817229262501,16.7648172292625,0,399
FBA0348,2011-01-04,0,0,0,0,2,0,11,355352,0,5,0.0,0.0,0.0,1.0,0.0,0.5361995355073055,0.6480184509210403,0.0,0.1656157342421649,0.0,0.0,0.0,0.0,10.0,6.749168603352554,16.749168603352555,0,400
AGB0643,2011-02-03,0,0,0,0,1,0,3,97379,0,2,0.0,0.0,0.0,1.0,0.0,0.4539206495016018,0.573131909617084,0.0,0.3174640296761964,0.0,0.0,0.0,0.0,10.0,6.722582943974412,16.722582943974412,0,401
DBB0384,2010-09-17,1,0,9,27,0,0,6,168077,6,3,0.2109632539223229,0.17320508075688862,0.15018992725474997,0.0,0.0,0.26423797447376973,0.21545316050522864,1.0,0.13887301496588272,0.0,2.109632539223229,3.4641016151377726,3.0037985450949996,0.0,8.092820749724405,16.670353449180407,0,402
CJM0521,2011-02-01,0,0,0,0,1,0,2,66536,1,2,0.0,0.0,0.0,1.0,0.0,0.23237900077244555,0.24707210541635027,0.4913538149119955,0.36159453166063843,0.0,0.0,0.0,0.0,10.0,6.661997263807148,16.661997263807148,0,403
BWH0813,2011-03-28,0,0,0,0,1,0,5,154648,11,4,0.0,0.0,0.0,1.0,0.0,0.09769195867510157,0.11213946385841193,0.8173100608751076,0.30055248665586337,0.0,0.0,0.0,0.0,10.0,6.638469850322423,16.638469850322423,0,404
PLH0862,2010-12-29,1,0,0,0,2,0,11,325077,0,10,0.0,0.0,0.0,1.0,0.0,0.39242146878632944,0.32264737812561234,0.0,0.6114295984380824,0.0,0.0,0.0,0.0,10.0,6.632492226750121,16.63249222675012,0,405
KES0729,2011-02-10,1,0,0,0,1,0,12,363045,19,9,0.22677868380553629,0.0,0.0,0.27660538433242066,0.0,0.4923822388996861,0.4895452753946457,0.7719729834257769,0.5655211946981178,0.0,2.267786838055363,0.0,0.0,2.7660538433242063,11.597108462091134,16.6309491434707,0,406
RCP0785,2011-03-09,0,0,0,0,1,0,3,107366,0,1,0.0,0.0,0.0,1.0,0.0,0.5033095104609713,0.6621547401193851,0.0,0.15666989036012796,0.0,0.0,0.0,0.0,10.0,6.610670704702422,16.61067070470242,0,407
DLF0377,2010-11-08,1,0,0,0,1,0,7,244979,15,3,0.22677868380553634,0.0,0.0,0.3760699023168054,0.0,0.3793163422591569,0.6030277554561313,1.0,0.1332647991045272,0.0,2.2677868380553634,0.0,0.0,3.7606990231680544,10.578044484099077,16.606530345322497,0,408
IJW0851,2010-10-14,1,0,0,0,1,0,10,338964,0,9,0.03779644730092259,0.0,0.0,1.0,0.0,0.3423617159098892,0.44658164883871726,0.0,0.45356731393551347,0.0,0.3779644730092259,0.0,0.0,10.0,6.2125533934206,16.590517866429824,0,409
JIM0095,2010-09-16,1,0,0,0,1,0,9,284457,4,5,0.0,0.0,0.0,0.708116213222499,0.0,0.4452190643703832,0.48765060380484443,0.549727282187893,0.4181238885867403,0.0,0.0,0.0,0.0,7.08116213222499,9.503604194749306,16.584766326974297,0,410
RIH0777,2010-06-17,0,0,0,0,1,0,3,84730,0,3,0.0,0.0,0.0,1.0,0.0,0.33303956543325003,0.32815504661734685,0.0,0.6547795535416971,0.0,0.0,0.0,0.0,10.0,6.579870827961471,16.57987082796147,0,411
SLT0907,2010-04-08,0,0,0,0,1,0,2,68756,5,0,0.0,0.0,0.0,1.0,0.0,0.14391866096900297,0.17159203422839697,1.0,0.0,0.0,0.0,0.0,0.0,10.0,6.577553475987,16.577553475987,0,412
CJF0802,2010-10-28,2,0,0,0,0,0,5,155867,11,3,0.909437972810902,0.0,0.0,0.0,0.0,0.15462182986741085,0.1701374256015963,0.9646959613641701,0.20542103640523862,0.0,9.09437972810902,0.0,0.0,0.0,7.47438126619208,16.5687609943011,0,413
LPC0492,2010-12-06,0,0,0,0,1,0,10,315830,7,6,0.0,0.0,0.0,1.0,0.0,0.2901702445099782,0.3563328171951908,0.3619759127045899,0.3051817302882697,0.0,0.0,0.0,0.0,10.0,6.568303523490143,16.568303523490144,0,414
MMG0943,2010-09-29,2,0,0,0,1,0,3,82201,4,3,0.5669467095138409,0.0,0.0,1.0,0.0,0.0,0.0,0.04017506277216768,0.13933825250009224,0.0,5.669467095138408,0.0,0.0,10.0,0.8975665763612997,16.567033671499708,0,415
SBN0495,2010-09-29,0,0,0,0,1,0,10,299857,7,9,0.0,0.0,0.0,1.0,0.0,0.3349242740162633,0.26881908278386707,0.24195774613828655,0.4539206495016022,0.0,0.0,0.0,0.0,10.0,6.498108762200096,16.498108762200097,0,416
YDN0198,2010-06-28,1,0,0,0,1,0,10,276747,8,2,0.0,0.0,0.0,1.0,0.0,0.4814457572891301,0.3305528021696729,0.3977717193275373,0.08594194690069626,0.0,0.0,0.0,0.0,10.0,6.478561128435184,16.478561128435185,0,417
SVL0940,2010-11-10,1,0,0,0,1,0,6,237830,4,2,0.0,0.0,0.0,1.0,0.0,0.21526925495835597,0.4245854112271811,0.6470114784229186,0.0,0.0,0.0,0.0,0.0,10.0,6.434330723042278,16.43433072304228,0,418
BBH0810,2010-09-15,0,0,0,0,1,0,7,236665,0,7,0.0,0.0,0.0,1.0,0.0,0.3183579683260807,0.40006516296624406,0.0,0.5622813163761042,0.0,0.0,0.0,0.0,10.0,6.403522238342145,16.403522238342145,0,419
CMM0487,2011-03-04,0,0,0,0,2,0,13,398681,0,9,0.0,0.0,0.0,0.745270804089743,0.0,0.6402162504112513,0.6483439001977593,0.0,0.5004602402743226,0.0,0.0,0.0,0.0,7.452708040897431,8.945101954416664,16.397809995314095,0,420
TVS0006,2010-04-05,0,0,0,0,1,0,16,479505,15,15,0.0,0.0,0.0,1.0,0.0,0.26349301969610367,0.22828725039393719,0.31198032838502987,0.46921787426933614,0.0,0.0,0.0,0.0,10.0,6.364892363722036,16.364892363722035,0,421
GAF0570,2011-03-10,0,1,0,0,1,0,4,115857,1,3,0.0,0.0,0.0,0.566946709513841,0.0,0.0,0.0,0.0,0.1295623598282982,1.0,10.0,0.0,0.0,5.66946709513841,0.647811799141491,16.3172788942799,0,422
IMB0481,2010-08-10,0,0,0,0,1,0,9,296486,7,8,0.0,0.0,0.0,1.0,0.0,0.2144921552914778,0.31194700044275403,0.36848248351765756,0.3674234614174766,0.0,0.0,0.0,0.0,10.0,6.311725503346829,16.31172550334683,0,423
GJT0386,2011-05-10,1,0,0,0,1,0,9,307418,3,6,0.22677868380553634,0.0,0.0,0.4212227100104782,0.0,0.5349870840723387,0.6327669326273734,0.3366826056290387,0.4610922638932955,0.0,2.2677868380553634,0.0,0.0,4.212227100104782,9.827644431110231,16.307658369270378,0,424
UCS0227,2010-04-22,1,0,0,0,1,0,7,189700,0,6,0.15798095832497447,0.0,0.0,1.0,0.0,0.31267427954972216,0.2211594197790431,0.0,0.39395312314011444,0.0,1.5798095832497447,0.0,0.0,10.0,4.6389341123443995,16.218743695594142,0,425
AHC0142,2010-11-10,2,0,0,0,0,0,7,204265,4,3,1.0,0.0,0.0,0.0,0.0,0.46456607174048503,0.46456850217339934,0.08347707330214356,0.2267786838055362,0.0,10.0,0.0,0.0,0.0,6.196951655107822,16.19695165510782,0,426
RJM0381,2010-02-17,1,1,0,0,0,0,6,185307,2,4,0.24415239013859685,0.0,0.0,0.0,0.0,0.2408998739185219,0.2421717797901987,0.0,0.26526527232952957,1.0,12.441523901385969,0.0,0.0,0.0,3.7416846301912514,16.183208531577222,0,427
AOS0987,2010-02-17,1,0,0,0,0,0,8,251584,6,4,1.0,0.0,0.0,0.0,0.0,0.3619255434614984,0.4000833799708043,0.24003180566244042,0.23398382410536978,0.0,10.0,0.0,0.0,0.0,6.180122766000564,16.180122766000565,0,428
TSM0927,2010-05-06,0,0,0,0,1,0,7,244609,1,7,0.0,0.0,0.0,1.0,0.0,0.2660389051043591,0.48185272138292745,0.0,0.4837014779334564,0.0,0.0,0.0,0.0,10.0,6.157965522103715,16.157965522103716,0,429
CJP0952,2010-10-20,2,0,0,0,0,0,1,24109,2,1,1.0,0.0,0.0,0.0,0.0,0.19639610121239312,0.06492919929731249,0.5422176684690383,0.4212227100104783,0.0,10.0,0.0,0.0,0.0,6.123828394946111,16.12382839494611,0,430
LUR0896,2010-04-19,1,0,0,0,0,0,3,136071,1,3,0.48107023544236416,0.0,0.0,0.0,0.0,0.42213254952464957,0.6445074032245917,0.38231585571858606,0.8110144024012497,0.0,4.810702354423642,0.0,0.0,0.0,11.299851054345385,16.11055340876903,0,431
EMS0317,2010-11-16,1,0,0,0,2,0,12,334860,2,6,0.0,0.0,0.0,1.0,0.0,0.5172746211712549,0.4149108182099751,0.0,0.2877182184023486,0.0,0.0,0.0,0.0,10.0,6.099518288917894,16.099518288917892,0,432
MCJ0324,2010-10-05,1,0,0,0,1,0,9,262787,7,8,0.0,0.0,0.0,1.0,0.0,0.18039158554925003,0.14633642582103373,0.52314333027079,0.3685627617065651,0.0,0.0,0.0,0.0,10.0,6.092170516738194,16.092170516738193,0,433
CKH0144,2010-09-30,1,0,0,0,1,0,7,223151,4,6,0.0,0.0,0.0,1.0,0.0,0.33309230519357413,0.3180929727782074,0.10422207510801362,0.4604544777241375,0.0,0.0,0.0,0.0,10.0,6.079309154019665,16.079309154019665,0,434
ZKS0899,2010-08-10,0,0,9,27,0,0,3,92085,5,3,0.0,0.07509392614826421,0.15778056561800904,0.0,0.0,0.3175493530875174,0.26237110770404654,1.0,0.7030139197971624,0.0,0.0,1.5018785229652842,3.155611312360181,0.0,11.414671902943633,16.0721617382691,0,435
CNB0900,2011-04-11,0,0,0,0,1,0,3,105999,0,3,0.0,0.0,0.0,1.0,0.0,0.34856378832156765,0.37872860705316225,0.0,0.48152337308546345,0.0,0.0,0.0,0.0,10.0,6.0440788423009675,16.04407884230097,0,436
LRW0970,2010-05-20,1,0,0,0,1,0,1,30623,2,0,0.0,0.0,0.0,1.0,0.0,0.2267786838055364,0.21533128047219452,0.7659580467122921,0.0,0.0,0.0,0.0,0.0,10.0,6.040340054950115,16.040340054950114,0,437
SOG0411,2011-01-18,1,0,0,0,1,0,6,162740,5,3,0.31052950170405935,0.0,0.0,1.0,0.0,0.21148930079029427,0.14890710882546995,0.12215787871515238,0.1039344547815136,0.0,3.1052950170405937,0.0,0.0,10.0,2.9324437155621514,16.037738732602744,0,438
UJC0737,2010-06-03,1,0,0,0,1,0,10,307974,6,2,0.2441523901385969,0.0,0.0,1.0,0.0,0.23764172678100143,0.2695835988510732,0.21108070275453755,0.0,0.0,2.441523901385969,0.0,0.0,10.0,3.591530141933061,16.03305404331903,0,439
HPR0585,2011-04-05,0,0,0,0,1,0,1,14952,2,0,0.0,0.0,0.0,1.0,0.0,0.18283482006601323,0.02208727525270671,1.0,0.0,0.0,0.0,0.0,0.0,10.0,6.0246104765936,16.0246104765936,0,440
NWK0215,2011-02-01,2,0,0,0,0,0,10,355866,4,6,1.0,0.0,0.0,0.0,0.0,0.3798924398923994,0.5903578498870793,0.0,0.23188483965864543,0.0,10.0,0.0,0.0,0.0,6.01067564719062,16.01067564719062,0,441
MLD0755,2011-01-20,1,0,0,0,4,0,8,236145,15,3,0.31052950170405935,0.0,0.0,1.0,0.0,0.07111135082865129,0.08643091551640901,0.4234713705772487,0.0,0.0,3.1052950170405937,0.0,0.0,10.0,2.905068184611545,16.010363201652137,0,442
KKC0683,2010-12-20,0,0,0,0,1,0,8,251064,0,4,0.0,0.0,0.0,1.0,0.0,0.423680887585804,0.43535318391700634,0.0,0.3425551990355975,0.0,0.0,0.0,0.0,10.0,6.00794635269204,16.007946352692038,0,443
MKP0861,2010-08-13,1,0,0,0,2,0,10,314078,16,3,0.0,0.0,0.0,1.0,0.0,0.23932069663885377,0.2680534243256975,0.6931641541891924,0.0,0.0,0.0,0.0,0.0,10.0,6.002691375768719,16.00269137576872,0,444
NCK0295,2010-05-10,0,0,0,0,1,0,1,56193,0,1,0.0,0.0,0.0,1.0,0.0,0.26349301969610395,0.5602605871318612,0.0,0.37606990231680537,0.0,0.0,0.0,0.0,10.0,5.999117545723854,15.999117545723854,0,445
JOM0750,2011-01-07,1,0,0,0,1,0,10,269103,0,6,0.22677868380553634,0.0,0.0,1.0,0.0,0.31971609334809625,0.2297227220056554,0.0,0.19424963128577194,0.0,2.2677868380553634,0.0,0.0,10.0,3.7184422331976186,15.986229071252982,0,446
BSB0990,2010-10-19,1,0,0,0,3,0,6,148180,7,3,0.0,0.0,0.0,1.0,0.0,0.17891194563707025,0.05290253494385442,0.8202986854347911,0.1446378126642555,0.0,0.0,0.0,0.0,10.0,5.9837548933998566,15.983754893399857,0,447
ABH0663,2010-05-13,1,0,0,0,1,0,2,68479,5,2,0.0,0.0,0.0,1.0,0.0,0.11079724299679157,0.1985506750383753,0.5213410848139801,0.3656251304075438,0.0,0.0,0.0,0.0,10.0,5.981570666283455,15.981570666283455,0,448
DLS0383,2010-04-01,1,0,0,0,1,0,6,198221,4,4,0.17008401285415226,0.0,0.0,1.0,0.0,0.22677868380553629,0.25797472587053244,0.06661018094228385,0.3045338028781314,0.0,1.7008401285415227,0.0,0.0,10.0,4.27948696748242,15.980327096023942,0,449
KBB0189,2011-04-18,1,0,0,0,2,0,5,195075,9,4,0.0,0.0,0.0,1.0,0.0,0.0,0.16029571523793118,0.813981385029406,0.21454950191167704,0.0,0.0,0.0,0.0,10.0,5.944133010895071,15.944133010895072,0,450
ALH0402,2011-02-25,0,0,0,0,1,0,7,221834,0,4,0.0,0.0,0.0,1.0,0.0,0.3916379472039716,0.45988051484336845,0.0,0.335197615924485,0.0,0.0,0.0,0.0,10.0,5.9335803898591255,15.933580389859126,0,451
TVS0050,2010-04-16,2,1,0,0,3,0,10,275415,0,0,0.20687782491671278,0.0,0.0,0.26899591815994334,0.0,0.1632440897584312,0.0703927256010258,0.0,0.0,1.0,12.068778249167128,0.0,0.0,2.6899591815994337,1.168184076797285,15.926921507563847,0,452
JAM0382,2010-11-12,1,0,0,0,1,0,6,199433,0,5,0.19639610121239312,0.0,0.0,0.7081162132224987,0.0,0.3111746148825255,0.4312389600504523,0.0,0.6324714386629207,0.0,1.9639610121239313,0.0,0.0,7.081162132224987,6.874425067979492,15.919548212328412,0,453
SVL0803,2010-09-13,0,0,0,0,3,0,7,202935,2,3,0.0,0.0,0.0,1.0,0.0,0.3713007069652955,0.357293173636054,0.39775398482670205,0.0544704779401922,0.0,0.0,0.0,0.0,10.0,5.904091716841219,15.904091716841219,0,454
IYB0918,2010-05-05,0,0,0,0,1,0,7,204132,0,6,0.0,0.0,0.0,1.0,0.0,0.35934723427711085,0.25025855309479506,0.0,0.5669467095138405,0.0,0.0,0.0,0.0,10.0,5.882762484428732,15.882762484428731,0,455
CCM0855,2010-05-17,1,0,0,0,1,0,11,339987,0,7,0.0,0.0,0.0,1.0,0.0,0.4234178180967237,0.41626412374828703,0.0,0.333142215942075,0.0,0.0,0.0,0.0,10.0,5.864120788935429,15.864120788935429,0,456
KQS0415,2011-03-17,1,0,0,0,1,0,6,176524,2,6,0.1828348200660132,0.0,0.0,1.0,0.0,0.21096325392232274,0.1652681519812296,0.03100037067422942,0.3983312835368086,0.0,1.8283482006601322,0.0,0.0,10.0,4.027815300572952,15.856163501233084,0,457
ORM0669,2011-05-13,1,0,0,0,1,0,3,70551,9,3,0.1828348200660132,0.0,0.0,1.0,0.0,0.0,0.0,0.6556423051467442,0.14898266629269774,0.0,1.8283482006601322,0.0,0.0,10.0,4.023124857197209,15.85147305785734,0,458
NMG0766,2011-04-15,0,0,0,0,1,0,3,58778,3,1,0.0,0.0,0.0,1.0,0.0,0.30395592007696004,0.048807095364004224,0.7851210698609628,0.029062515767428188,0.0,0.0,0.0,0.0,10.0,5.834733005346777,15.834733005346777,0,459
JMC0925,2010-08-20,1,1,0,0,0,0,6,160574,5,2,0.4212227100104783,0.0,0.0,0.0,0.0,0.1443210706327091,0.07266705904968765,0.1062915172545805,0.0,1.0,14.212227100104785,0.0,0.0,0.0,1.6163982346848862,15.828625334789672,0,460
MFV0897,2010-11-15,0,0,0,0,1,0,3,70867,0,3,0.0,0.0,0.0,1.0,0.0,0.3605046508378293,0.19845024078060397,0.0,0.6043630187106863,0.0,0.0,0.0,0.0,10.0,5.816589551645598,15.816589551645599,0,461
AIS0405,2011-01-03,1,0,0,0,1,0,7,192367,1,5,0.19639610121239312,0.0,0.0,1.0,0.0,0.28290816499130755,0.23951873931832063,0.0,0.24720583127793222,0.0,1.9639610121239313,0.0,0.0,10.0,3.848163677937802,15.812124690061733,0,462
ECL0930,2011-02-28,1,0,0,0,2,0,7,237180,5,6,0.0,0.0,0.0,0.8547043234472846,0.0,0.317814359345148,0.385883296688782,0.2796937100268285,0.46814710665118264,0.0,0.0,0.0,0.0,8.547043234472847,7.257692363559706,15.804735598032554,0,463
HCV0478,2010-06-08,0,0,0,0,2,0,11,376195,2,8,0.0,0.0,0.0,1.0,0.0,0.2665466188848129,0.35322036257066364,0.0,0.5348935288705114,0.0,0.0,0.0,0.0,10.0,5.77330255162994,15.77330255162994,0,464
CBG0398,2011-04-25,0,0,0,0,1,0,8,243137,1,5,0.0,0.0,0.0,1.0,0.0,0.42744612562940176,0.39318979128934495,0.0,0.3273268353539885,0.0,0.0,0.0,0.0,10.0,5.739813761363677,15.739813761363678,0,465
TDG0962,2010-06-23,2,0,0,0,0,0,1,44006,5,0,0.708116213222499,0.0,0.0,0.0,0.0,0.26349301969610395,0.46442035629585743,1.0,0.0,0.0,7.08116213222499,0.0,0.0,0.0,8.639566879959808,15.720729012184798,0,466
LAM0911,2010-05-26,0,0,0,0,2,0,10,294519,2,8,0.0,0.0,0.0,1.0,0.0,0.3385717333440325,0.3243708295714743,0.03990411082983862,0.43841902722668846,0.0,0.0,0.0,0.0,10.0,5.70632850486017,15.70632850486017,0,467
MHG0244,2010-12-06,1,0,0,0,1,0,7,257387,0,0,0.15798095832497447,0.0,0.0,1.0,0.0,0.32727371512719394,0.49730894772009454,0.0,0.0,0.0,1.5798095832497447,0.0,0.0,10.0,4.122913314236443,15.702722897486186,0,468
TSG0906,2010-06-10,0,0,0,0,1,0,3,106176,4,0,0.0,0.0,0.0,1.0,0.0,0.32335909071658,0.42947313939201914,0.38645108540338063,0.0,0.0,0.0,0.0,0.0,10.0,5.6964165775599,15.6964165775599,0,469
FGW0853,2010-08-03,2,0,0,0,2,0,5,145060,5,1,0.5669467095138406,0.0,0.0,1.0,0.0,0.0,0.0,0.00441280751958498,0.0,0.0,5.6694670951384065,0.0,0.0,10.0,0.0220640375979249,15.691531132736332,0,470
RRC0553,2010-03-02,1,0,3,27,0,0,5,133706,0,1,0.19639610121239312,0.5277017568863442,0.1503137326580983,0.0,0.0,0.032452192644119096,0.0,0.0,0.0,0.0,1.9639610121239313,10.554035137726887,3.006274653161966,0.0,0.16226096322059547,15.68653176623338,0,471
DTT0076,2010-05-13,1,0,0,0,1,0,12,380134,0,12,0.0,0.0,0.0,1.0,0.0,0.2732801761644979,0.29663667491132845,0.0,0.56432718606134,0.0,0.0,0.0,0.0,10.0,5.671220185685833,15.671220185685833,0,472
OLF0504,2011-01-21,0,0,0,0,2,0,10,322882,0,8,0.0,0.0,0.0,1.0,0.0,0.25510430506964743,0.3379754774068698,0.0,0.5409201874279501,0.0,0.0,0.0,0.0,10.0,5.669999849522337,15.669999849522338,0,473
ZFM0468,2011-02-09,0,0,0,0,0,0,1,80336,3,1,0.0,0.0,0.0,0.0,0.0,0.42122271001047806,1.0,1.0,0.708116213222499,0.0,0.0,0.0,0.0,0.0,15.646694616164886,15.646694616164886,0,474
EGK0893,2010-02-26,0,0,0,0,1,0,3,109899,0,2,0.0,0.0,0.0,1.0,0.0,0.3418817293789139,0.47980650075859776,0.0,0.30625302612572614,0.0,0.0,0.0,0.0,10.0,5.639706281316189,15.63970628131619,0,475
JCV0245,2010-12-10,0,0,0,0,2,0,8,209727,1,7,0.0,0.0,0.0,1.0,0.0,0.39377750038022313,0.26182665630812935,0.01271563621497511,0.4594309661250552,0.0,0.0,0.0,0.0,10.0,5.6387537951419135,15.638753795141913,0,476
BJW0619,2010-07-15,1,0,0,0,3,0,10,381506,1,8,0.17008401285415226,0.0,0.0,0.8844368668415917,0.0,0.22857744154553866,0.45867689135630674,0.0,0.3310093494134338,0.0,1.7008401285415227,0.0,0.0,8.844368668415918,5.091318411576397,15.636527208533836,0,477
ABN0239,2010-06-10,1,0,0,0,2,0,6,142694,2,4,0.17008401285415226,0.0,0.0,1.0,0.0,0.27102710209984393,0.09347132500318454,0.09752314191715392,0.32410737835656744,0.0,1.7008401285415227,0.0,0.0,10.0,3.9306447368837496,15.631484865425271,0,478
CTR0697,2010-03-05,2,0,0,0,0,0,1,25440,0,1,1.0,0.0,0.0,0.0,0.0,0.28535691936340263,0.27271268627675116,0.0,0.566946709513841,0.0,10.0,0.0,0.0,0.0,5.625081575769974,15.625081575769974,0,479
SSH0799,2011-03-17,0,0,0,0,2,0,6,150807,6,5,0.0,0.0,0.0,1.0,0.0,0.25080885450016577,0.11939838466196762,0.3542417570741264,0.39454286498086144,0.0,0.0,0.0,0.0,10.0,5.594959306085607,15.594959306085606,0,480
CLD0894,2010-10-11,0,0,0,0,1,0,3,89436,0,2,0.0,0.0,0.0,1.0,0.0,0.3552866046286736,0.32128886550515084,0.0,0.4323460152737349,0.0,0.0,0.0,0.0,10.0,5.544607427037797,15.544607427037796,0,481
AQD0820,2010-08-11,0,0,0,0,1,0,7,244573,5,4,0.0,0.0,0.0,0.7081162132224987,0.0,0.3959472105576537,0.5121486326227671,0.44360687775846025,0.3408139660492667,0.0,0.0,0.0,0.0,7.081162132224987,8.46258343494074,15.543745567165727,0,482
HKR0628,2010-10-05,2,0,0,0,1,0,12,380498,9,11,0.49135381491199537,0.0,0.0,0.05147762110250387,0.0,0.5518263058871875,0.5510857737677366,0.20677297852846147,0.712280888685297,0.0,4.913538149119954,0.0,0.0,0.5147762110250387,10.109829734343412,15.538144094488405,0,483
DRR0242,2010-09-16,1,0,0,0,1,0,5,132206,6,2,0.18283482006601323,0.0,0.0,1.0,0.0,0.03629150273454802,0.0,0.6828905034803858,0.022528177844479212,0.0,1.8283482006601324,0.0,0.0,10.0,3.708550920297066,15.536899120957198,0,484
HSD0457,2010-03-09,1,0,0,0,0,0,1,55080,1,1,0.28535691936340263,0.0,0.0,0.0,0.0,0.2853569193634026,0.6835540138271247,1.0,0.566946709513841,0.0,2.8535691936340264,0.0,0.0,0.0,12.679288213521842,15.532857407155868,0,485
CKD0680,2011-05-03,1,0,0,0,1,0,5,134907,0,5,0.21096325392232296,0.0,0.0,1.0,0.0,0.13516906706687495,0.052196886171338996,0.0,0.48107023544236444,0.0,2.1096325392232296,0.0,0.0,10.0,3.342180943402892,15.451813482626122,0,486
SMW0084,2010-07-12,1,0,0,0,1,0,6,176424,0,4,0.19639610121239312,0.0,0.0,1.0,0.0,0.17243224583269515,0.11536473890230395,0.0,0.40586043053693965,0.0,1.9639610121239313,0.0,0.0,10.0,3.468287076359694,15.432248088483625,0,487
ADC0391,2011-01-25,1,0,0,0,1,0,6,198285,6,2,0.28535691936340263,0.0,0.0,1.0,0.0,0.1585252861338715,0.22213914019515232,0.13303001115235852,0.0,0.0,2.8535691936340264,0.0,0.0,10.0,2.568472187406912,15.422041381040938,0,488
CNE0352,2011-04-28,1,0,0,0,2,0,10,274819,1,8,0.26349301969610395,0.0,0.0,1.0,0.0,0.16017146866138188,0.06386423605653813,0.0,0.33140393997140605,0.0,2.6349301969610397,0.0,0.0,10.0,2.77719822344663,15.41212842040767,0,489
SIJ0661,2011-05-04,1,0,0,0,1,0,11,292808,2,2,0.2267786838055364,0.0,0.0,1.0,0.0,0.389953872828041,0.21179608238398245,0.026235858513282855,0.0,0.0,2.2677868380553643,0.0,0.0,10.0,3.139929068626532,15.407715906681897,0,490
AWM0764,2011-03-01,0,0,0,0,1,0,3,97103,2,2,0.0,0.0,0.0,1.0,0.0,0.2864731563356536,0.3203400424777228,0.2579115968463862,0.21469504744632267,0.0,0.0,0.0,0.0,10.0,5.397099215530426,15.397099215530426,0,491
ZCF0590,2010-06-03,0,0,0,0,1,0,1,28627,0,1,0.0,0.0,0.0,1.0,0.0,0.28535691936340263,0.3069278232462335,0.0,0.4810702354423639,0.0,0.0,0.0,0.0,10.0,5.36677489026,15.36677489026,0,492
HAM0985,2010-05-05,1,0,0,0,2,0,7,234442,2,2,0.0,0.0,0.0,1.0,0.0,0.49291278041053327,0.5718813480689098,0.0,0.0062768466162354975,0.0,0.0,0.0,0.0,10.0,5.355354875478393,15.355354875478394,0,493
QCH0110,2010-12-09,0,0,0,0,2,0,3,93846,0,2,0.0,0.0,0.0,1.0,0.0,0.3163498381178977,0.3388183208852775,0.0,0.41256682811114176,0.0,0.0,0.0,0.0,10.0,5.338674935571585,15.338674935571586,0,494
FUM0015,2010-03-04,0,0,0,0,1,0,12,369315,8,10,0.0,0.0,0.0,1.0,0.0,0.3292184656117615,0.32326754048443085,0.035357827290281245,0.375305230479159,0.0,0.0,0.0,0.0,10.0,5.315745319328164,15.315745319328164,0,495
SOF0808,2010-09-20,0,0,0,0,2,0,7,213640,0,5,0.0,0.0,0.0,1.0,0.0,0.3368964983661055,0.3054676264191718,0.0,0.41963703136786956,0.0,0.0,0.0,0.0,10.0,5.310005780765735,15.310005780765735,0,496
SJF0094,2010-10-29,1,0,0,0,1,0,7,238580,3,6,0.0,0.0,0.0,1.0,0.0,0.2880331548325493,0.4194636078308,0.0,0.3519154176406603,0.0,0.0,0.0,0.0,10.0,5.297060901520048,15.297060901520048,0,497
HCL0113,2010-10-13,0,0,0,0,2,0,8,272153,2,2,0.0,0.0,0.0,1.0,0.0,0.4505251594025115,0.49327508750106286,0.11554933297794649,0.0,0.0,0.0,0.0,0.0,10.0,5.296747899407605,15.296747899407606,0,498
NAB0801,2011-05-09,0,0,0,0,1,0,5,136671,11,2,0.0,0.0,0.0,1.0,0.0,0.05727660671851496,0.0,1.0,0.0,0.0,0.0,0.0,0.0,10.0,5.286383033592576,15.286383033592575,0,499
NCE0097,2010-09-20,1,0,0,0,1,0,7,198142,3,5,0.0,0.0,0.0,1.0,0.0,0.3095261727429574,0.22620392678619616,0.22996064774324637,0.290096267049137,0.0,0.0,0.0,0.0,10.0,5.278935071607685,15.278935071607684,0,500
NBH0256,2010-11-04,1,0,0,0,1,0,7,270832,3,6,0.0,0.0,0.0,0.7081162132224987,0.0,0.37876505839764196,0.6296096184949493,0.08056772526798771,0.5458527431428697,0.0,0.0,0.0,0.0,7.081162132224987,8.173975726517243,15.25513785874223,0,501
BCR0581,2010-11-03,1,0,0,0,0,0,1,44213,0,1,0.708116213222499,0.0,0.0,0.0,0.0,0.3401680257083045,0.5846345956840528,0.0,0.708116213222499,0.0,7.08116213222499,0.0,0.0,0.0,8.164594173074283,15.245756305299274,0,502
GCR0554,2010-05-13,1,0,0,0,1,0,5,150301,0,4,0.18283482006601323,0.0,0.0,1.0,0.0,0.09944903161976945,0.12772513162484775,0.0,0.4550556342383871,0.0,1.8283482006601324,0.0,0.0,10.0,3.411148987415022,15.239497188075154,0,503
NJC0705,2010-12-03,1,0,0,0,1,0,1,38938,0,1,0.0,0.0,0.0,1.0,0.0,0.2853569193634026,0.38578022631505404,0.0,0.37606990231680537,0.0,0.0,0.0,0.0,10.0,5.23603523997631,15.23603523997631,0,504
GBM0603,2010-12-10,1,0,0,0,2,0,9,254286,0,7,0.18283482006601323,0.0,0.0,1.0,0.0,0.17358908194654593,0.13066398739568583,0.0,0.37712734136570275,0.0,1.8283482006601324,0.0,0.0,10.0,3.4069020535396732,15.235250254199805,0,505
ZJE0857,2011-01-11,1,0,0,0,1,0,9,283581,5,5,0.0,0.0,0.0,1.0,0.0,0.22152325044148974,0.22885121489898638,0.4147035448898018,0.179480026380333,0.0,0.0,0.0,0.0,10.0,5.222790183053054,15.222790183053053,0,506
JJB0127,2010-10-29,0,0,0,0,2,0,8,218060,0,6,0.0,0.0,0.0,0.7659580467122912,0.0,0.5657075769835871,0.39780466324430364,0.0,0.5471063616026023,0.0,0.0,0.0,0.0,7.659580467122912,7.553093009152464,15.212673476275377,0,507
HKB0418,2011-04-26,1,0,0,0,2,0,7,264048,0,5,0.24415239013859685,0.0,0.0,0.5880776743675857,0.0,0.281731959334347,0.4999143785059001,0.0,0.5945962949776809,0.0,2.4415239013859686,0.0,0.0,5.880776743675858,6.88121316408964,15.203513809151467,0,508
BCB0679,2011-01-06,0,0,0,0,1,0,7,182907,4,6,0.0,0.0,0.0,1.0,0.0,0.371300706965295,0.19468453448407944,0.0423165265613198,0.43233371646948066,0.0,0.0,0.0,0.0,10.0,5.203177422400874,15.203177422400874,0,509
PES0085,2010-07-26,1,0,0,0,1,0,7,239947,8,4,0.0,0.0,0.0,1.0,0.0,0.20398791218557286,0.32557532007389917,0.371009812049455,0.13885019465269507,0.0,0.0,0.0,0.0,10.0,5.197116194808111,15.19711619480811,0,510
ACV0812,2010-10-19,2,0,0,0,0,0,6,180082,6,4,0.6414269805898185,0.0,0.0,0.0,0.0,0.20784609690826553,0.21710811389555032,0.716298295186834,0.6134383589318982,0.0,6.4142698058981855,0.0,0.0,0.0,8.77345432461274,15.187724130510926,0,511
BAM0611,2010-12-29,0,0,0,0,3,0,10,310837,7,9,0.0,0.0,0.0,0.741132021096373,0.0,0.30989612828777174,0.30721535006181355,0.13172769295017,0.8016711428949937,0.0,0.0,0.0,0.0,7.41132021096373,7.752551570973745,15.163871781937475,0,512
OCB0805,2010-11-30,0,0,0,0,2,0,5,204843,9,3,0.0,0.0,0.0,0.7659580467122912,0.0,0.162486410079911,0.3867743769284461,0.7653780578436848,0.18580229837250442,0.0,0.0,0.0,0.0,7.659580467122912,7.502205716122731,15.161786183245642,0,513
RGH0728,2010-09-08,0,0,0,0,1,0,9,264731,8,7,0.0,0.0,0.0,1.0,0.0,0.1561602785712591,0.12640358902626386,0.2870723714272504,0.46236438218985604,0.0,0.0,0.0,0.0,10.0,5.160003106073146,15.160003106073146,0,514
FIR0920,2010-08-12,1,0,0,0,0,0,5,149071,4,4,1.0,0.0,0.0,0.0,0.0,0.22321995417306847,0.19111781386564736,0.11523319193960624,0.49790304745804403,0.0,10.0,0.0,0.0,0.0,5.137370037181831,15.137370037181832,0,515
CLF0852,2011-01-21,1,0,0,0,1,0,11,374199,7,4,0.0,0.0,0.0,1.0,0.0,0.36108397918023044,0.47381114864065577,0.12834735723667529,0.06226770495807067,0.0,0.0,0.0,0.0,10.0,5.127550950078161,15.127550950078161,0,516
LHL0309,2010-12-27,1,0,0,0,2,0,12,379682,10,4,0.0,0.0,0.0,0.5422176684690385,0.0,0.49698756215344486,0.48790499264749326,0.849334091174493,0.10651726057532758,0.0,0.0,0.0,0.0,5.422176684690386,9.703719532753794,15.12589621744418,0,517
FBW0747,2010-03-18,1,0,0,0,2,0,9,302631,4,4,0.17008401285415226,0.0,0.0,1.0,0.0,0.17110554764160904,0.30920697287911253,0.1600516996145661,0.041850658106773124,0.0,1.7008401285415227,0.0,0.0,10.0,3.4110743912103043,15.111914519751826,0,518
SHW0578,2010-08-27,0,0,0,0,1,0,1,25346,0,1,0.0,0.0,0.0,1.0,0.0,0.3105295017040594,0.22992222707501372,0.0,0.48107023544236416,0.0,0.0,0.0,0.0,10.0,5.107609821107187,15.107609821107186,0,519
PBP0002,2010-11-18,1,0,0,0,1,0,9,269906,0,5,0.21096325392232296,0.0,0.0,0.708116213222499,0.0,0.4613256360889871,0.40991840694312415,0.0,0.3059580284716292,0.0,2.1096325392232296,0.0,0.0,7.08116213222499,5.886010357518702,15.076805028966923,0,520
NAF0033,2011-04-20,1,0,0,0,1,0,12,311466,1,10,0.0,0.0,0.0,0.708116213222499,0.0,0.6556337359134825,0.3838152927858832,0.0,0.5593708463481862,0.0,0.0,0.0,0.0,7.08116213222499,7.994099375237759,15.075261507462749,0,521
DMM0623,2010-03-01,1,0,0,0,3,0,11,340618,6,3,0.28535691936340263,0.0,0.0,0.6933401811714084,0.0,0.4771153924831612,0.5530336044010842,0.027123694860551044,0.0,0.0,2.8535691936340264,0.0,0.0,6.933401811714083,5.286363458723982,15.073334464072094,0,522
TPH0474,2010-10-07,1,0,0,0,1,0,1,24719,0,1,0.17008401285415226,0.0,0.0,1.0,0.0,0.19639610121239312,0.10089137613307568,0.0,0.37606990231680526,0.0,1.7008401285415227,0.0,0.0,10.0,3.3667868983113705,15.067627026852893,0,523
KKS0119,2010-10-18,1,0,0,0,1,0,9,276121,11,5,0.0,0.0,0.0,1.0,0.0,0.26655699499159147,0.25295345828463406,0.33717603820602704,0.1499665489681772,0.0,0.0,0.0,0.0,10.0,5.033265202252149,15.03326520225215,0,524
LJJ0905,2010-09-03,0,0,0,0,1,0,3,90782,0,2,0.0,0.0,0.0,1.0,0.0,0.31942045926594964,0.30118690078566124,0.0,0.3851644432598218,0.0,0.0,0.0,0.0,10.0,5.028859016557163,15.028859016557163,0,525
LLV0602,2010-10-19,1,0,0,0,1,0,14,430490,0,10,0.15798095832497447,0.0,0.0,0.37606990231680537,0.0,0.595416682890102,0.6064949416425816,0.0,0.7354098945890472,0.0,1.5798095832497447,0.0,0.0,3.7606990231680544,9.686607595608654,15.027116202026454,0,526
CAN0842,2010-06-04,0,0,0,0,1,0,1,40592,0,1,0.0,0.0,0.0,1.0,0.0,0.2853569193634026,0.3785819806794116,0.0,0.3401680257083045,0.0,0.0,0.0,0.0,10.0,5.020534628755594,15.020534628755595,0,527
BLB0114,2010-06-02,0,0,0,0,1,0,7,197430,3,3,0.0,0.0,0.0,1.0,0.0,0.505590862076905,0.3259712963853192,0.014064216928154804,0.15672555562760146,0.0,0.0,0.0,0.0,10.0,5.011759655089902,15.011759655089902,0,528
LMF0980,2010-07-02,1,0,0,0,2,0,9,269299,4,6,0.0,0.0,0.0,1.0,0.0,0.34976054620023184,0.3246251785137397,0.0015615048915974378,0.3246654577148892,0.0,0.0,0.0,0.0,10.0,5.003063436602291,15.003063436602291,0,529
CCH0685,2010-07-06,1,0,0,0,0,0,3,84034,12,0,1.0,0.0,0.0,0.0,0.0,0.0,0.0,1.0,0.0,0.0,10.0,0.0,0.0,0.0,5.0,15.0,0,530
SDO0170,2011-01-24,1,0,0,0,1,0,13,431971,7,10,0.0,0.0,0.0,0.31052950170405935,0.0,0.7476724446621285,0.8404111021710726,0.2615944348636806,0.5277017568863445,0.0,0.0,0.0,0.0,3.1052950170405937,11.886898692916132,14.992193709956727,0,531
NNS0059,2011-04-04,1,0,0,0,1,0,6,207629,3,5,0.3105295017040594,0.0,0.0,0.7081162132224987,0.0,0.18798886024944955,0.2883830439302656,0.02778571950472557,0.45544326916595396,0.0,3.105295017040594,0.0,0.0,7.081162132224987,4.7980044642519735,14.984461613517556,0,532
WJD0576,2010-03-30,0,0,0,0,1,0,1,28242,0,1,0.0,0.0,0.0,1.0,0.0,0.26349301969610395,0.24992896090465022,0.0,0.4810702354423639,0.0,0.0,0.0,0.0,10.0,4.972461080215591,14.972461080215592,0,533
ALD0529,2011-05-11,0,0,0,0,1,0,2,64533,5,1,0.0,0.0,0.0,1.0,0.0,0.15562541278014347,0.2117939304411897,0.5696720963013867,0.05147762110250392,0.0,0.0,0.0,0.0,10.0,4.942845303126119,14.94284530312612,0,534
JPW0741,2011-05-16,1,0,0,0,1,0,10,328830,0,6,0.2109632539223229,0.0,0.0,0.7081162132224993,0.0,0.3349242740162626,0.4214176722691792,0.0,0.39395312314011444,0.0,2.109632539223229,0.0,0.0,7.081162132224993,5.751475347127782,14.942270018576004,0,535
IUY0279,2010-08-16,0,1,0,0,0,0,5,155999,9,5,0.0,0.0,0.0,0.0,0.0,0.07956194540882354,0.10704325590833393,0.3869659664471627,0.4120542440576661,1.0,10.0,0.0,0.0,0.0,4.928127059109932,14.928127059109933,0,536
LAF0991,2010-08-27,0,0,0,0,2,0,7,201962,6,5,0.0,0.0,0.0,0.9094379728109022,0.0,0.36437247996856514,0.3190358421364764,0.16333965194414124,0.3190820698488945,0.0,0.0,0.0,0.0,9.094379728109022,5.829150219490387,14.923529947599409,0,537
SMB0804,2010-05-07,0,0,0,0,2,0,7,206293,0,0,0.0,0.0,0.0,1.0,0.0,0.5072416757789722,0.4766123110886492,0.0,0.0,0.0,0.0,0.0,0.0,10.0,4.919269934338106,14.919269934338107,0,538
BJH0811,2010-10-21,0,0,0,0,2,0,6,190359,0,5,0.0,0.0,0.0,1.0,0.0,0.24985797245695007,0.3133310438586667,0.0,0.41672668449249384,0.0,0.0,0.0,0.0,10.0,4.899578504040553,14.899578504040553,0,539
RVC0232,2011-02-08,1,0,0,0,2,0,5,152800,2,5,0.26349301969610395,0.0,0.0,1.0,0.0,0.004535573676110718,0.042347495424414947,0.0,0.40308153675742275,0.0,2.6349301969610397,0.0,0.0,10.0,2.2498230292897423,14.884753226250783,0,540
PTH0552,2010-04-30,1,0,0,0,1,0,5,212133,0,3,0.1828348200660132,0.0,0.0,1.0,0.0,0.08755349874194543,0.3255245521108091,0.0,0.19335101599064694,0.0,1.8283482006601322,0.0,0.0,10.0,3.0321453342170077,14.86049353487714,0,541
DDA0476,2011-01-19,0,0,0,0,1,0,12,336721,0,9,0.0,0.0,0.0,0.566946709513841,0.0,0.6607430740132807,0.5458218387589688,0.0,0.6269095385432613,0.0,0.0,0.0,0.0,5.66946709513841,9.167372256577554,14.836839351715964,0,542
NAR0981,2010-06-30,1,0,0,0,1,0,7,216446,3,4,0.0,0.0,0.0,1.0,0.0,0.34796658653039525,0.37675623343305126,0.03864049116669818,0.20344041751149883,0.0,0.0,0.0,0.0,10.0,4.834018643208218,14.834018643208218,0,543
VCY0751,2010-08-10,1,0,0,0,2,0,8,232817,9,2,0.26349301969610395,0.0,0.0,1.0,0.0,0.0743185440168498,0.07139041710214805,0.28828837260345297,0.0,0.0,2.6349301969610397,0.0,0.0,10.0,2.169986668612254,14.804916865573293,0,544
PGC0066,2010-10-26,1,0,0,0,0,0,10,267116,9,8,0.19639610121239312,0.0,0.0,0.0,0.0,0.607143407965978,0.5397768080311549,0.5298911146999408,0.8894856204512507,0.0,1.9639610121239313,0.0,0.0,0.0,12.831484755741624,14.795445767865555,0,545
KVS0425,2010-02-26,1,0,0,0,1,0,6,191163,2,0,0.22677868380553634,0.0,0.0,1.0,0.0,0.23867767588744654,0.2638146024581862,0.0,0.0,0.0,2.2677868380553634,0.0,0.0,10.0,2.512461391728164,14.780248229783528,0,546
AAN0823,2010-06-10,0,0,0,0,1,0,1,27247,1,0,0.0,0.0,0.0,1.0,0.0,0.22677868380553634,0.1606832069499763,0.566946709513841,0.0,0.0,0.0,0.0,0.0,10.0,4.772043001346768,14.772043001346768,0,547
FHO0630,2010-08-16,1,0,0,0,2,0,8,238737,5,1,0.37606990231680537,0.0,0.0,1.0,0.0,0.08758804342616265,0.07397185616087139,0.040306094192584026,0.0,0.0,3.7606990231680544,0.0,0.0,10.0,1.0093299688980903,14.770028992066145,0,548
HBB0056,2010-03-02,0,0,0,0,0,0,9,293134,12,7,0.0,0.0,0.0,0.0,0.0,0.6448907015713019,0.6804750785917159,1.0,0.6280227910659575,0.0,0.0,0.0,0.0,0.0,14.766942856144876,14.766942856144876,0,549
IMG0320,2010-03-04,1,0,0,0,1,0,14,382412,7,5,0.0,0.0,0.0,0.5669467095138411,0.0,0.8180392631633998,0.5898152193225189,0.2542533158234017,0.15150629957826636,0.0,0.0,0.0,0.0,5.669467095138411,9.068070489437934,14.737537584576344,0,550
IIL0513,2010-11-29,0,0,0,0,1,0,2,57068,1,2,0.0,0.0,0.0,0.708116213222499,0.0,0.13617619485048066,0.13844330203567828,1.0,0.25383922426487254,0.0,0.0,0.0,0.0,7.08116213222499,7.6422936057551585,14.72345573798015,0,551
NSS0876,2010-12-01,1,0,0,0,5,0,8,268626,0,7,0.0,0.0,0.0,1.0,0.0,0.12936788421341078,0.18501187220237253,0.0,0.6250342134796881,0.0,0.0,0.0,0.0,10.0,4.697069849477358,14.697069849477359,0,552
MIL0255,2011-03-09,1,0,0,0,1,0,4,116283,8,1,0.0,0.0,0.0,1.0,0.0,0.0,0.0,0.9363995880803413,0.0,0.0,0.0,0.0,0.0,10.0,4.681997940401707,14.681997940401708,0,553
RLB0719,2011-05-13,2,0,0,0,0,0,1,41794,0,1,1.0,0.0,0.0,0.0,0.0,0.18283482006601323,0.3290575355932771,0.0,0.42122271001047834,0.0,10.0,0.0,0.0,0.0,4.665575328348844,14.665575328348844,0,554
AAW0353,2010-07-07,0,0,0,0,1,0,3,62910,0,3,0.0,0.0,0.0,1.0,0.0,0.29777500019127906,0.10144155129311323,0.0,0.5329408729174128,0.0,0.0,0.0,0.0,10.0,4.660787122009026,14.660787122009026,0,555
ONW0083,2010-12-03,1,0,0,0,1,0,5,158098,0,4,0.2109632539223229,0.0,0.0,1.0,0.0,0.09586943030077516,0.12196869814239908,0.0,0.29172713316568644,0.0,2.109632539223229,0.0,0.0,10.0,2.5478263080443035,14.657458847267533,0,556
GMF0738,2011-03-29,0,0,0,0,1,0,10,312875,0,7,0.0,0.0,0.0,1.0,0.0,0.3011842609611618,0.30233543720580386,0.0,0.32335909071658014,0.0,0.0,0.0,0.0,10.0,4.634393944417729,14.63439394441773,0,557
PRM0740,2011-05-10,1,0,0,0,1,0,9,238754,0,4,0.22677868380553634,0.0,0.0,1.0,0.0,0.22996064774324604,0.08273348824018728,0.0,0.16051426059492335,0.0,2.2677868380553634,0.0,0.0,10.0,2.366041982891783,14.633828820947146,0,558
LAP0338,2011-01-15,1,0,0,0,1,0,3,90108,0,3,0.0,0.0,0.0,1.0,0.0,0.2565707922359273,0.2226277731041489,0.0,0.4458374036671212,0.0,0.0,0.0,0.0,10.0,4.625179845035987,14.625179845035987,0,559
CKB0427,2011-02-04,1,0,0,0,2,0,6,169560,1,1,0.3105295017040594,0.0,0.0,1.0,0.0,0.1935148286418893,0.11011409586622616,0.0,0.0,0.0,3.105295017040594,0.0,0.0,10.0,1.5181446225405775,14.623439639581171,0,560
WVB0539,2010-12-03,1,0,0,0,1,0,8,249652,0,5,0.22677868380553634,0.0,0.0,1.0,0.0,0.13979305236284706,0.17628701085081944,0.0,0.154536759713036,0.0,2.2677868380553634,0.0,0.0,10.0,2.3530841146335124,14.620870952688875,0,561
FRB0023,2010-10-04,1,0,0,0,2,0,7,231514,1,6,0.0,0.0,0.0,1.0,0.0,0.29386041680175345,0.3083697138844996,0.0,0.32115615922926327,0.0,0.0,0.0,0.0,10.0,4.6169314495775815,14.616931449577582,0,562
LEM0605,2011-03-07,1,0,0,0,1,0,10,235989,16,4,0.24415239013859685,0.0,0.0,0.4212227100104785,0.0,0.36742346141747695,0.17255764988716205,1.0,0.04722734221430359,0.0,2.4415239013859686,0.0,0.0,4.212227100104785,7.936042267594713,14.589793269085467,0,563
DIC0988,2010-09-08,1,0,0,0,2,0,7,244560,0,3,0.0,0.0,0.0,1.0,0.0,0.3269385107895789,0.4287953210425067,0.0,0.16132793394106593,0.0,0.0,0.0,0.0,10.0,4.585308828865759,14.58530882886576,0,564
JSA0775,2011-01-17,0,0,0,0,1,0,2,72231,1,2,0.0,0.0,0.0,1.0,0.0,0.22728048646955443,0.2981373071786348,0.048349377841522795,0.34217345517169656,0.0,0.0,0.0,0.0,10.0,4.579703133307043,14.579703133307042,0,565
HWM0342,2011-01-19,1,0,0,0,1,0,2,53430,2,2,0.0,0.0,0.0,1.0,0.0,0.12215787871515245,0.04918913002052483,0.4378802695198578,0.3062530261257262,0.0,0.0,0.0,0.0,10.0,4.577401521906307,14.577401521906307,0,566
RAS0432,2011-02-25,1,0,0,0,1,0,5,184293,0,3,0.2109632539223229,0.0,0.0,1.0,0.0,0.09504450141418298,0.1797096380132847,0.0,0.21746931745078454,0.0,2.109632539223229,0.0,0.0,10.0,2.4611172843912614,14.570749823614491,0,567
RHP0484,2010-04-22,0,0,0,0,2,0,12,424805,4,10,0.0,0.0,0.0,0.6414269805898186,0.0,0.3248122973539266,0.466371077998281,0.33698309109899865,0.5020950582447633,0.0,0.0,0.0,0.0,6.4142698058981855,8.151307623479848,14.565577429378035,0,568
DTP0379,2010-08-18,1,1,0,0,0,0,6,171138,6,0,0.26349301969610395,0.0,0.0,0.0,0.0,0.10871748701762014,0.06493580360828666,0.21159652393883732,0.0,1.0,12.634930196961042,0.0,0.0,0.0,1.9262490728237207,14.561179269784763,0,569
JFC0757,2010-09-01,0,0,0,0,1,0,3,104890,0,1,0.0,0.0,0.0,1.0,0.0,0.37329297686010643,0.42950914781156585,0.0,0.10656255781390338,0.0,0.0,0.0,0.0,10.0,4.546823412427879,14.54682341242788,0,570
BAM0636,2010-02-24,0,0,0,0,0,0,3,123886,6,3,0.0,0.0,0.0,0.0,0.0,0.36732539901777167,0.5611316365086598,1.0,0.9776450301150966,0.0,0.0,0.0,0.0,0.0,14.53051032820764,14.53051032820764,0,571
GAF0060,2011-03-28,1,0,0,0,1,0,4,123683,6,4,0.2441523901385969,0.0,0.0,1.0,0.0,0.0,0.0,0.1018972597451425,0.31546818299474566,0.0,2.441523901385969,0.0,0.0,10.0,2.086827213699441,14.52835111508541,0,572
EZH0736,2010-12-14,1,0,0,0,1,0,10,327009,4,6,0.1828348200660132,0.0,0.0,0.566946709513841,0.0,0.3008158157515724,0.35532533206061573,0.4728662437434602,0.27513549238603663,0.0,1.8283482006601322,0.0,0.0,5.66946709513841,7.020714419708425,14.518529715506968,0,573
SBQ0786,2010-06-07,0,0,0,0,1,0,9,273319,0,8,0.0,0.0,0.0,1.0,0.0,0.2279204761927577,0.20919014544098835,0.0,0.46435474970171164,0.0,0.0,0.0,0.0,10.0,4.507326856677289,14.507326856677288,0,574
DLH0029,2010-03-16,1,0,0,0,1,0,6,203012,0,3,0.0,0.0,0.0,1.0,0.0,0.27660538433242077,0.37895566092212996,0.0,0.24345080136020672,0.0,0.0,0.0,0.0,10.0,4.495059233073787,14.495059233073787,0,575
HIA0414,2011-04-12,0,0,0,0,2,0,7,230143,3,2,0.0,0.0,0.0,0.9340155743710603,0.0,0.4813148326361666,0.5290710622660453,0.019679739393384015,0.0,0.0,0.0,0.0,0.0,9.340155743710604,5.1503281714779785,14.490483915188582,0,576
SSG0250,2011-03-15,1,0,0,0,3,0,6,168800,3,2,0.24415239013859685,0.0,0.0,1.0,0.0,0.2444598731428187,0.14758198055331279,0.016012815380508708,0.0,0.0,2.4415239013859686,0.0,0.0,10.0,2.040273345383201,14.481797246769169,0,577
GZB0469,2010-03-15,1,0,0,0,0,0,1,50561,8,1,0.2109632539223229,0.0,0.0,0.0,0.0,0.21096325392232296,0.5530403181138729,1.0,0.708116213222499,0.0,2.109632539223229,0.0,0.0,0.0,12.360598926293475,14.470231465516704,0,578
QPM0727,2011-02-04,1,0,0,0,3,0,9,308580,0,8,0.2853569193634026,0.0,0.0,0.7616945394504097,0.0,0.17314096634389814,0.2614876793346448,0.0,0.36465611077681914,0.0,2.8535691936340255,0.0,0.0,7.616945394504097,3.9964237822768105,14.466938370414933,0,579
PKB0281,2010-06-16,0,0,0,0,1,0,8,233993,0,0,0.0,0.0,0.0,1.0,0.0,0.45515350058620385,0.437997342132953,0.0,0.0,0.0,0.0,0.0,0.0,10.0,4.465754213595785,14.465754213595785,0,580
DBG0261,2011-05-03,1,0,0,0,1,0,6,168265,3,3,0.0,0.0,0.0,1.0,0.0,0.28276813706539716,0.20733235558017943,0.161335468672748,0.23900789518385607,0.0,0.0,0.0,0.0,10.0,4.452219282510903,14.452219282510903,0,581
GCC0744,2010-10-15,1,0,0,0,1,0,8,289781,0,5,0.18283482006601323,0.0,0.0,1.0,0.0,0.10497813183356489,0.26342009052725623,0.0,0.15243293720267306,0.0,1.8283482006601324,0.0,0.0,10.0,2.604155797817471,14.432503998477603,0,582
LBH0942,2010-04-20,1,0,10,22,0,0,6,192902,5,2,0.0,0.42122271001047784,0.0,0.0,0.0,0.16309808466586867,0.24414147000327274,0.7236651678558148,0.06758716466393629,0.0,0.0,8.424454200209558,0.0,0.0,5.992459435944463,14.416913636154021,0,583
JXH0493,2010-03-12,0,0,0,0,2,0,11,343657,0,6,0.0,0.0,0.0,0.8283510207236027,0.0,0.4365090770387283,0.47731439585077196,0.0,0.31228361624924295,0.0,0.0,0.0,0.0,8.283510207236027,6.130535445693716,14.414045652929744,0,584
BDB0453,2011-01-26,1,0,0,0,1,0,1,51205,0,0,0.12602520756252092,0.0,0.0,1.0,0.0,0.19639610121239312,0.4326439424315918,0.0,0.0,0.0,1.2602520756252094,0.0,0.0,10.0,3.145200218219925,14.405452293845133,0,585
BEC0505,2010-09-08,0,0,0,0,1,0,9,247496,6,7,0.0,0.0,0.0,1.0,0.0,0.1862027964780363,0.12621487291182326,0.14533024159093388,0.41921482730047954,0.0,0.0,0.0,0.0,10.0,4.384813691406365,14.384813691406364,0,586
MAD0496,2010-02-14,0,0,0,0,1,0,10,294209,12,0,0.0,0.0,0.0,0.708116213222499,0.0,0.24960179216113007,0.20915351746405308,1.0,0.0,0.0,0.0,0.0,0.0,7.08116213222499,7.293776548125916,14.374938680350905,0,587
SPA0141,2010-06-22,3,0,0,0,0,0,7,201750,5,6,0.8547043234472849,0.0,0.0,0.0,0.0,0.2271424862135007,0.1698522232461365,0.15704317882192156,0.6105368982312522,0.0,8.547043234472849,0.0,0.0,0.0,5.822873932564056,14.369917167036904,0,588
MIC0726,2011-04-19,0,0,0,0,2,0,10,331427,9,2,0.0,0.0,0.0,0.8547043234472849,0.0,0.28449388068969594,0.3749951481717831,0.5044074423034008,0.0,0.0,0.0,0.0,0.0,8.547043234472849,5.8194823558244,14.366525590297249,0,589
HLM0933,2010-10-14,1,0,0,0,0,0,8,270459,10,7,0.0,0.0,0.0,0.0,0.0,0.5555988749899614,0.5765870226644991,0.8273138115153191,0.9097287452552516,0.0,0.0,0.0,0.0,0.0,14.346142272125157,14.346142272125157,0,590
EBC0390,2010-12-08,1,0,0,0,1,0,5,167107,0,4,0.1828348200660132,0.0,0.0,1.0,0.0,0.07509392614826385,0.12564839801972114,0.0,0.3013103099877177,0.0,1.8283482006601322,0.0,0.0,10.0,2.5102631707785137,14.338611371438645,0,591
KCB0815,2011-03-21,0,0,0,0,1,0,7,177754,0,5,0.0,0.0,0.0,1.0,0.0,0.3691298993184217,0.1773463182449668,0.0,0.3199757081115888,0.0,0.0,0.0,0.0,10.0,4.332259628374887,14.332259628374887,0,592
JKB0126,2011-01-10,0,0,0,0,1,0,7,197641,0,5,0.0,0.0,0.0,1.0,0.0,0.3220415021467268,0.2494782767303541,0.0,0.2916926311797936,0.0,0.0,0.0,0.0,10.0,4.316062050284372,14.316062050284373,0,593
IJR0825,2010-09-29,0,0,0,0,2,0,1,31417,0,1,0.0,0.0,0.0,1.0,0.0,0.22677868380553634,0.21433212374055977,0.0,0.4212227100104783,0.0,0.0,0.0,0.0,10.0,4.311667587782872,14.311667587782871,0,594
SBK0161,2010-09-29,1,0,0,0,0,0,12,324464,2,5,1.0,0.0,0.0,0.0,0.0,0.44747209410325317,0.3156683744071162,0.0,0.09465902949081575,0.0,10.0,0.0,0.0,0.0,4.288997490005926,14.288997490005926,0,595
KAL0395,2010-05-27,1,0,0,0,0,0,9,228037,9,6,0.2109632539223229,0.0,0.0,0.0,0.0,0.5592138661571594,0.43225816766764086,0.46814083794926936,0.9762210399274295,0.0,2.109632539223229,0.0,0.0,0.0,12.179169558507496,14.288802097730725,0,596
BMM0112,2010-06-02,0,0,0,0,1,0,2,75131,1,2,0.0,0.0,0.0,1.0,0.0,0.17764695763913757,0.28655513606283967,0.06187259926082337,0.3289752086912111,0.0,0.0,0.0,0.0,10.0,4.275249508270059,14.275249508270058,0,597
MKL0941,2010-07-21,1,0,0,0,2,0,7,211944,0,2,0.0,0.0,0.0,1.0,0.0,0.29671739626083005,0.3329123166846589,0.0,0.22460807901312205,0.0,0.0,0.0,0.0,10.0,4.271188959793055,14.271188959793054,0,598
AKC0924,2010-10-21,0,0,0,0,1,0,5,153920,5,4,0.0,0.0,0.0,1.0,0.0,0.12421180068162385,0.09511157769689803,0.20558187385176646,0.4257614858594567,0.0,0.0,0.0,0.0,10.0,4.253333690448725,14.253333690448725,0,599
MHH0180,2010-05-22,1,0,0,0,1,0,3,73256,0,1,0.0,0.0,0.0,1.0,0.0,0.5330457154646164,0.28529001754767214,0.0,0.029062515767428188,0.0,0.0,0.0,0.0,10.0,4.236991243898585,14.236991243898585,0,600
CNM0800,2011-01-20,0,0,0,0,1,0,6,146713,7,5,0.0,0.0,0.0,1.0,0.0,0.194784067646594,0.04314811514344393,0.2710075651235427,0.33638715807781816,0.0,0.0,0.0,0.0,10.0,4.2266345299569945,14.226634529956995,0,601
ABC0253,2010-12-07,1,0,0,0,1,0,6,189000,0,5,0.0,0.0,0.0,1.0,0.0,0.22899739601931599,0.24689929978635786,0.0,0.36933256693237004,0.0,0.0,0.0,0.0,10.0,4.2261463136902195,14.226146313690219,0,602
SRS0231,2011-02-22,0,0,0,0,1,0,9,261881,1,8,0.0,0.0,0.0,0.4913538149119955,0.0,0.5880776743675855,0.48731117838958726,0.119207912135854,0.6664961146456801,0.0,0.0,0.0,0.0,4.9135381491199555,9.305464397693536,14.219002546813492,0,603
AJR0319,2010-10-14,1,0,0,0,2,0,9,252668,8,6,0.0,0.0,0.0,1.0,0.0,0.14957894006744216,0.08991911211969775,0.38564300735479046,0.2147438434322159,0.0,0.0,0.0,0.0,10.0,4.199424514870731,14.199424514870731,0,604
XHG0902,2011-04-15,0,0,0,0,1,0,2,52243,3,2,0.0,0.0,0.0,1.0,0.0,0.13875303825669055,0.05235548466931241,0.39484692718076964,0.2530202462327885,0.0,0.0,0.0,0.0,10.0,4.194878481697806,14.194878481697806,0,605
AMR0400,2011-03-29,0,0,0,0,1,0,6,184107,0,6,0.0,0.0,0.0,1.0,0.0,0.2088913092510202,0.20780859715181738,0.0,0.4218785043735485,0.0,0.0,0.0,0.0,10.0,4.1928920538819305,14.19289205388193,0,606
FDE0117,2011-03-18,0,0,0,0,2,0,8,288959,0,8,0.0,0.0,0.0,1.0,0.0,0.1538967528127731,0.2619281309167815,0.0,0.42256165514957245,0.0,0.0,0.0,0.0,10.0,4.191932694395636,14.191932694395636,0,607
CHG0146,2010-08-23,0,0,0,0,1,0,8,316162,8,7,0.0,0.0,0.0,1.0,0.0,0.07709392414894332,0.27292902314162615,0.2534463173070737,0.2342719647578692,0.0,0.0,0.0,0.0,10.0,4.188706146777562,14.188706146777562,0,608
MVF0594,2010-05-19,0,0,0,0,1,0,1,31858,0,1,0.0,0.0,0.0,1.0,0.0,0.22677868380553629,0.2698054266596878,0.0,0.3401680257083045,0.0,0.0,0.0,0.0,10.0,4.183760680867643,14.183760680867643,0,609
CSP0197,2011-03-31,0,0,0,0,1,0,7,195164,5,5,0.0,0.0,0.0,1.0,0.0,0.18135138781494067,0.08595547045892961,0.16004878657550498,0.4040499219683517,0.0,0.0,0.0,0.0,10.0,4.157027834088635,14.157027834088634,0,610
JKF0465,2010-02-07,0,0,0,0,1,0,1,29709,0,1,0.0,0.0,0.0,1.0,0.0,0.21096325392232296,0.24291606715654676,0.0,0.37606990231680537,0.0,0.0,0.0,0.0,10.0,4.149746116978376,14.149746116978376,0,611
JER0404,2010-06-28,1,0,0,0,1,0,6,160853,0,0,0.17008401285415226,0.0,0.0,1.0,0.0,0.26955112188408753,0.2183487226900896,0.0,0.0,0.0,1.7008401285415227,0.0,0.0,10.0,2.4394992228708854,14.140339351412408,0,612
JLW0053,2010-08-12,1,0,0,0,1,0,7,223533,0,6,0.26349301969610395,0.0,0.0,1.0,0.0,0.0,0.0,0.0,0.2998111425686297,0.0,2.6349301969610397,0.0,0.0,10.0,1.4990557128431483,14.133985909804188,0,613
EFS0882,2011-04-14,0,0,0,0,1,0,2,54020,0,2,0.0,0.0,0.0,1.0,0.0,0.18775344534441446,0.11816199576388002,0.0,0.5196152422706629,0.0,0.0,0.0,0.0,10.0,4.127653416894788,14.127653416894788,0,614
CKB0482,2011-02-02,0,0,0,0,2,0,10,277396,0,8,0.0,0.0,0.0,1.0,0.0,0.2533469475540819,0.18316724632714992,0.0,0.3876689440386312,0.0,0.0,0.0,0.0,10.0,4.1209156895993155,14.120915689599315,0,615
MKS0204,2011-02-04,1,0,0,0,1,0,8,279977,0,3,0.0,0.0,0.0,1.0,0.0,0.3088882072523681,0.3897844077412877,0.0,0.12186480755993338,0.0,0.0,0.0,0.0,10.0,4.1026871127679465,14.102687112767946,0,616
BSH0445,2010-06-22,1,0,0,0,1,0,5,185427,1,1,0.22677868380553634,0.0,0.0,1.0,0.0,0.12548311045931257,0.23972948871360172,0.0,0.0,0.0,2.2677868380553634,0.0,0.0,10.0,1.8260629958645715,14.093849833919935,0,617
DOL0332,2010-10-13,1,0,0,0,1,0,2,98988,3,1,0.0,0.0,0.0,1.0,0.0,0.11920791213585388,0.39967683407374766,0.1925066843759244,0.10656255781390338,0.0,0.0,0.0,0.0,10.0,4.089769941997147,14.089769941997147,0,618
WGR0833,2011-02-04,0,0,0,0,1,0,1,48955,0,1,0.0,0.0,0.0,1.0,0.0,0.19639610121239312,0.35678637459763685,0.0,0.26349301969610395,0.0,0.0,0.0,0.0,10.0,4.08337747753067,14.08337747753067,0,619
ANT0430,2011-04-19,0,0,0,0,0,0,8,269824,17,7,0.0,0.0,0.0,0.0,0.0,0.5555988749899614,0.6931451193125988,1.0,0.566946709513841,0.0,0.0,0.0,0.0,0.0,14.078453519082007,14.078453519082007,0,620
CJC0494,2010-07-12,0,0,0,0,3,0,10,328475,7,2,0.0,0.0,0.0,1.0,0.0,0.2691567038085949,0.30650762384701047,0.23987083541490217,0.0,0.0,0.0,0.0,0.0,10.0,4.0776758153525385,14.077675815352539,0,621
PLH0715,2010-02-26,1,0,0,0,1,0,1,22873,0,1,0.0,0.0,0.0,1.0,0.0,0.26349301969610395,0.17307588003084046,0.0,0.37606990231680537,0.0,0.0,0.0,0.0,10.0,4.06319401021875,14.06319401021875,0,622
GRM0868,2010-04-07,1,0,0,0,2,0,12,347534,0,9,0.0,0.0,0.0,0.673371050334488,0.0,0.4691928848226986,0.38576535543017765,0.0,0.6102628438061743,0.0,0.0,0.0,0.0,6.733710503344879,7.326105420295254,14.059815923640134,0,623
KPR0497,2011-03-25,0,0,0,0,1,0,10,371667,6,1,0.0,0.0,0.0,1.0,0.0,0.27845233131311564,0.4818668458214477,0.0395811891558222,0.0,0.0,0.0,0.0,0.0,10.0,3.9995018314519277,13.999501831451928,0,624
NNA0610,2010-04-21,1,0,0,0,1,0,8,263671,0,5,0.12421180068162377,0.0,0.0,1.0,0.0,0.1633034232595562,0.252930511468512,0.0,0.1345907789376936,0.0,1.2421180068162376,0.0,0.0,10.0,2.754123568328809,13.996241575145046,0,625
SLB0049,2010-07-08,0,0,0,0,5,0,11,314595,8,9,0.0,0.0,0.0,0.9159870403365519,0.0,0.20832701907000706,0.13414157988221623,0.2830670707776184,0.3393005253461961,0.0,0.0,0.0,0.0,9.159870403365518,4.824180975380189,13.984051378745708,0,626
GLR0975,2010-10-19,1,0,0,0,0,0,8,241959,26,7,0.19639610121239312,0.0,0.0,0.0,0.0,0.3590662493587657,0.34742111951228893,1.0,0.6971370023173351,0.0,1.9639610121239313,0.0,0.0,0.0,12.01812185594195,13.98208286806588,0,627
AKK0329,2010-12-01,1,0,0,0,1,0,2,102142,1,1,0.0,0.0,0.0,1.0,0.0,0.18725633517970783,0.4961937453707684,0.07219664266678337,0.04051342229457095,0.0,0.0,0.0,0.0,10.0,3.980800727559152,13.980800727559153,0,628
ZSK0258,2010-05-28,1,0,0,0,3,0,6,162788,2,4,0.0,0.0,0.0,1.0,0.0,0.22146154762848552,0.17112528122944487,0.16067674511064758,0.23860166561590673,0.0,0.0,0.0,0.0,10.0,3.959326197922424,13.959326197922424,0,629
HGG0240,2010-12-17,0,0,0,0,0,0,8,252042,9,8,0.0,0.0,0.0,0.0,0.0,0.5511709110705217,0.5182182288735798,1.0,0.720119037778775,0.0,0.0,0.0,0.0,0.0,13.947540888614384,13.947540888614384,0,630
OKB0439,2011-02-24,1,0,0,0,1,0,5,137853,3,3,0.19639610121239312,0.0,0.0,1.0,0.0,0.13123234876413176,0.07193445079355407,0.0,0.19343369763478963,0.0,1.9639610121239313,0.0,0.0,10.0,1.9830024859623774,13.946963498086308,0,631
RAH0440,2010-05-11,0,0,0,0,2,0,6,173405,0,4,0.0,0.0,0.0,1.0,0.0,0.26602419417374246,0.2846974550583691,0.0,0.23841582427170788,0.0,0.0,0.0,0.0,10.0,3.945687367519097,13.945687367519097,0,632
CSB0080,2010-12-14,1,0,0,0,1,0,6,166710,0,5,0.2267786838055364,0.0,0.0,1.0,0.0,0.058461282221546715,0.0,0.0,0.27629736192362897,0.0,2.2677868380553643,0.0,0.0,10.0,1.6737932207258783,13.941580058781243,0,633
AMV0036,2010-06-07,1,0,0,0,1,0,8,279441,0,7,0.0,0.0,0.0,1.0,0.0,0.15575223949534953,0.30256772008405663,0.0,0.3289493618839264,0.0,0.0,0.0,0.0,10.0,3.9363466073166626,13.936346607316663,0,634
KAC0124,2011-01-28,0,0,0,0,1,0,6,224365,0,5,0.0,0.0,0.0,1.0,0.0,0.16164477182409745,0.2965207897098912,0.0,0.3278128442858735,0.0,0.0,0.0,0.0,10.0,3.9298920290993107,13.92989202909931,0,635
AGB0186,2010-07-23,1,0,0,0,1,0,3,113570,0,1,0.0,0.0,0.0,1.0,0.0,0.3485637883215675,0.3735692587742881,0.0,0.06371930928643098,0.0,0.0,0.0,0.0,10.0,3.9292617819114333,13.929261781911434,0,636
EPW0434,2010-11-05,1,0,0,0,1,0,5,163052,2,3,0.1963961012123931,0.0,0.0,1.0,0.0,0.0628351531226073,0.12609617839634243,0.14203288810359532,0.05896245778943946,0.0,1.9639610121239313,0.0,0.0,10.0,1.9496333870599225,13.913594399183854,0,637
ADF0397,2010-08-18,1,0,0,0,0,0,8,259491,1,8,0.37606990231680526,0.0,0.0,0.0,0.0,0.5530349951177839,0.6120876142054648,0.02288217762814146,0.8423356637618797,0.0,3.760699023168053,0.0,0.0,0.0,10.15170225356635,13.912401276734403,0,638
LNR0656,2010-11-08,0,0,0,0,1,0,2,61278,0,2,0.0,0.0,0.0,1.0,0.0,0.17386365758424452,0.2324443403681311,0.0,0.36946211664945816,0.0,0.0,0.0,0.0,10.0,3.87885057300917,13.87885057300917,0,639
YCE0983,2010-07-26,1,0,0,0,1,0,6,168892,2,5,0.0,0.0,0.0,1.0,0.0,0.16707136066491599,0.14329532777360232,0.0,0.4528162816754614,0.0,0.0,0.0,0.0,10.0,3.8159148505698988,13.815914850569898,0,640
CEL0561,2010-10-21,0,0,0,0,3,0,7,215857,3,1,0.0,0.0,0.0,1.0,0.0,0.3174055271363691,0.401447994976439,0.0432660455506948,0.0,0.0,0.0,0.0,0.0,10.0,3.8105978383175145,13.810597838317515,0,641
WTF0387,2011-03-09,0,0,0,0,2,0,5,144861,5,4,0.0,0.0,0.0,1.0,0.0,0.054297751187933084,0.042699212991769236,0.5039697743455334,0.15993419699495484,0.0,0.0,0.0,0.0,10.0,3.804504677600953,13.804504677600953,0,642
CAB0388,2010-11-18,1,0,0,0,1,0,5,180057,7,4,0.15798095832497447,0.0,0.0,0.708116213222499,0.0,0.11554933297794638,0.2341303325136662,0.43608934066711447,0.24018907363792893,0.0,1.5798095832497447,0.0,0.0,7.08116213222499,5.12979039898328,13.790762114458015,0,643
CCM0467,2011-04-12,0,0,0,0,0,0,1,43526,2,1,0.0,0.0,0.0,0.0,0.0,0.31052950170405935,0.4451520262356829,1.0,1.0,0.0,0.0,0.0,0.0,0.0,13.778407639698711,13.778407639698711,0,644
KWC0004,2011-03-18,1,0,0,0,10,0,15,380854,3,3,0.2853569193634026,0.0,0.0,1.0,0.0,0.13748665641652694,0.02501950839899895,0.01994100282131977,0.0,0.0,2.8535691936340255,0.0,0.0,10.0,0.9122358381842284,13.765805031818255,0,645
DGW0752,2010-04-27,1,0,0,0,1,0,9,302811,2,3,0.14638501094227996,0.0,0.0,1.0,0.0,0.19078279473967713,0.2641623295455738,0.0,0.0,0.0,1.4638501094227996,0.0,0.0,10.0,2.2747256214262546,13.738575730849055,0,646
APG0307,2011-01-03,0,0,0,0,1,0,1,21794,1,1,0.0,0.0,0.0,1.0,0.0,0.19639610121239312,0.11443170568967523,0.09649012813540153,0.3401680257083045,0.0,0.0,0.0,0.0,10.0,3.737429803728872,13.737429803728872,0,647
CIG0052,2010-10-25,0,0,0,0,1,0,6,188557,9,6,0.0,0.0,0.0,0.708116213222499,0.0,0.10930648857751313,0.10814194551775361,0.688063124310234,0.4257145483916759,0.0,0.0,0.0,0.0,7.08116213222499,6.656130533985884,13.737292666210873,0,648
NBC0412,2011-01-25,0,1,0,0,0,0,7,191950,4,3,0.0,0.0,0.0,0.0,0.0,0.2841044650477572,0.23218239171477775,0.1498726114419892,0.07543783209066027,1.0,10.0,0.0,0.0,0.0,3.7079865014759226,13.707986501475922,0,649
TLK0993,2010-08-20,0,0,0,0,1,0,7,212005,0,4,0.0,0.0,0.0,1.0,0.0,0.31267427954972193,0.26499318722760934,0.0,0.1595238180868463,0.0,0.0,0.0,0.0,10.0,3.685956424320888,13.685956424320889,0,650
OHC0973,2010-07-27,1,0,0,0,1,0,1,29099,0,1,0.0,0.0,0.0,1.0,0.0,0.19639610121239312,0.1998261873227501,0.0,0.3401680257083045,0.0,0.0,0.0,0.0,10.0,3.6819515712172386,13.681951571217239,0,651
OMM0944,2010-04-13,1,0,0,0,1,0,1,30057,0,1,0.0,0.0,0.0,1.0,0.0,0.19639610121239312,0.19936925769180938,0.0,0.3401680257083045,0.0,0.0,0.0,0.0,10.0,3.679666923062535,13.679666923062534,0,652
MSZ0310,2010-12-01,1,0,0,0,2,0,10,301891,1,7,0.0,0.0,0.0,1.0,0.0,0.26924209212139605,0.24254191632613006,0.0,0.22371410699735345,0.0,0.0,0.0,0.0,10.0,3.677490577224398,13.677490577224399,0,653
MJB0588,2010-10-15,0,0,0,0,0,0,2,54024,1,2,0.0,0.0,0.0,0.0,0.0,0.5082528914895181,0.3717427766640077,1.0,0.8547043234472846,0.0,0.0,0.0,0.0,0.0,13.673499958004054,13.673499958004054,0,654
BNG0237,2010-02-19,1,0,0,0,1,0,6,155866,3,1,0.26349301969610395,0.0,0.0,1.0,0.0,0.14266622887633987,0.06367501423507838,0.0,0.0,0.0,2.6349301969610397,0.0,0.0,10.0,1.0317062155570913,13.666636412518132,0,655
HSP0290,2010-06-30,0,0,0,0,1,0,1,30254,1,1,0.0,0.0,0.0,1.0,0.0,0.15798095832497447,0.15301064124585745,0.13516906706687487,0.2853569193634026,0.0,0.0,0.0,0.0,10.0,3.657587930005547,13.657587930005548,0,656
KAT0489,2011-01-10,0,0,0,0,3,0,8,256484,3,7,0.0,0.0,0.0,1.0,0.0,0.10721378919772565,0.14554785287317867,0.0,0.47835863060275263,0.0,0.0,0.0,0.0,10.0,3.6556013633682847,13.655601363368284,0,657
AAE0190,2010-08-06,0,0,0,0,1,0,8,238278,3,5,0.0,0.0,0.0,1.0,0.0,0.22184871241845924,0.21236013633267542,0.03394254681241922,0.25961754115295277,0.0,0.0,0.0,0.0,10.0,3.638844683582534,13.638844683582533,0,658
RHC0335,2011-04-25,1,0,0,0,1,0,3,85913,0,1,0.0,0.0,0.0,1.0,0.0,0.3777397420014378,0.3381380008667183,0.0,0.008106134612129452,0.0,0.0,0.0,0.0,10.0,3.619919387401428,13.619919387401428,0,659
CCC0393,2010-08-19,1,0,0,0,1,0,5,148063,1,1,0.2853569193634026,0.0,0.0,1.0,0.0,0.0725020997568545,0.05941097821727248,0.018942122022386074,0.0,0.0,2.8535691936340255,0.0,0.0,10.0,0.7542759999825652,13.607845193616592,0,660
GOK0238,2010-05-07,0,0,0,0,1,0,6,207953,0,5,0.0,0.0,0.0,1.0,0.0,0.19335101599064683,0.29458309894400264,0.0,0.23160905373711071,0.0,0.0,0.0,0.0,10.0,3.5977158433588006,13.5977158433588,0,661
TJD0996,2010-08-02,0,0,0,0,2,0,3,177752,11,0,0.0,0.0,0.0,1.0,0.0,0.0,0.1560156063878732,0.5578855027206859,0.0,0.0,0.0,0.0,0.0,10.0,3.569505545542796,13.569505545542796,0,662
KJS0618,2011-03-03,0,0,0,0,2,0,9,266604,1,8,0.0,0.0,0.0,1.0,0.0,0.17110554764160882,0.1560662021798334,0.0,0.3866961649924986,0.0,0.0,0.0,0.0,10.0,3.569339574069705,13.569339574069705,0,663
FWM0707,2011-01-26,1,0,0,0,1,0,1,35115,0,1,0.0,0.0,0.0,1.0,0.0,0.21096325392232296,0.21410220409037609,0.0,0.2853569193634026,0.0,0.0,0.0,0.0,10.0,3.552111886880508,13.552111886880509,0,664
JAJ0849,2010-09-29,2,0,0,0,0,0,1,25963,2,0,0.6126575522054604,0.0,0.0,0.0,0.0,0.3401680257083045,0.31531212236948086,0.8283510207236029,0.0,0.0,6.126575522054604,0.0,0.0,0.0,7.419155844006942,13.545731366061545,0,665
RHY0079,2010-10-19,0,0,0,0,0,0,15,457800,11,10,0.0,0.0,0.0,0.0,0.0,0.6557097537735717,0.6247992133137205,1.0,0.4249568935504616,0.0,0.0,0.0,0.0,0.0,13.527329303188768,13.527329303188768,0,666
NRD0548,2010-08-19,1,0,0,0,1,0,4,152322,0,2,0.3105295017040595,0.0,0.0,1.0,0.0,0.0,0.0785588440929402,0.0,0.0,0.0,3.105295017040595,0.0,0.0,10.0,0.392794220464701,13.498089237505296,0,667
EGD0409,2010-06-07,1,0,0,0,1,0,4,93998,3,4,0.19639610121239312,0.0,0.0,1.0,0.0,0.0,0.0,0.08340775251041256,0.2197683704402495,0.0,1.9639610121239313,0.0,0.0,10.0,1.5158806147533104,13.479841626877242,0,668
LNS0989,2011-01-31,2,0,0,0,0,0,6,138452,4,5,1.0,0.0,0.0,0.0,0.0,0.24114823105385672,0.06676270698517868,0.0,0.38748465892504147,0.0,10.0,0.0,0.0,0.0,3.476977984820384,13.476977984820383,0,669
IIA0092,2011-01-21,1,0,0,0,1,0,5,151515,2,5,0.0,0.0,0.0,1.0,0.0,0.1232492846769219,0.10881299730873013,0.05895159034977089,0.4011782853212621,0.0,0.0,0.0,0.0,10.0,3.4609607882834252,13.460960788283426,0,670
MHA0798,2010-08-23,0,0,0,0,1,0,6,168166,0,5,0.0,0.0,0.0,1.0,0.0,0.21441180180135308,0.1610796972896886,0.0,0.31352971362877413,0.0,0.0,0.0,0.0,10.0,3.4451060635990793,13.445106063599079,0,671
DJB0159,2011-04-12,1,0,0,0,2,0,10,295862,15,2,0.0,0.0,0.0,0.9340155743710611,0.0,0.1671258043593478,0.1238248756009123,0.5289543894458105,0.0,0.0,0.0,0.0,0.0,9.34015574371061,4.099525347030354,13.439681090740965,0,672
SSR0278,2010-08-10,0,0,0,0,1,0,5,186721,0,5,0.0,0.0,0.0,1.0,0.0,0.11338934190276813,0.21384549269538136,0.0,0.3606257585323934,0.0,0.0,0.0,0.0,10.0,3.4393029656527143,13.439302965652715,0,673
SKG0759,2010-05-28,0,0,0,0,1,0,2,65404,3,2,0.0,0.0,0.0,1.0,0.0,0.1084783594981916,0.1425637421052455,0.1587146083839319,0.2772667439319768,0.0,0.0,0.0,0.0,10.0,3.43511726959673,13.43511726959673,0,674
WLV0566,2010-12-17,0,0,0,0,1,0,5,132320,3,1,0.0,0.0,0.0,1.0,0.0,0.09850380552547039,0.012737366171695316,0.5753827271561442,0.0,0.0,0.0,0.0,0.0,10.0,3.4331194942665504,13.43311949426655,0,675
DGF0443,2011-02-02,1,0,0,0,1,0,5,173717,0,0,0.2267786838055364,0.0,0.0,1.0,0.0,0.09095873358104586,0.1417730717848383,0.0,0.0,0.0,2.2677868380553643,0.0,0.0,10.0,1.163659026829421,13.431445864884786,0,676
MKG0711,2011-04-20,1,0,0,0,1,0,1,28728,0,1,0.0,0.0,0.0,1.0,0.0,0.1828348200660132,0.16084562124857255,0.0,0.3401680257083045,0.0,0.0,0.0,0.0,10.0,3.4192423351144514,13.41924233511445,0,677
KBS0874,2010-03-19,1,0,0,0,1,0,9,291459,7,6,0.0,0.0,0.0,1.0,0.0,0.15174699492716165,0.20730021218472103,0.07843404065950713,0.2459395857115824,0.0,0.0,0.0,0.0,10.0,3.4171041674148612,13.41710416741486,0,678
HRW0550,2010-12-03,1,0,0,0,1,0,6,163687,0,4,0.1828348200660132,0.0,0.0,1.0,0.0,0.1570608644914676,0.022979409363707178,0.0,0.12966567322613504,0.0,1.8283482006601322,0.0,0.0,10.0,1.5485297354065493,13.37687793606668,0,679
QNF0205,2010-09-10,1,0,0,0,2,0,7,219762,0,4,0.0,0.0,0.0,0.9094379728109019,0.0,0.3128183905395817,0.35683198346225264,0.0,0.18390181014986645,0.0,0.0,0.0,0.0,9.09437972810902,4.267760920758504,13.362140648867523,0,680
AIM0627,2010-08-10,1,0,0,0,1,0,7,255894,0,0,0.2853569193634026,0.0,0.0,1.0,0.0,0.0,0.09116530743801357,0.0,0.0,0.0,2.8535691936340255,0.0,0.0,10.0,0.4558265371900678,13.309395730824095,0,681
ASM0575,2010-06-08,0,0,0,0,1,0,1,26500,1,1,0.0,0.0,0.0,1.0,0.0,0.1351690670668749,0.11366028059380495,0.1478112033918669,0.26349301969610395,0.0,0.0,0.0,0.0,10.0,3.300667853743254,13.300667853743255,0,682
MJM0510,2010-08-18,0,1,0,0,0,0,2,38038,1,2,0.0,0.0,0.0,0.0,0.0,0.11911000007651155,0.0,0.08893584253156481,0.44295731185321224,1.0,10.0,0.0,0.0,0.0,3.255015772306443,13.255015772306443,0,683
ENL0100,2011-01-21,1,0,0,0,1,0,6,167675,3,3,0.0,0.0,0.0,1.0,0.0,0.20947597554802644,0.16520474475532437,0.12381356769186962,0.14965397877789727,0.0,0.0,0.0,0.0,10.0,3.2407413338655893,13.24074133386559,0,684
SAC0592,2010-03-10,0,0,0,0,0,0,1,117003,2,1,0.0,0.0,0.0,0.0,0.0,0.22677868380553634,1.0,1.0,0.4212227100104783,0.0,0.0,0.0,0.0,0.0,13.240006969080072,13.240006969080072,0,685
RAG0275,2010-12-30,1,0,0,0,1,0,5,174094,3,5,0.0,0.0,0.0,1.0,0.0,0.10052927224766772,0.17080028153245008,0.08320502943378441,0.29230641110773387,0.0,0.0,0.0,0.0,10.0,3.234204971608181,13.23420497160818,0,686
CEB0210,2010-10-19,1,0,0,0,0,0,12,383141,12,9,0.0,0.0,0.0,0.0,0.0,0.612874491193617,0.6158575769217675,0.8914322012110804,0.5250717352455401,0.0,0.0,0.0,0.0,0.0,13.226180022860026,13.226180022860026,0,687
KJG0910,2010-09-03,0,0,0,0,1,0,2,65064,2,2,0.0,0.0,0.0,0.708116213222499,0.0,0.20061191259720518,0.2286069157883038,0.4494692768527253,0.34796658653039525,0.0,0.0,0.0,0.0,7.08116213222499,6.133273458843148,13.214435591068138,0,688
LFS0071,2011-03-14,0,0,0,0,1,0,6,187590,0,4,0.0,0.0,0.0,1.0,0.0,0.1850009516534337,0.19170640096423558,0.0,0.2639648070384357,0.0,0.0,0.0,0.0,10.0,3.2033607982805243,13.203360798280524,0,689
CTW0500,2011-01-20,0,0,0,0,1,0,8,253853,10,8,0.0,0.0,0.0,1.0,0.0,0.05703518254720299,0.11475915655262739,0.15846040368041095,0.30795288523247594,0.0,0.0,0.0,0.0,10.0,3.191038140063586,13.191038140063586,0,690
MHG0733,2010-10-19,1,0,0,0,1,0,8,250204,0,1,0.21096325392232296,0.0,0.0,1.0,0.0,0.10344599804335342,0.10930515165332208,0.0,0.0,0.0,2.1096325392232296,0.0,0.0,10.0,1.0637557484833775,13.173388287706606,0,691
JPA0667,2011-01-25,1,0,0,0,1,0,4,83632,7,1,0.2441523901385969,0.0,0.0,1.0,0.0,0.0,0.0,0.1458815974755864,0.0,0.0,2.441523901385969,0.0,0.0,10.0,0.7294079873779321,13.170931888763901,0,692
THD0448,2011-02-01,1,0,0,0,0,0,1,36952,8,1,0.37606990231680526,0.0,0.0,0.0,0.0,0.19639610121239312,0.2620298484675705,1.0,0.4212227100104783,0.0,3.760699023168053,0.0,0.0,0.0,9.398243298452211,13.158942321620264,0,693
ALC0788,2010-07-14,0,0,0,0,1,0,2,76780,4,0,0.0,0.0,0.0,1.0,0.0,0.10537974995768315,0.15553366947784764,0.3693325669323698,0.0,0.0,0.0,0.0,0.0,10.0,3.151229931839503,13.151229931839502,0,694
JNA0559,2010-02-15,0,0,0,0,1,0,6,160194,0,2,0.0,0.0,0.0,1.0,0.0,0.38311685357072567,0.20387621997959435,0.0,0.04146981098256823,0.0,0.0,0.0,0.0,10.0,3.142314422664442,13.142314422664441,0,695
AMJ0297,2011-03-03,0,0,0,0,1,0,1,28468,0,1,0.0,0.0,0.0,1.0,0.0,0.15798095832497444,0.12352772852862981,0.0,0.3401680257083045,0.0,0.0,0.0,0.0,10.0,3.1083835628095438,13.108383562809543,0,696
ERH0449,2010-08-23,1,0,0,0,2,0,0,0,0,0,0.31052950170405935,0.0,0.0,1.0,0.0,0.0,0.0,0.0,0.0,0.0,3.1052950170405937,0.0,0.0,10.0,0.0,13.105295017040593,0,697
KDS0349,2011-01-18,1,0,0,0,1,0,8,223188,0,2,0.19639610121239318,0.0,0.0,1.0,0.0,0.1339787690606471,0.09358035970070082,0.0,0.0,0.0,1.963961012123932,0.0,0.0,10.0,1.1377956438067396,13.101756655930672,0,698
HJA0018,2010-09-13,1,0,0,0,0,0,9,298308,9,8,0.2853569193634026,0.0,0.0,0.0,0.0,0.3859605125416064,0.461514243616318,0.5128181298696667,0.6888528670371125,0.0,2.8535691936340255,0.0,0.0,0.0,10.245728765323518,13.099297958957543,0,699
BSA0431,2011-04-20,1,0,0,0,1,0,6,132857,1,1,0.21096325392232296,0.0,0.0,1.0,0.0,0.19117186420807813,0.0,0.0,0.0,0.0,2.1096325392232296,0.0,0.0,10.0,0.9558593210403907,13.06549186026362,0,700
ILR0304,2010-07-30,0,0,0,0,1,0,1,22181,0,1,0.0,0.0,0.0,1.0,0.0,0.19639610121239312,0.07491343801486669,0.0,0.3401680257083045,0.0,0.0,0.0,0.0,10.0,3.0573878246778214,13.057387824677821,0,701
RGN0408,2011-03-07,1,0,0,0,0,0,7,227933,11,3,0.2109632539223229,0.0,0.0,0.0,0.0,0.39620290784653145,0.4485549165443973,0.9127559507845977,0.4286974604602209,0.0,2.109632539223229,0.0,0.0,0.0,10.931056178178737,13.040688717401967,0,702
SAT0194,2010-04-08,0,0,0,0,1,0,8,241756,0,4,0.0,0.0,0.0,1.0,0.0,0.23590493491014874,0.2318173142118513,0.0,0.1351690670668748,0.0,0.0,0.0,0.0,10.0,3.0144565809443744,13.014456580944374,0,703
DCC0160,2010-12-27,1,0,0,0,1,0,10,318397,5,5,0.0,0.0,0.0,1.0,0.0,0.1351690670668752,0.14624565773289827,0.1410496177604031,0.16704175200064644,0.0,0.0,0.0,0.0,10.0,2.947530472804115,12.947530472804115,0,704
YEV0793,2010-12-22,0,0,0,0,1,0,4,122924,9,1,0.0,0.0,0.0,1.0,0.0,0.0,0.0,0.5856658011247655,0.0,0.0,0.0,0.0,0.0,10.0,2.928329005623828,12.928329005623828,0,705
ESH0135,2010-05-21,0,0,0,0,1,0,1,30687,1,0,0.0,0.0,0.0,1.0,0.0,0.2441523901385969,0.29637375206404937,0.04490038341407851,0.0,0.0,0.0,0.0,0.0,10.0,2.927132628083624,12.927132628083625,0,706
CGA0629,2010-08-18,1,0,0,0,2,0,9,266092,0,6,0.34016802570830446,0.0,0.0,0.6754308969478108,0.0,0.11951595189785832,0.09982818476425995,0.0,0.3320022087908837,0.0,3.4016802570830444,0.0,0.0,6.754308969478108,2.7567317272650103,12.912720953826163,0,707
TUC0632,2011-04-28,0,0,0,0,1,0,2,63617,0,2,0.0,0.0,0.0,1.0,0.0,0.13249360618739295,0.17049423084423593,0.0,0.27726674393197703,0.0,0.0,0.0,0.0,10.0,2.90127290481803,12.901272904818029,0,708
AMD0077,2011-02-16,1,0,0,0,2,0,14,398690,4,9,0.0,0.0,0.0,0.6126575522054604,0.0,0.42426406871192845,0.3243051319080429,0.1732719424002803,0.43053004712358467,0.0,0.0,0.0,0.0,6.126575522054604,6.761855950719181,12.888431472773785,0,709
FXF0957,2010-11-12,1,0,0,0,0,0,1,71983,1,1,0.0,0.0,0.0,0.0,0.0,0.24415239013859685,0.7662948846026687,1.0,0.566946709513841,0.0,0.0,0.0,0.0,0.0,12.886969921275531,12.886969921275531,0,710
ORB0473,2010-08-19,1,0,0,0,0,0,1,36511,3,1,0.31052950170405935,0.0,0.0,0.0,0.0,0.1828348200660132,0.28670610718462625,1.0,0.48107023544236416,0.0,3.1052950170405937,0.0,0.0,0.0,9.753055813465018,12.85835083050561,0,711
AJL0462,2011-05-12,2,0,0,0,0,0,1,56784,0,1,0.5330457154646168,0.0,0.0,0.0,0.0,0.2853569193634026,0.7987686978951409,0.0,0.4212227100104783,0.0,5.330457154646168,0.0,0.0,0.0,7.526741636345109,12.857198790991276,0,712
FHS0837,2010-04-21,0,0,0,0,1,0,1,34071,0,1,0.0,0.0,0.0,1.0,0.0,0.1351690670668749,0.2092178304434144,0.0,0.22677868380553634,0.0,0.0,0.0,0.0,10.0,2.8558279065791283,12.855827906579128,0,713
ASB0796,2010-04-08,0,0,0,0,2,0,6,177803,2,4,0.0,0.0,0.0,0.9340155743710605,0.0,0.21469504744632256,0.19672534801754787,0.04407318961869523,0.24581275522449436,0.0,0.0,0.0,0.0,9.340155743710605,3.506531701535301,12.846687445245905,0,714
FKB0163,2010-09-20,1,0,0,0,1,0,4,140629,7,0,0.0,0.0,0.0,0.708116213222499,0.0,0.035561735086212076,0.11439290807560236,1.0,0.0,0.0,0.0,0.0,0.0,7.08116213222499,5.749773215809072,12.830935348034062,0,715
LHB0606,2010-04-09,0,0,0,0,2,0,9,278154,2,6,0.0,0.0,0.0,0.9340155743710599,0.0,0.2305451354222182,0.24507859598261147,0.0,0.22146154762848552,0.0,0.0,0.0,0.0,9.340155743710598,3.4854263951665763,12.825582138877174,0,716
JJH0292,2011-02-21,1,0,0,0,0,0,1,23931,2,1,1.0,0.0,0.0,0.0,0.0,0.14638501094227996,0.04568724034767039,0.14215981579996914,0.22677868380553634,0.0,10.0,0.0,0.0,0.0,2.805053754477279,12.805053754477278,0,717
WKF0012,2010-12-20,1,0,0,0,0,0,15,500602,3,13,0.0,0.0,0.0,0.0,0.0,0.7409963766794679,0.9296809425193789,0.07311701034483933,0.8164151889629341,0.0,0.0,0.0,0.0,0.0,12.801047592533102,12.801047592533102,0,718
LOF0311,2011-03-16,1,0,0,0,1,0,12,357453,11,3,0.0,0.0,0.0,0.566946709513841,0.0,0.4726686664067811,0.41259755627288336,0.5371487197932211,0.0,0.0,0.0,0.0,0.0,5.66946709513841,7.112074712364429,12.781541807502839,0,719
RNL0695,2011-01-05,0,0,0,0,1,0,6,200380,5,5,0.0,0.0,0.0,0.708116213222499,0.0,0.17840884944524643,0.24910886727086515,0.26322568849634204,0.44880794492585724,0.0,0.0,0.0,0.0,7.08116213222499,5.697756750691554,12.778918882916544,0,720
HVB0037,2010-05-11,1,0,0,0,1,0,9,271435,1,5,0.0,0.0,0.0,1.0,0.0,0.2040887395254706,0.21760522522099182,0.0,0.13172769295017,0.0,0.0,0.0,0.0,10.0,2.7671082884831626,12.767108288483163,0,721
HDD0789,2010-07-29,1,0,0,0,1,0,8,224065,2,4,0.0,0.0,0.0,1.0,0.0,0.14513185539793197,0.07454772608291449,0.003040974421249687,0.3264216075272024,0.0,0.0,0.0,0.0,10.0,2.745710817146493,12.745710817146493,0,722
MJS0890,2010-08-26,0,0,0,0,1,0,2,48467,0,2,0.0,0.0,0.0,1.0,0.0,0.21412392814389905,0.05465454160628961,0.0,0.28024454528770265,0.0,0.0,0.0,0.0,10.0,2.7451150751894566,12.745115075189457,0,723
EHR0096,2010-06-23,1,0,0,0,1,0,5,182467,0,4,0.0,0.0,0.0,1.0,0.0,0.07879013166697241,0.19032104736309524,0.0,0.2753096141722003,0.0,0.0,0.0,0.0,10.0,2.7221039660113395,12.722103966011339,0,724
COM0321,2010-11-08,1,0,0,0,2,0,10,332516,0,3,0.0,0.0,0.0,1.0,0.0,0.22451444801490167,0.31708672671867266,0.0,0.0,0.0,0.0,0.0,0.0,10.0,2.708005873667872,12.708005873667872,0,725
HDL0748,2010-11-24,1,0,0,0,1,0,13,366575,0,13,0.19639610121239312,0.0,0.0,0.07904333328627514,0.0,0.6127928768271621,0.47617215596920354,0.0,0.8901904427650541,0.0,1.9639610121239313,0.0,0.0,0.7904333328627513,9.8957773778071,12.650171722793782,0,726
JCW0858,2011-02-11,1,0,0,0,1,0,9,248529,9,8,0.0,0.0,0.0,0.4810702354423639,0.0,0.20208992091258224,0.08433619605933163,0.8446393593466318,0.43623277931605997,0.0,0.0,0.0,0.0,4.810702354423639,7.836491278173028,12.647193632596668,0,727
CJH0702,2010-08-18,1,0,0,0,1,0,1,32480,0,0,0.0,0.0,0.0,1.0,0.0,0.2267786838055364,0.30215411118796076,0.0,0.0,0.0,0.0,0.0,0.0,10.0,2.644663974967486,12.644663974967486,0,728
MMB0488,2010-08-19,0,0,0,0,3,0,11,277165,1,4,0.0,0.0,0.0,1.0,0.0,0.28159650518630347,0.1318768237635975,0.0,0.11542008164904963,0.0,0.0,0.0,0.0,10.0,2.644467052994753,12.644467052994752,0,729
GCS0518,2010-10-11,0,0,0,0,1,0,3,75910,0,0,0.0,0.0,0.0,1.0,0.0,0.34016802570830473,0.1833229859992209,0.0,0.0,0.0,0.0,0.0,0.0,10.0,2.617455058537628,12.617455058537628,0,730
NGO0690,2010-12-02,0,0,0,0,1,0,5,132711,4,5,0.0,0.0,0.0,1.0,0.0,0.08594194690069615,0.006140485717239556,0.1465830771537939,0.28398254213444446,0.0,0.0,0.0,0.0,10.0,2.6132402595308704,12.61324025953087,0,731
YWW0660,2010-05-28,0,0,0,0,1,0,2,54146,0,2,0.0,0.0,0.0,1.0,0.0,0.08978137769550561,0.037794313044976414,0.0,0.39467056466680217,0.0,0.0,0.0,0.0,10.0,2.611231277036421,12.61123127703642,0,732
OSH0655,2011-01-10,0,0,0,0,1,0,3,94699,1,1,0.0,0.0,0.0,0.708116213222499,0.0,0.4323460152737354,0.48995414425204303,0.10834726777719235,0.0749025340718831,0.0,0.0,0.0,0.0,7.08116213222499,5.52774980687427,12.60891193909926,0,733
MCF0327,2010-12-07,1,0,0,0,1,0,8,291358,0,6,0.0,0.0,0.0,1.0,0.0,0.06803360514166094,0.2662944613995327,0.0,0.18497046262699168,0.0,0.0,0.0,0.0,10.0,2.596492645840927,12.596492645840927,0,734
AAF0791,2011-02-11,0,0,0,0,1,0,6,155104,0,4,0.0,0.0,0.0,1.0,0.0,0.2325393819964187,0.12537311278491511,0.0,0.15827680307534822,0.0,0.0,0.0,0.0,10.0,2.58094648928341,12.58094648928341,0,735
WGS0516,2010-10-12,0,0,0,0,1,0,2,78885,0,1,0.0,0.0,0.0,1.0,0.0,0.16813376314128656,0.2664148134416861,0.0,0.0801783725737273,0.0,0.0,0.0,0.0,10.0,2.5736347457835,12.573634745783501,0,736
TEB0251,2010-04-27,1,0,0,0,0,0,8,284115,0,8,0.14638501094227996,0.0,0.0,0.0,0.0,0.5573953609223206,0.658891713383756,0.0,1.0,0.0,1.4638501094227996,0.0,0.0,0.0,11.081435371530384,12.545285480953183,0,737
KJM0887,2010-05-14,0,0,0,0,0,0,3,82359,10,3,0.0,0.0,0.0,0.0,0.0,0.4554432691659539,0.28719818507724265,1.0,0.7659580467122912,0.0,0.0,0.0,0.0,0.0,12.54299750477744,12.54299750477744,0,738
GDF0704,2010-06-07,1,0,0,0,0,0,1,47997,6,1,0.0,0.0,0.0,0.0,0.0,0.3105295017040595,0.6302428172895276,1.0,0.5669467095138411,0.0,0.0,0.0,0.0,0.0,12.53859514253714,12.53859514253714,0,739
JBM0350,2010-03-24,3,0,0,0,0,0,11,348943,2,4,0.7252406676228422,0.0,0.0,0.0,0.0,0.4751957928560534,0.503198896322987,0.009131684776705973,0.06357489104506281,0.0,7.252406676228422,0.0,0.0,0.0,5.255506325004046,12.507913001232469,0,740
HKI0171,2010-09-28,1,0,0,0,0,0,11,328081,15,9,0.0,0.0,0.0,0.0,0.0,0.4682294206974544,0.46286482184923516,1.0,0.5682795355896346,0.0,0.0,0.0,0.0,0.0,12.496868890681622,12.496868890681622,0,741
ASG0692,2010-03-08,0,0,0,0,1,0,5,123288,3,3,0.0,0.0,0.0,1.0,0.0,0.09020771689863957,0.0020582015158165075,0.2078460969082653,0.19860908487707765,0.0,0.0,0.0,0.0,10.0,2.4936055009989953,12.493605500998996,0,742
ENC0234,2010-08-11,1,0,0,0,0,0,7,194984,5,4,0.376069902316805,0.0,0.0,0.0,0.0,0.33030808293415076,0.28228326816607946,0.7580794057234768,0.3732282988431144,0.0,3.76069902316805,0.0,0.0,0.0,8.719495278334108,12.480194301502157,0,743
KSP0966,2010-11-08,1,0,0,0,1,0,1,41264,0,0,0.0,0.0,0.0,1.0,0.0,0.19639610121239312,0.2990831735737524,0.0,0.0,0.0,0.0,0.0,0.0,10.0,2.477396373930728,12.477396373930727,0,744
HDJ0446,2010-03-24,1,0,0,0,0,0,1,45203,3,1,0.18283482006601323,0.0,0.0,0.0,0.0,0.2441523901385969,0.4014030117039182,1.0,0.48107023544236416,0.0,1.8283482006601324,0.0,0.0,0.0,10.633128186424395,12.461476387084527,0,745
HAH0248,2011-03-17,1,0,0,0,0,0,7,183048,7,7,0.24415239013859685,0.0,0.0,0.0,0.0,0.37773974200143756,0.2820917117042989,0.45910150680256656,0.8838481812919851,0.0,2.4415239013859686,0.0,0.0,0.0,10.013905709001442,12.45542961038741,0,746
EWH0191,2011-03-17,1,0,0,0,1,0,8,270232,2,6,0.0,0.0,0.0,1.0,0.0,0.09638383217569232,0.22273831367055244,0.0,0.17129847150329178,0.0,0.0,0.0,0.0,10.0,2.4521030867476834,12.452103086747684,0,747
BCM0653,2011-05-16,0,0,0,0,1,0,2,60795,0,2,0.0,0.0,0.0,1.0,0.0,0.1300308558895386,0.14081511615077189,0.0,0.21886563452749602,0.0,0.0,0.0,0.0,10.0,2.448558032839033,12.448558032839033,0,748
BHW0458,2011-04-20,1,0,0,0,1,0,0,0,0,0,0.2441523901385969,0.0,0.0,1.0,0.0,0.0,0.0,0.0,0.0,0.0,2.441523901385969,0.0,0.0,10.0,0.0,12.441523901385969,0,749
GQF0659,2011-02-25,0,0,0,0,0,0,3,100591,2,3,0.0,0.0,0.0,0.0,0.0,0.3771711342562272,0.4121170002449131,1.0,0.694843782280161,0.0,0.0,0.0,0.0,0.0,12.420659583906508,12.420659583906508,0,750
DBW0483,2010-10-13,0,0,0,0,3,0,10,272830,5,6,0.0,0.0,0.0,0.5880776743675862,0.0,0.41672668449249334,0.23769161806628905,0.20434278446718585,0.44902179393496217,0.0,0.0,0.0,0.0,5.880776743675862,6.538914404804652,12.419691148480513,0,751
ASS0517,2011-04-01,0,0,0,0,0,0,3,96469,9,3,0.0,0.0,0.0,0.0,0.0,0.36946211664945794,0.3399294655712727,1.0,0.7734153104499177,0.0,0.0,0.0,0.0,0.0,12.414034463353243,12.414034463353243,0,752
MDM0976,2011-03-18,1,0,0,0,2,0,5,108544,0,4,0.24415239013859685,0.0,0.0,0.9340155743710608,0.0,0.0,0.0,0.0,0.12451375723234462,0.0,2.4415239013859686,0.0,0.0,9.340155743710609,0.6225687861617232,12.404248431258301,0,753
FSB0399,2011-03-16,0,0,0,0,1,0,7,170245,4,5,0.0,0.0,0.0,0.708116213222499,0.0,0.2971851792948782,0.13295299834042373,0.24109385277766013,0.3913795072395294,0.0,0.0,0.0,0.0,7.08116213222499,5.313057688262457,12.394219820487447,0,754
MLP0668,2010-06-28,1,0,0,0,0,0,7,267345,9,5,0.17008401285415226,0.0,0.0,0.0,0.0,0.4387842813611497,0.7514412768960078,0.4386916056745894,0.5083381329473837,0.0,1.7008401285415227,0.0,0.0,0.0,10.686276484395654,12.387116612937177,0,755
ORG0339,2010-11-24,1,0,0,0,1,0,2,79015,1,0,0.0,0.0,0.0,1.0,0.0,0.10068638024726158,0.23583792702803566,0.13875303825669047,0.0,0.0,0.0,0.0,0.0,10.0,2.3763867276599386,12.376386727659938,0,756
JRL0574,2010-03-23,0,0,0,0,1,0,1,44515,0,0,0.0,0.0,0.0,1.0,0.0,0.15798095832497447,0.3159589965306533,0.0,0.0,0.0,0.0,0.0,0.0,10.0,2.369699774278139,12.36969977427814,0,757
ZSL0305,2011-01-04,0,0,0,0,1,0,1,25676,0,0,0.0,0.0,0.0,1.0,0.0,0.26349301969610395,0.2093057419882416,0.0,0.0,0.0,0.0,0.0,0.0,10.0,2.363993808421728,12.363993808421728,0,758
SAC0687,2010-12-30,0,0,0,0,1,0,5,114446,5,2,0.0,0.0,0.0,1.0,0.0,0.1065625578139034,0.0,0.35462340453549157,0.008106134612129447,0.0,0.0,0.0,0.0,10.0,2.346460484807622,12.346460484807622,0,759
UBF0645,2011-03-02,0,0,0,0,1,0,2,49098,0,2,0.0,0.0,0.0,1.0,0.0,0.18950284971277082,0.030365552828551346,0.0,0.24494897427831788,0.0,0.0,0.0,0.0,10.0,2.3240868840982003,12.3240868840982,0,760
WNB0908,2010-08-03,0,0,0,0,1,0,2,62727,3,0,0.0,0.0,0.0,1.0,0.0,0.09315885051121782,0.1551950437143826,0.21054494240601587,0.0,0.0,0.0,0.0,0.0,10.0,2.2944941831580814,12.294494183158081,0,761
AMH0464,2011-05-04,1,0,0,0,0,0,1,22555,4,1,0.2109632539223229,0.0,0.0,0.0,0.0,0.2267786838055364,0.09886318727515842,1.0,0.7081162132224987,0.0,2.109632539223229,0.0,0.0,0.0,10.168790421515968,12.278422960739197,0,762
SEJ0677,2010-06-03,1,0,0,0,2,0,3,74863,0,1,0.22677868380553634,0.0,0.0,1.0,0.0,0.0,0.0,0.0,0.0,0.0,2.2677868380553634,0.0,0.0,10.0,0.0,12.267786838055363,0,763
JKM0303,2010-09-03,0,0,0,0,1,0,1,36269,0,0,0.0,0.0,0.0,1.0,0.0,0.19639610121239318,0.25185523796015297,0.0,0.0,0.0,0.0,0.0,0.0,10.0,2.241256695862731,12.241256695862731,0,764
ILC0838,2011-02-03,0,0,0,0,1,0,1,31315,0,0,0.0,0.0,0.0,1.0,0.0,0.2109632539223229,0.23325485035567772,0.0,0.0,0.0,0.0,0.0,0.0,10.0,2.2210905213900034,12.221090521390003,0,765
PGO0433,2011-03-10,0,0,0,0,0,0,8,254515,7,6,0.0,0.0,0.0,0.0,0.0,0.6214078150073149,0.6037260010051919,0.6069954668708046,0.6003570366278483,0.0,0.0,0.0,0.0,0.0,12.1624315975558,12.1624315975558,0,766
HPM0986,2010-07-06,1,0,0,0,1,0,9,253015,0,2,0.0,0.0,0.0,1.0,0.0,0.2642379744737696,0.16472213903432842,0.0,0.0,0.0,0.0,0.0,0.0,10.0,2.1448005675404906,12.144800567540491,0,767
RJB0088,2010-09-10,1,0,0,0,1,0,5,176573,0,3,0.0,0.0,0.0,1.0,0.0,0.04926470710527909,0.11977602071014688,0.0,0.2590283027867452,0.0,0.0,0.0,0.0,10.0,2.1403451530108564,12.140345153010855,0,768
DPS0262,2010-06-02,2,0,0,0,0,0,7,182271,7,1,0.7081162132224987,0.0,0.0,0.0,0.0,0.3537971364964722,0.20957303013157363,0.44821930333187127,0.0,0.0,7.081162132224987,0.0,0.0,0.0,5.057947349799586,12.139109482024573,0,769
XRS0633,2010-04-21,0,0,0,0,1,0,1,27679,3,1,0.0,0.0,0.0,1.0,0.0,0.0,0.0,0.3995607790373361,0.02448583028059242,0.0,0.0,0.0,0.0,10.0,2.1202330465896426,12.120233046589643,0,770
SMH0291,2010-11-16,0,0,0,0,0,0,1,33054,3,1,0.0,0.0,0.0,0.0,0.0,0.34016802570830446,0.3689070537369968,1.0,0.7081162132224984,0.0,0.0,0.0,0.0,0.0,12.085956463338999,12.085956463338999,0,771
TOR0193,2011-03-07,1,0,0,0,0,0,5,144043,6,4,1.0,0.0,0.0,0.0,0.0,0.0,0.0,0.31284270868736547,0.10311212950754282,0.0,10.0,0.0,0.0,0.0,2.0797741909745415,12.079774190974542,0,772
RBB0485,2010-03-23,0,0,0,0,3,0,10,339908,0,3,0.0,0.0,0.0,0.8801452511159947,0.0,0.300684583222135,0.354949240831255,0.0,0.0,0.0,0.0,0.0,0.0,8.801452511159948,3.2781691202669503,12.079621631426898,0,773
CCR0863,2010-08-03,1,0,0,0,5,0,8,275712,0,4,0.0,0.0,0.0,1.0,0.0,0.14037334199432983,0.27275530087012023,0.0,0.0,0.0,0.0,0.0,0.0,10.0,2.0656432143222507,12.06564321432225,0,774
HAV0121,2010-09-23,0,0,0,0,1,0,4,156741,0,4,0.0,0.0,0.0,1.0,0.0,0.0,0.05639866134618184,0.0,0.35132402626147236,0.0,0.0,0.0,0.0,10.0,2.038613438038271,12.038613438038272,0,775
SGS0268,2011-03-17,1,0,0,0,0,0,7,246378,19,6,0.0,0.0,0.0,0.0,0.0,0.41572096442900364,0.528881181403362,1.0,0.4623025561207559,0.0,0.0,0.0,0.0,0.0,12.03452350976561,12.03452350976561,0,776
JMH0543,2010-04-19,1,0,0,0,0,0,7,247086,1,7,0.14638501094227996,0.0,0.0,0.0,0.0,0.4813148326361666,0.5680138346450342,0.10834726777719228,0.9559777330887298,0.0,1.4638501094227996,0.0,0.0,0.0,10.568268340735615,12.032118450158414,0,777
DOP0562,2010-09-09,0,0,0,0,1,0,5,171856,0,0,0.0,0.0,0.0,1.0,0.0,0.1823104003255691,0.21664589180518204,0.0,0.0,0.0,0.0,0.0,0.0,10.0,1.9947814606537557,11.994781460653755,0,778
EZT0640,2010-05-27,1,0,0,0,0,0,2,62946,1,2,1.0,0.0,0.0,0.0,0.0,0.08211733521770384,0.1267626993109384,0.0,0.18403150767956925,0.0,10.0,0.0,0.0,0.0,1.9645577110410575,11.964557711041058,0,779
KNW0644,2010-09-13,0,0,0,0,1,0,2,55523,2,1,0.0,0.0,0.0,1.0,0.0,0.03067191794659495,0.0,0.34943745868218856,0.008522864845907014,0.0,0.0,0.0,0.0,10.0,1.9431612073734525,11.943161207373453,0,780
KNB0022,2010-05-26,1,0,0,0,0,0,10,342020,15,4,0.0,0.0,0.0,0.0,0.0,0.5109177296981926,0.6105443119994349,1.0,0.26603890510435924,0.0,0.0,0.0,0.0,0.0,11.937504734009934,11.937504734009934,0,781
CJG0470,2011-02-09,1,0,0,0,0,0,1,25956,0,1,0.3401680257083045,0.0,0.0,0.0,0.0,0.37606990231680537,0.32852260282543366,0.0,1.0,0.0,3.4016802570830453,0.0,0.0,0.0,8.522962525711195,11.92464278279424,0,782
WPE0538,2010-04-20,0,0,0,0,0,0,3,113853,11,2,0.0,0.0,0.0,0.0,0.0,0.4077452116646718,0.5750735502270844,1.0,0.3933776733152746,0.0,0.0,0.0,0.0,0.0,11.880982176035156,11.880982176035156,0,783
SOB0586,2010-11-15,0,0,0,0,1,0,1,20355,0,1,0.0,0.0,0.0,1.0,0.0,0.14638501094227996,0.0,0.0,0.22677868380553634,0.0,0.0,0.0,0.0,10.0,1.8658184737390817,11.865818473739083,0,784
NRF0137,2010-04-07,0,0,0,0,1,0,1,27136,0,0,0.0,0.0,0.0,1.0,0.0,0.2109632539223229,0.16185470883785236,0.0,0.0,0.0,0.0,0.0,0.0,10.0,1.8640898138008763,11.864089813800877,0,785
KJW0416,2010-12-13,1,0,0,0,1,0,4,103213,0,0,0.18283482006601323,0.0,0.0,1.0,0.0,0.0,0.0,0.0,0.0,0.0,1.8283482006601324,0.0,0.0,10.0,0.0,11.828348200660132,0,786
ICS0956,2010-09-09,1,0,0,0,0,0,1,82183,1,1,0.0,0.0,0.0,0.0,0.0,0.22677868380553634,0.7617282987195692,1.0,0.37606990231680537,0.0,0.0,0.0,0.0,0.0,11.822884424209555,11.822884424209555,0,787
HSG0818,2011-03-16,0,0,0,0,0,0,7,206827,5,7,0.0,0.0,0.0,0.0,0.0,0.35200347659471565,0.29729213526312737,0.8662624356144724,0.8480392130747505,0.0,0.0,0.0,0.0,0.0,11.81798630273533,11.81798630273533,0,788
QSV0778,2010-07-21,0,0,0,0,1,0,2,69533,0,1,0.0,0.0,0.0,1.0,0.0,0.11142574160440107,0.16549485899704022,0.0,0.08323138098770988,0.0,0.0,0.0,0.0,10.0,1.8007599079457557,11.800759907945755,0,789
SSS0345,2011-02-17,1,0,0,0,2,0,2,42179,0,2,0.0,0.0,0.0,1.0,0.0,0.09315885051121786,0.0,0.0,0.26622185883343996,0.0,0.0,0.0,0.0,10.0,1.7969035467232892,11.79690354672329,0,790
JMW0638,2011-05-02,0,0,0,0,0,0,3,95645,9,3,0.0,0.0,0.0,0.0,0.0,0.2999999999999999,0.2962897837413133,1.0,0.7609779460042367,0.0,0.0,0.0,0.0,0.0,11.78633864872775,11.78633864872775,0,791
ANP0555,2011-05-13,1,0,0,0,0,0,8,220829,0,8,0.22677868380553629,0.0,0.0,0.0,0.0,0.5367621952983469,0.39152771990712254,0.0,0.9752545330287259,0.0,2.267786838055363,0.0,0.0,0.0,9.51772224117098,11.785509079226342,0,792
WAB0143,2010-06-07,1,0,0,0,1,0,5,116486,0,3,0.0,0.0,0.0,1.0,0.0,0.18973665961010283,0.0,0.0,0.166510063153978,0.0,0.0,0.0,0.0,10.0,1.7812336138204043,11.781233613820405,0,793
HIW0536,2010-06-02,1,0,0,0,0,0,10,250139,7,7,0.15798095832497447,0.0,0.0,0.0,0.0,0.4134982590465669,0.22262790680865946,1.0,0.4024443572564068,0.0,1.5798095832497447,0.0,0.0,0.0,10.192852615558166,11.772662198807911,0,794
AKH0758,2010-07-13,0,0,0,0,0,0,3,113381,3,3,0.0,0.0,0.0,0.0,0.0,0.32335909071658003,0.37676733639475113,0.6508701569891495,1.0,0.0,0.0,0.0,0.0,0.0,11.754982920502403,11.754982920502403,0,795
TLH0648,2011-03-29,0,0,0,0,1,0,2,53546,0,2,0.0,0.0,0.0,1.0,0.0,0.0668733855090424,0.008690752883317053,0.0,0.26945322788344284,0.0,0.0,0.0,0.0,10.0,1.7250868313790115,11.725086831379011,0,796
MLG0475,2011-02-21,1,0,0,0,0,0,1,27592,6,1,0.2441523901385969,0.0,0.0,0.0,0.0,0.2853569193634026,0.19503636684802517,1.0,0.37606990231680537,0.0,2.441523901385969,0.0,0.0,0.0,9.282315942641166,11.723839844027134,0,797
DGN0480,2011-02-17,0,0,0,0,0,0,12,382346,4,11,0.0,0.0,0.0,0.0,0.0,0.5540456583302997,0.5816140999844241,0.2088913092510202,1.0,0.0,0.0,0.0,0.0,0.0,11.72275533782872,11.72275533782872,0,798
TMA0069,2010-08-18,1,0,0,0,0,0,8,252022,1,7,0.26349301969610395,0.0,0.0,0.0,0.0,0.5015062044362639,0.45093675845806924,0.0,0.8607594508909768,0.0,2.6349301969610397,0.0,0.0,0.0,9.06601206892655,11.70094226588759,0,799
AMM0014,2010-08-25,1,0,0,0,4,0,10,292460,0,3,0.0,0.0,0.0,1.0,0.0,0.17477452779876163,0.16203873200136146,0.0,0.0,0.0,0.0,0.0,0.0,10.0,1.6840662990006157,11.684066299000616,0,800
IRT0491,2010-06-16,0,0,0,0,1,0,9,283503,2,2,0.0,0.0,0.0,1.0,0.0,0.14577921757962944,0.17857378989587216,0.0,0.0,0.0,0.0,0.0,0.0,10.0,1.621765037377508,11.621765037377507,0,801
XBN0229,2011-04-25,0,0,0,0,1,0,5,150293,1,5,0.0,0.0,0.0,1.0,0.0,0.021557272714438736,0.012311326569094545,0.0,0.28931210547268793,0.0,0.0,0.0,0.0,10.0,1.6159035237811061,11.615903523781107,0,802
JCR0770,2010-07-07,0,0,0,0,0,0,3,66179,6,3,0.0,0.0,0.0,0.0,0.0,0.38645108540338075,0.17346888019375242,1.0,0.760977946004236,0.0,0.0,0.0,0.0,0.0,11.604489558006845,11.604489558006845,0,803
NLO0131,2010-11-08,0,0,0,0,1,0,1,18644,0,0,0.0,0.0,0.0,1.0,0.0,0.24415239013859685,0.07084363301210014,0.0,0.0,0.0,0.0,0.0,0.0,10.0,1.574980115753485,11.574980115753485,0,804
RYB0718,2010-04-29,1,0,0,0,0,0,1,47283,3,1,0.0,0.0,0.0,0.0,0.0,0.26349301969610395,0.570181488582217,1.0,0.48107023544236416,0.0,0.0,0.0,0.0,0.0,11.573723718603427,11.573723718603427,0,805
AHG0634,2010-03-22,0,0,0,0,1,0,2,44121,1,1,0.0,0.0,0.0,1.0,0.0,0.1616447718240975,0.024876212728324913,0.10537974995768314,0.022413779393913914,0.0,0.0,0.0,0.0,10.0,1.5715725695200973,11.571572569520097,0,806
KVT0028,2010-10-07,1,0,0,0,0,0,8,244419,7,8,0.0,0.0,0.0,0.0,0.0,0.5289487502431546,0.5887925399369314,0.3785872522633701,0.8154922809363923,0.0,0.0,0.0,0.0,0.0,11.559104116899242,11.559104116899242,0,807
LTS0860,2010-07-15,1,0,0,0,1,0,8,247679,1,2,0.0,0.0,0.0,1.0,0.0,0.14432107063270913,0.16045179689280317,0.0,0.0,0.0,0.0,0.0,0.0,10.0,1.5238643376275613,11.523864337627561,0,808
IDO0176,2010-04-30,1,0,0,0,2,0,9,252328,0,1,0.0,0.0,0.0,1.0,0.0,0.19218088135733186,0.11225841444155693,0.0,0.0,0.0,0.0,0.0,0.0,10.0,1.522196478994444,11.522196478994443,0,809
SES0477,2010-05-17,0,0,0,0,2,0,8,184863,9,7,0.0,0.0,0.0,0.8283510207236023,0.0,0.07538666053337552,0.0,0.22215041560063797,0.3498709812259987,0.0,0.0,0.0,0.0,8.283510207236024,3.237040286800061,11.520550494036085,0,810
COF0120,2010-10-19,2,0,0,0,0,0,4,131896,7,0,1.0,0.0,0.0,0.0,0.0,0.0,0.0,0.30292344371027125,0.0,0.0,10.0,0.0,0.0,0.0,1.5146172185513562,11.514617218551356,0,811
EMW0105,2011-01-17,0,0,0,0,1,0,6,205673,0,3,0.0,0.0,0.0,1.0,0.0,0.12307699955943685,0.1732787472430773,0.0,0.0,0.0,0.0,0.0,0.0,10.0,1.4817787340125708,11.48177873401257,0,812
NUL0471,2010-02-17,1,0,0,0,0,0,1,22019,6,1,0.2441523901385969,0.0,0.0,0.0,0.0,0.21096325392232296,0.11553060320845494,1.0,0.4810702354423639,0.0,2.441523901385969,0.0,0.0,0.0,9.037820462865708,11.479344364251677,0,813
CSH0626,2010-07-22,1,1,0,0,0,0,3,89064,5,0,0.1351690670668749,0.0,0.0,0.0,0.0,0.0,0.0,0.02538486572969332,0.0,1.0,11.35169067066875,0.0,0.0,0.0,0.12692432864846662,11.478614999317218,0,814
MBG0438,2010-08-23,1,0,0,0,0,0,7,259078,8,3,0.26349301969610395,0.0,0.0,0.0,0.0,0.37205758465483124,0.49595958685944586,0.7058829057936805,0.19335101599064686,0.0,2.6349301969610397,0.0,0.0,0.0,8.836255466493022,11.471185663454062,0,815
DZC0228,2010-08-10,1,0,0,0,0,0,7,232626,3,6,0.4212227100104782,0.0,0.0,0.0,0.0,0.3197160933480968,0.43632523138827184,0.20657481915918732,0.48905410351962775,0.0,4.212227100104782,0.0,0.0,0.0,7.258351237075919,11.4705783371807,0,816
SDF0017,2010-09-21,1,0,0,0,0,0,9,328893,1,7,0.22677868380553634,0.0,0.0,0.0,0.0,0.4752225070709155,0.6904401794027334,0.0,0.6701117955548426,0.0,2.2677868380553634,0.0,0.0,0.0,9.178872410142457,11.44665924819782,0,817
LQP0508,2010-12-13,0,0,0,0,0,0,3,127388,10,2,0.0,0.0,0.0,0.0,0.0,0.44946927685272575,0.5352323195038973,1.0,0.30237157840738177,0.0,0.0,0.0,0.0,0.0,11.435365873820025,11.435365873820025,0,818
VLB0647,2010-02-23,0,0,0,0,0,0,3,77211,9,3,0.0,0.0,0.0,0.0,0.0,0.4236808875858039,0.2884443778232292,1.0,0.5706265135271928,0.0,0.0,0.0,0.0,0.0,11.413758894681129,11.413758894681129,0,819
WRM0963,2010-08-02,2,0,0,0,0,0,1,22088,0,0,1.0,0.0,0.0,0.0,0.0,0.1828348200660132,0.09952794793327539,0.0,0.0,0.0,10.0,0.0,0.0,0.0,1.411813839996443,11.411813839996443,0,820
GCC0945,2010-03-19,1,0,0,0,0,0,1,52930,2,1,0.0,0.0,0.0,0.0,0.0,0.26349301969610395,0.5316028097412223,1.0,0.48107023544236416,0.0,0.0,0.0,0.0,0.0,11.380830324398453,11.380830324398453,0,821
CSL0949,2010-09-17,1,0,0,0,1,0,1,19288,0,0,0.0,0.0,0.0,1.0,0.0,0.21096325392232296,0.06328748363980966,0.0,0.0,0.0,0.0,0.0,0.0,10.0,1.3712536878106631,11.371253687810663,0,822
MSG0839,2010-03-15,0,0,0,0,0,0,1,37733,1,1,0.0,0.0,0.0,0.0,0.0,0.34016802570830446,0.45262732961051355,1.0,0.48107023544236416,0.0,0.0,0.0,0.0,0.0,11.36932795380591,11.36932795380591,0,823
OLB0749,2010-03-19,0,0,0,0,1,0,8,211958,0,7,0.0,0.0,0.0,1.0,0.0,0.054470477940192254,0.0,0.0,0.2140176895225519,0.0,0.0,0.0,0.0,10.0,1.3424408373137209,11.34244083731372,0,824
DVW0103,2011-02-02,1,0,0,0,1,0,6,139796,0,0,0.0,0.0,0.0,1.0,0.0,0.2145495019116772,0.05253900911861238,0.0,0.0,0.0,0.0,0.0,0.0,10.0,1.335442555151448,11.335442555151449,0,825
BTL0722,2010-05-10,1,0,0,0,1,0,1,23230,0,0,0.0,0.0,0.0,1.0,0.0,0.19639610121239312,0.06876278010408496,0.0,0.0,0.0,0.0,0.0,0.0,10.0,1.3257944065823903,11.325794406582391,0,826
BAK0964,2010-03-24,1,0,0,0,0,0,1,47861,4,1,0.0,0.0,0.0,0.0,0.0,0.2853569193634026,0.5552254059542261,0.9383148632568368,0.4810702354423639,0.0,0.0,0.0,0.0,0.0,11.299837120084147,11.299837120084147,0,827
NMC0486,2010-09-13,0,0,0,0,4,0,8,270523,0,5,0.0,0.0,0.0,0.9278703552902293,0.0,0.09043718872708009,0.14997235364380404,0.0,0.15917222471247422,0.0,0.0,0.0,0.0,9.278703552902295,1.9979088354167915,11.276612388319087,0,828
CXC0336,2010-10-21,1,0,0,0,0,0,3,110096,4,3,0.0,0.0,0.0,0.0,0.0,0.35390506657530657,0.45896114558227674,0.6584134510695906,0.7833494518006404,0.0,0.0,0.0,0.0,0.0,11.273145575139074,11.273145575139074,0,829
SER0165,2010-12-17,1,0,0,0,1,0,5,159425,0,4,0.0,0.0,0.0,1.0,0.0,0.0,0.0,0.0,0.24767007429582444,0.0,0.0,0.0,0.0,10.0,1.2383503714791224,11.238350371479122,0,830
IAT0263,2010-09-01,1,0,0,0,1,0,5,164874,3,0,0.0,0.0,0.0,1.0,0.0,0.07376388420849601,0.10883362693917535,0.06107969958957497,0.0,0.0,0.0,0.0,0.0,10.0,1.2183860536862319,11.218386053686231,0,831
SAP0867,2010-07-08,1,0,0,0,2,0,9,236362,0,4,0.0,0.0,0.0,1.0,0.0,0.1862027964780363,0.05307856942550493,0.0,0.004286735058453698,0.0,0.0,0.0,0.0,10.0,1.2178405048099745,11.217840504809974,0,832
RRA0938,2010-08-24,1,0,0,0,0,0,8,321359,14,1,0.0,0.0,0.0,0.0,0.0,0.44536686939157066,0.790619288615867,1.0,0.0,0.0,0.0,0.0,0.0,0.0,11.179930790037188,11.179930790037188,0,833
CFW0264,2010-03-24,1,0,0,0,1,0,4,95668,0,4,0.0,0.0,0.0,1.0,0.0,0.0,0.0,0.0,0.23579123978271901,0.0,0.0,0.0,0.0,10.0,1.178956198913595,11.178956198913594,0,834
EIM0156,2010-06-02,1,0,0,0,0,0,8,227266,9,4,0.0,0.0,0.0,0.0,0.0,0.5609007309002121,0.4413218332896135,0.8553524271408955,0.3769297725610964,0.0,0.0,0.0,0.0,0.0,11.172523819459087,11.172523819459087,0,835
KNG0672,2010-10-18,1,0,0,0,0,0,8,196317,2,8,0.17008401285415226,0.0,0.0,0.0,0.0,0.516705067697352,0.3535030116253567,0.057447621209081645,0.965567419701468,0.0,1.7008401285415227,0.0,0.0,0.0,9.466115601166292,11.166955729707816,0,836
ARD0509,2010-06-01,0,0,0,0,0,0,3,100092,1,2,0.0,0.0,0.0,0.0,0.0,0.7081162132225001,0.6315090566228808,0.03779644730092272,0.8547043234472854,0.0,0.0,0.0,0.0,0.0,11.160630202967944,11.160630202967944,0,837
NHE0919,2010-03-02,0,0,0,0,0,0,9,282703,6,7,0.0,0.0,0.0,0.0,0.0,0.8223140249691335,0.6919941493618892,0.1426273630403364,0.5749403103585837,0.0,0.0,0.0,0.0,0.0,11.159379238649713,11.159379238649713,0,838
CCW0524,2011-04-26,0,0,0,0,1,0,2,79697,0,0,0.0,0.0,0.0,1.0,0.0,0.03207134902949097,0.19860989493960163,0.0,0.0,0.0,0.0,0.0,0.0,10.0,1.153406219845463,11.153406219845463,0,839
DSM0591,2011-02-08,0,0,0,0,1,0,1,17793,0,0,0.0,0.0,0.0,1.0,0.0,0.19639610121239312,0.03214819276292087,0.0,0.0,0.0,0.0,0.0,0.0,10.0,1.14272146987657,11.14272146987657,0,840
MBR0724,2010-03-31,1,0,0,0,1,0,1,15592,0,0,0.0,0.0,0.0,1.0,0.0,0.2109632539223229,0.015232512825613664,0.0,0.0,0.0,0.0,0.0,0.0,10.0,1.1309788337396829,11.130978833739682,0,841
MCS0035,2011-04-26,1,0,0,0,1,0,7,237845,0,3,0.0,0.0,0.0,1.0,0.0,0.05774136376750758,0.16729225100606,0.0,0.0,0.0,0.0,0.0,0.0,10.0,1.1251680738678378,11.125168073867838,0,842
VEB0935,2011-04-26,1,0,0,0,1,0,5,131406,0,3,0.0,0.0,0.0,1.0,0.0,0.09071147352221459,0.001005107975732086,0.0,0.1327749915752929,0.0,0.0,0.0,0.0,10.0,1.122457865366198,11.122457865366197,0,843
MAE0331,2010-07-07,1,0,0,0,0,0,3,80747,7,2,0.0,0.0,0.0,0.0,0.0,0.3823158557185858,0.25242184997694694,1.0,0.5880776743675862,0.0,0.0,0.0,0.0,0.0,11.114076900315595,11.114076900315595,0,844
ARB0834,2010-02-19,0,0,0,0,0,0,1,43655,5,1,0.0,0.0,0.0,0.0,0.0,0.26349301969610395,0.5375504400789137,1.0,0.4212227100104782,0.0,0.0,0.0,0.0,0.0,11.11133084892748,11.11133084892748,0,845
HCW0419,2011-01-31,1,0,0,0,0,0,8,226178,6,5,0.31052950170405935,0.0,0.0,0.0,0.0,0.5069517662556222,0.3892787080322556,0.26956847617095225,0.43334031257114053,0.0,3.1052950170405937,0.0,0.0,0.0,7.995696315149854,11.100991332190448,0,846
KBL0260,2010-10-29,1,0,0,0,1,0,4,116652,0,4,0.0,0.0,0.0,1.0,0.0,0.0,0.0,0.0,0.2154554539378823,0.0,0.0,0.0,0.0,10.0,1.0772772696894115,11.07727726968941,0,847
ZJS0269,2010-12-14,1,0,0,0,0,0,9,273583,0,8,0.0,0.0,0.0,0.0,0.0,0.6311484065771563,0.6135159856456815,0.0,0.9706557339876486,0.0,0.0,0.0,0.0,0.0,11.076600631052433,11.076600631052433,0,848
ARL0034,2010-12-29,1,0,0,0,0,0,12,409604,7,9,0.0,0.0,0.0,0.0,0.0,0.46619911508585304,0.563923809924135,0.5507366030626434,0.6340721283392877,0.0,0.0,0.0,0.0,0.0,11.074658282059596,11.074658282059596,0,849
MAH0864,2010-07-19,1,0,0,0,2,0,10,280162,0,1,0.0,0.0,0.0,0.9340155743710602,0.0,0.211287518989491,0.1262960682219976,0.0,0.0,0.0,0.0,0.0,0.0,9.340155743710604,1.6879179360574432,11.028073679768047,0,850
CUD0795,2010-08-31,0,0,0,0,0,0,9,261634,10,6,0.0,0.0,0.0,0.0,0.0,0.6236413804652249,0.6554156746060734,0.2980274005634748,0.6260873455849617,0.0,0.0,0.0,0.0,0.0,11.015859006098674,11.015859006098674,0,851
IMP0530,2011-04-13,0,0,0,0,0,0,3,115436,2,2,0.0,0.0,0.0,0.0,0.0,0.3552866046286736,0.49904837094560806,0.9340155743710566,0.40652128768868223,0.0,0.0,0.0,0.0,0.0,10.974359188170103,10.974359188170103,0,852
ADD0846,2011-04-07,0,0,0,0,0,0,1,37050,5,1,0.0,0.0,0.0,0.0,0.0,0.31052950170405935,0.4595102659737916,1.0,0.4212227100104783,0.0,0.0,0.0,0.0,0.0,10.956312388441647,10.956312388441647,0,853
HOB0994,2010-03-24,0,0,0,0,0,0,7,175791,9,6,0.0,0.0,0.0,0.0,0.0,0.4270836433724009,0.25125053225542815,1.0,0.5109998817229601,0.0,0.0,0.0,0.0,0.0,10.946670286753946,10.946670286753946,0,854
HGN0287,2010-09-16,0,0,0,0,0,0,8,247897,16,4,0.0,0.0,0.0,0.0,0.0,0.45544326916595396,0.3851161430256695,1.0,0.34412988324234856,0.0,0.0,0.0,0.0,0.0,10.923446477169861,10.923446477169861,0,855
NMB0972,2010-06-24,1,0,0,0,0,0,1,50360,1,1,0.0,0.0,0.0,0.0,0.0,0.2441523901385969,0.5640621020503396,1.0,0.37606990231680526,0.0,0.0,0.0,0.0,0.0,10.921421972528709,10.921421972528709,0,856
KAT0270,2011-02-18,1,0,0,0,1,0,4,133537,6,1,0.0,0.0,0.0,1.0,0.0,0.0,0.01674548032937214,0.16751092896462333,0.0,0.0,0.0,0.0,0.0,10.0,0.9212820464699774,10.921282046469978,0,857
AKF0709,2010-03-18,1,0,0,0,1,0,1,20058,0,0,0.0,0.0,0.0,1.0,0.0,0.15798095832497447,0.025266997103002148,0.0,0.0,0.0,0.0,0.0,0.0,10.0,0.9162397771398831,10.916239777139882,0,858
BTS0011,2011-03-23,1,0,0,0,0,0,14,459595,6,13,0.0,0.0,0.0,0.0,0.0,0.5118339828245346,0.6244576413396875,0.11753277623017377,0.9260923597695483,0.0,0.0,0.0,0.0,0.0,10.899583800819721,10.899583800819721,0,859
AOB0019,2011-04-20,1,0,0,0,0,0,9,318952,2,9,0.22677868380553629,0.0,0.0,0.0,0.0,0.36189812535011506,0.48121466143581315,0.10142906564998869,0.7770829144656066,0.0,2.267786838055363,0.0,0.0,0.0,8.608123834507618,10.87591067256298,0,860
TEM0093,2010-07-06,1,0,0,0,0,0,6,213610,8,6,0.0,0.0,0.0,0.0,0.0,0.2828724212833218,0.4042218054017246,1.0,0.48177304112817987,0.0,0.0,0.0,0.0,0.0,10.844336339066132,10.844336339066132,0,861
NRO0768,2011-01-12,0,0,0,0,0,0,3,121252,3,1,0.0,0.0,0.0,0.0,0.0,0.43234601527373506,0.7092031083886947,0.9396664157949752,0.07745966692414832,0.0,0.0,0.0,0.0,0.0,10.793376031907767,10.793376031907767,0,862
JCR0289,2010-11-17,0,0,0,0,0,0,1,48104,1,1,0.0,0.0,0.0,0.0,0.0,0.2267786838055364,0.5039809130527843,0.7081162132224993,0.7081162132224987,0.0,0.0,0.0,0.0,0.0,10.734960116516593,10.734960116516593,0,863
HCC0344,2010-09-29,1,0,0,0,0,0,3,81781,7,2,0.0,0.0,0.0,0.0,0.0,0.44946927685272575,0.3391167123630889,1.0,0.3544369810980494,0.0,0.0,0.0,0.0,0.0,10.71511485156932,10.71511485156932,0,864
KPP0452,2011-03-18,1,0,0,0,0,0,1,38862,1,0,0.22677868380553634,0.0,0.0,0.0,0.0,0.26349301969610395,0.42475442321716333,1.0,0.0,0.0,2.2677868380553634,0.0,0.0,0.0,8.441237214566337,10.7090240526217,0,865
RFP0380,2011-05-11,1,0,0,0,0,0,7,282772,2,5,0.1828348200660132,0.0,0.0,0.0,0.0,0.47817642930444293,0.7851450887879452,0.043511865466943946,0.4690630242561718,0.0,1.8283482006601322,0.0,0.0,0.0,8.87948203907752,10.707830239737651,0,866
FRR0832,2010-02-22,0,0,0,0,0,0,1,45102,3,1,0.0,0.0,0.0,0.0,0.0,0.2441523901385969,0.5561604169096683,1.0,0.3401680257083045,0.0,0.0,0.0,0.0,0.0,10.70240416378285,10.70240416378285,0,867
GTD0116,2010-09-13,0,0,0,0,1,0,7,219256,0,2,0.0,0.0,0.0,1.0,0.0,0.05799289898947614,0.07446578152708995,0.0,0.0,0.0,0.0,0.0,0.0,10.0,0.6622934025828305,10.662293402582831,0,868
DAG0558,2010-08-20,0,0,0,0,0,0,7,302763,5,6,0.0,0.0,0.0,0.0,0.0,0.2777460299317653,0.5472255597252222,0.8662624356144724,0.4323460152737352,0.0,0.0,0.0,0.0,0.0,10.617900202725975,10.617900202725975,0,869
YJF0532,2010-08-03,0,0,0,0,0,0,3,92127,1,3,0.0,0.0,0.0,0.0,0.0,0.434652767380263,0.5489722736456277,0.12159201918194229,1.0,0.0,0.0,0.0,0.0,0.0,10.526085301039165,10.526085301039165,0,870
IWM0816,2010-03-22,0,0,0,0,0,0,8,297102,1,6,0.0,0.0,0.0,0.0,0.0,0.5224124017711385,0.8307333566257504,0.0,0.7432412746932131,0.0,0.0,0.0,0.0,0.0,10.48193516545051,10.48193516545051,0,871
BXJ0010,2010-06-11,1,0,0,0,0,0,14,361434,0,13,0.2853569193634026,0.0,0.0,0.0,0.0,0.4202127865984634,0.27050595645504316,0.0,0.8343358626047461,0.0,2.8535691936340255,0.0,0.0,0.0,7.625273028291263,10.478842221925287,0,872
SCB0534,2010-06-16,0,0,0,0,1,0,1,23948,0,1,0.0,0.0,0.0,1.0,0.0,0.0,0.0,0.0,0.0889358425315647,0.0,0.0,0.0,0.0,10.0,0.44467921265782345,10.444679212657823,0,873
CMS0454,2010-03-10,1,0,0,0,0,0,1,28782,4,0,0.26349301969610395,0.0,0.0,0.0,0.0,0.2441523901385969,0.3155026288702468,1.0,0.0,0.0,2.6349301969610397,0.0,0.0,0.0,7.798275095044219,10.433205292005258,0,874
AMH0794,2010-03-04,0,0,0,0,1,0,5,114441,0,1,0.0,0.0,0.0,1.0,0.0,0.08304592055242128,0.0,0.0,0.0,0.0,0.0,0.0,0.0,10.0,0.4152296027621064,10.415229602762107,0,875
BSS0463,2011-01-04,0,0,0,0,0,0,1,51412,4,1,0.0,0.0,0.0,0.0,0.0,0.21096325392232296,0.5071671717637026,0.8818773390874804,0.4810702354423639,0.0,0.0,0.0,0.0,0.0,10.40539000107935,10.40539000107935,0,876
JRF0835,2010-06-03,0,0,0,0,0,0,1,22978,5,1,0.0,0.0,0.0,0.0,0.0,0.3105295017040594,0.28630124780745775,1.0,0.481070235442364,0.0,0.0,0.0,0.0,0.0,10.389504924769406,10.389504924769406,0,877
KDT0346,2011-03-15,1,0,0,0,1,0,1,12466,0,1,0.0,0.0,0.0,1.0,0.0,0.0,0.0,0.0,0.07490253407188312,0.0,0.0,0.0,0.0,10.0,0.3745126703594156,10.374512670359415,0,878
KSH0569,2011-02-03,0,0,0,0,0,0,7,217531,22,5,0.0,0.0,0.0,0.0,0.0,0.3083832747361841,0.3915286442030683,0.923102500592966,0.4494322185737496,0.0,0.0,0.0,0.0,0.0,10.36223319052984,10.36223319052984,0,879
CBG0490,2010-08-06,0,0,0,0,2,0,9,270853,6,5,0.0,0.0,0.0,0.48198345433835466,0.0,0.25969817016440444,0.30962110568585544,0.3493729852478238,0.18334421159660527,0.0,0.0,0.0,0.0,4.819834543383547,5.5101823634734455,10.330016906856994,0,880
HTF0641,2011-01-05,0,0,0,0,0,0,3,73731,7,3,0.0,0.0,0.0,0.0,0.0,0.38231585571858584,0.2381694785332133,0.7895834308338566,0.6547795535416968,0.0,0.0,0.0,0.0,0.0,10.324241593136762,10.324241593136762,0,881
KJA0152,2010-12-22,0,0,0,0,1,0,5,153876,0,3,0.0,0.0,0.0,1.0,0.0,0.0,0.0,0.0,0.054229685257845626,0.0,0.0,0.0,0.0,10.0,0.27114842628922814,10.271148426289228,0,882
KRL0062,2010-10-21,1,0,0,0,1,0,6,145171,0,2,0.0,0.0,0.0,1.0,0.0,0.047889834969816907,0.0,0.0,0.0,0.0,0.0,0.0,0.0,10.0,0.23944917484908457,10.239449174849085,0,883
MIB0904,2010-12-03,0,0,0,0,0,0,3,100068,10,2,0.0,0.0,0.0,0.0,0.0,0.3250418033315771,0.4277459174171117,0.8914207858907298,0.4000615716158499,0.0,0.0,0.0,0.0,0.0,10.221350391276342,10.221350391276342,0,884
ZSB0649,2010-05-20,0,0,0,0,0,0,3,111457,5,2,0.0,0.0,0.0,0.0,0.0,0.38231585571858584,0.5602684992363448,0.496794148156653,0.6047613279106592,0.0,0.0,0.0,0.0,0.0,10.220699155111214,10.220699155111214,0,885
CJV0286,2010-03-25,0,0,0,0,1,0,1,31901,0,1,0.0,0.0,0.0,1.0,0.0,0.0,0.0,0.0,0.04051342229457095,0.0,0.0,0.0,0.0,10.0,0.20256711147285475,10.202567111472854,0,886
BVN0514,2010-02-19,0,0,0,0,0,0,2,85377,5,2,0.0,0.0,0.0,0.0,0.0,0.12159201918194215,0.3245109903576395,1.0,0.5891883036371793,0.0,0.0,0.0,0.0,0.0,10.176456565883804,10.176456565883804,0,887
CLH0703,2011-02-04,1,0,0,0,0,0,1,39266,1,1,0.0,0.0,0.0,0.0,0.0,0.2441523901385969,0.3694300689356299,1.0,0.4212227100104783,0.0,0.0,0.0,0.0,0.0,10.174025845423525,10.174025845423525,0,888
JGM0934,2010-05-27,1,0,0,0,0,0,8,292344,8,7,0.0,0.0,0.0,0.0,0.0,0.46767965784784576,0.6001771322548759,0.37894918455124027,0.5848076606885376,0.0,0.0,0.0,0.0,0.0,10.158068176712497,10.158068176712497,0,889
VMJ0147,2010-03-11,0,0,0,0,1,0,6,208935,1,1,0.0,0.0,0.0,1.0,0.0,0.0,0.030793803977957345,0.0,0.0,0.0,0.0,0.0,0.0,10.0,0.15396901988978673,10.153969019889786,0,890
PIS0522,2011-02-15,0,0,0,0,0,0,3,101622,13,1,0.0,0.0,0.0,0.0,0.0,0.4539206495016014,0.5106295664383891,1.0,0.06245383527799535,0.0,0.0,0.0,0.0,0.0,10.13502025608993,10.13502025608993,0,891
JZD0888,2011-03-02,0,0,0,0,0,0,3,95031,0,3,0.0,0.0,0.0,0.0,0.0,0.5266744898294213,0.5504690401012262,0.0,0.9460379978956809,0.0,0.0,0.0,0.0,0.0,10.115907639131642,10.115907639131642,0,892
IEB0153,2010-11-01,0,0,0,0,0,0,4,151066,7,4,0.0,0.0,0.0,0.0,0.0,0.29981114256862934,0.3993093889749685,0.9120725478944115,0.4090975126035382,0.0,0.0,0.0,0.0,0.0,10.101452960207737,10.101452960207737,0,893
ASV0946,2010-04-06,1,0,0,0,0,0,1,29526,4,1,0.0,0.0,0.0,0.0,0.0,0.24415239013859685,0.29111084038807045,1.0,0.48107023544236416,0.0,0.0,0.0,0.0,0.0,10.081667329845157,10.081667329845157,0,894
UCH0519,2010-04-22,0,0,0,0,0,0,3,115965,2,1,0.0,0.0,0.0,0.0,0.0,0.4378802695198571,0.5934471478672407,0.8283510207236026,0.15406577730392873,0.0,0.0,0.0,0.0,0.0,10.068721077073146,10.068721077073146,0,895
RDM0150,2010-06-08,0,0,0,0,0,0,4,126739,6,4,0.0,0.0,0.0,0.0,0.0,0.2476700742958245,0.265755567792011,1.0,0.49746173258751,0.0,0.0,0.0,0.0,0.0,10.054436873376728,10.054436873376728,0,896
ARB0881,2011-02-11,0,0,0,0,0,0,3,109747,4,3,0.0,0.0,0.0,0.0,0.0,0.30400439213681174,0.44331287478380654,0.8678268759855335,0.3931172270583273,0.0,0.0,0.0,0.0,0.0,10.041306849822396,10.041306849822396,0,897
LJB0826,2010-03-22,0,0,0,0,0,0,1,32734,1,1,0.0,0.0,0.0,0.0,0.0,0.26349301969610395,0.2573335633294437,1.0,0.4810702354423639,0.0,0.0,0.0,0.0,0.0,10.009484092339557,10.009484092339557,0,898
ABM0845,2010-09-07,1,0,0,0,0,0,0,0,0,0,1.0,0.0,0.0,0.0,0.0,0.0,0.0,0.0,0.0,0.0,10.0,0.0,0.0,0.0,0.0,10.0,0,899
CKP0721,2010-10-20,1,0,0,0,1,0,0,0,0,0,0.0,0.0,0.0,1.0,0.0,0.0,0.0,0.0,0.0,0.0,0.0,0.0,0.0,10.0,0.0,10.0,0,899
DDM0579,2010-09-15,0,0,0,0,1,0,0,0,0,0,0.0,0.0,0.0,1.0,0.0,0.0,0.0,0.0,0.0,0.0,0.0,0.0,0.0,10.0,0.0,10.0,0,899
ELT0769,2010-08-10,0,0,0,0,1,0,1,28786,0,0,0.0,0.0,0.0,1.0,0.0,0.0,0.0,0.0,0.0,0.0,0.0,0.0,0.0,10.0,0.0,10.0,0,899
HKF0831,2010-07-13,0,0,0,0,1,0,0,0,0,0,0.0,0.0,0.0,1.0,0.0,0.0,0.0,0.0,0.0,0.0,0.0,0.0,0.0,10.0,0.0,10.0,0,899
KBC0054,2010-11-29,0,0,0,0,1,0,3,79550,0,0,0.0,0.0,0.0,1.0,0.0,0.0,0.0,0.0,0.0,0.0,0.0,0.0,0.0,10.0,0.0,10.0,0,899
KLM0639,2011-04-20,0,0,0,0,1,0,0,0,0,0,0.0,0.0,0.0,1.0,0.0,0.0,0.0,0.0,0.0,0.0,0.0,0.0,0.0,10.0,0.0,10.0,0,899
LHB0967,2011-01-19,1,0,0,0,1,0,0,0,0,0,0.0,0.0,0.0,1.0,0.0,0.0,0.0,0.0,0.0,0.0,0.0,0.0,0.0,10.0,0.0,10.0,0,899
MNR0829,2011-04-21,0,0,0,0,1,0,0,0,0,0,0.0,0.0,0.0,1.0,0.0,0.0,0.0,0.0,0.0,0.0,0.0,0.0,0.0,10.0,0.0,10.0,0,899
TRK0914,2011-04-05,0,0,0,0,1,0,3,98949,0,1,0.0,0.0,0.0,1.0,0.0,0.0,0.0,0.0,0.0,0.0,0.0,0.0,0.0,10.0,0.0,10.0,0,899
YJV0699,2010-12-20,1,0,0,0,1,0,0,0,0,0,0.0,0.0,0.0,1.0,0.0,0.0,0.0,0.0,0.0,0.0,0.0,0.0,0.0,10.0,0.0,10.0,0,899
SAH0599,2011-04-19,0,0,0,0,0,0,1,44860,3,1,0.0,0.0,0.0,0.0,0.0,0.2441523901385969,0.4278977066215619,1.0,0.3105295017040594,0.0,0.0,0.0,0.0,0.0,9.912897992321092,9.912897992321092,0,910
TIW0299,2010-10-01,0,0,0,0,0,0,1,38648,8,1,0.0,0.0,0.0,0.0,0.0,0.21096325392232296,0.2012714219460512,1.0,0.5669467095138411,0.0,0.0,0.0,0.0,0.0,9.895906926911078,9.895906926911078,0,911
MAH0149,2010-03-15,0,0,0,0,0,0,9,276329,16,5,0.0,0.0,0.0,0.0,0.0,0.4125668281111417,0.3883467441039298,0.9603194918656965,0.21387931387176193,0.0,0.0,0.0,0.0,0.0,9.875561889762649,9.875561889762649,0,912
JML0909,2011-01-20,0,0,0,0,0,0,3,97731,1,3,0.0,0.0,0.0,0.0,0.0,0.5440053729191051,0.5733526802484834,0.0,0.8553524271408965,0.0,0.0,0.0,0.0,0.0,9.863552401542426,9.863552401542426,0,913
NCK0421,2010-06-10,1,0,0,0,0,0,8,265634,0,7,0.15798095832497447,0.0,0.0,0.0,0.0,0.4658115615712582,0.5670673453066952,0.0,0.6192474516540442,0.0,1.5798095832497447,0.0,0.0,0.0,8.260631792659987,9.840441375909732,0,914
LCD0622,2010-02-18,1,0,0,0,0,0,13,421962,0,5,0.22677868380553629,0.0,0.0,0.0,0.0,0.6302885531276725,0.6479584295342693,0.0,0.2352068607618864,0.0,2.267786838055363,0.0,0.0,0.0,7.567269217119142,9.835056055174505,0,915
GJD0298,2010-07-26,0,0,0,0,0,0,1,39656,6,1,0.0,0.0,0.0,0.0,0.0,0.2109632539223229,0.3746176798523429,1.0,0.37606990231680537,0.0,0.0,0.0,0.0,0.0,9.808254180457356,9.808254180457356,0,916
AAS0442,2010-03-08,1,0,0,0,0,0,3,90727,0,3,0.26349301969610395,0.0,0.0,0.0,0.0,0.39775398482670243,0.3919143639694982,0.0,0.6448907015713019,0.0,2.6349301969610397,0.0,0.0,0.0,7.172795251837513,9.807725448798553,0,917
SLP0762,2011-02-25,0,0,0,0,0,0,3,91857,4,3,0.0,0.0,0.0,0.0,0.0,0.4125668281111417,0.37351349431018543,0.6035026567252818,0.5669467095138411,0.0,0.0,0.0,0.0,0.0,9.782648443302252,9.782648443302252,0,918
TDJ0998,2010-02-15,0,0,0,0,0,0,8,198563,8,5,0.0,0.0,0.0,0.0,0.0,0.4194049677360403,0.2010997861738336,0.7279077029817381,0.5976470497593925,0.0,0.0,0.0,0.0,0.0,9.730297533255023,9.730297533255023,0,919
SJW0451,2010-10-05,1,0,0,0,0,0,1,57973,0,1,0.2109632539223229,0.0,0.0,0.0,0.0,0.2441523901385969,0.5668660758285966,0.0,0.708116213222499,0.0,2.109632539223229,0.0,0.0,0.0,7.595673395948463,9.705305935171692,0,920
RDM0115,2011-03-07,1,0,0,0,0,0,11,363827,6,3,0.0,0.0,0.0,0.0,0.0,0.7169117243832503,0.9229921198640753,0.21570361116208048,0.08211733521770388,0.0,0.0,0.0,0.0,0.0,9.68862395313555,9.68862395313555,0,921
DEB0782,2010-06-22,0,0,0,0,0,0,3,117685,2,3,0.0,0.0,0.0,0.0,0.0,0.36648318837400296,0.5215614015642847,0.1899806346333212,0.8553524271408962,0.0,0.0,0.0,0.0,0.0,9.666888258562526,9.666888258562526,0,922
MIM0712,2010-04-07,1,0,0,0,0,0,1,27778,3,1,0.0,0.0,0.0,0.0,0.0,0.19639610121239312,0.15496098233901254,1.0,0.566946709513841,0.0,0.0,0.0,0.0,0.0,9.591518965326234,9.591518965326234,0,923
ATF0274,2010-11-16,1,0,0,0,0,0,8,245488,9,6,0.0,0.0,0.0,0.0,0.0,0.49543558975695967,0.49299000922296327,0.4389132739134854,0.4881684613159467,0.0,0.0,0.0,0.0,0.0,9.577536671046776,9.577536671046776,0,924
TCD0009,2010-11-18,0,0,0,0,0,0,7,223779,11,7,0.0,0.0,0.0,0.0,0.0,0.2016212835032222,0.22171495221223897,0.889976398076403,0.5891539736558753,0.0,0.0,0.0,0.0,0.0,9.5123330372387,9.5123330372387,0,925
BJH0354,2010-08-02,0,0,0,0,0,0,11,317552,0,9,0.0,0.0,0.0,0.0,0.0,0.46845638550113106,0.43344488545748766,0.0,1.0,0.0,0.0,0.0,0.0,0.0,9.509506354793094,9.509506354793094,0,926
RKF0164,2010-07-22,1,0,0,0,0,0,7,307320,1,5,0.0,0.0,0.0,0.0,0.0,0.49318343030953804,1.0,0.0,0.4082016308499665,0.0,0.0,0.0,0.0,0.0,9.506925305797523,9.506925305797523,0,927
DJS0682,2010-06-16,0,0,0,0,0,0,8,243125,0,7,0.0,0.0,0.0,0.0,0.0,0.6343040698900984,0.6481866228335882,0.0,0.6138511112747025,0.0,0.0,0.0,0.0,0.0,9.481709019991946,9.481709019991946,0,928
NKH0807,2010-04-28,0,0,0,0,0,0,8,239732,2,5,0.0,0.0,0.0,0.0,0.0,0.5422080293008651,0.5736567539538758,0.10310821942873934,0.6677372356496346,0.0,0.0,0.0,0.0,0.0,9.433551191665575,9.433551191665575,0,929
PTH0830,2010-09-17,0,0,0,0,0,0,1,35744,1,1,0.0,0.0,0.0,0.0,0.0,0.2267786838055364,0.30842778715245217,1.0,0.34016802570830446,0.0,0.0,0.0,0.0,0.0,9.376872483331466,9.376872483331466,0,930
ONL0276,2010-03-30,1,0,0,0,0,0,8,236753,4,6,0.0,0.0,0.0,0.0,0.0,0.4512510657141463,0.4239290696822001,0.45281628167546123,0.5395593681826709,0.0,0.0,0.0,0.0,0.0,9.337778926272394,9.337778926272394,0,931
BNR0965,2010-07-22,1,0,0,0,0,0,1,24566,3,1,0.0,0.0,0.0,0.0,0.0,0.2441523901385969,0.24589694147230898,1.0,0.37606990231680526,0.0,0.0,0.0,0.0,0.0,9.330596169638556,9.330596169638556,0,932
AAL0706,2010-10-01,1,0,0,0,0,0,1,42859,3,1,0.0,0.0,0.0,0.0,0.0,0.21096325392232296,0.27586881683337633,1.0,0.37606990231680526,0.0,0.0,0.0,0.0,0.0,9.314509865362522,9.314509865362522,0,933
SNS0129,2011-02-09,1,0,0,0,0,0,9,310056,8,7,0.0,0.0,0.0,0.0,0.0,0.354798908534468,0.4873034990774635,0.4892524274217984,0.5294853595003512,0.0,0.0,0.0,0.0,0.0,9.304200972670406,9.304200972670406,0,934
ALB0892,2010-08-09,0,0,0,0,0,0,3,103486,1,1,0.0,0.0,0.0,0.0,0.0,0.37329297686010693,0.49191391399646056,0.7081162132225016,0.2853569193634026,0.0,0.0,0.0,0.0,0.0,9.293400117212357,9.293400117212357,0,935
JOL0024,2010-12-14,1,0,0,0,0,0,9,329339,0,8,0.0,0.0,0.0,0.0,0.0,0.5125198254005123,0.6523093430705791,0.0,0.6917466604742515,0.0,0.0,0.0,0.0,0.0,9.282879144726715,9.282879144726715,0,936
HWH0646,2010-09-17,0,0,0,0,0,0,3,95368,4,3,0.0,0.0,0.0,0.0,0.0,0.4346527673802627,0.44221847788936824,0.43668122439840734,0.5380120729235727,0.0,0.0,0.0,0.0,0.0,9.257822712958056,9.257822712958056,0,937
TET0621,2010-08-09,1,0,0,0,0,0,10,311742,8,8,0.2853569193634027,0.0,0.0,0.0,0.0,0.3268228676411523,0.2689189787228926,0.11271550764720983,0.5689431324517458,0.0,2.8535691936340273,0.0,0.0,0.0,6.387002432315003,9.24057162594903,0,938
GNZ0953,2010-10-04,1,0,0,0,0,0,1,42926,5,1,0.0,0.0,0.0,0.0,0.0,0.19639610121239312,0.3929562555918765,0.9637925139382997,0.2853569193634026,0.0,0.0,0.0,0.0,0.0,9.19250895052986,9.19250895052986,0,939
TJB0302,2010-07-30,0,0,0,0,0,0,1,31945,1,1,0.0,0.0,0.0,0.0,0.0,0.1828348200660132,0.23039288950415332,1.0,0.4212227100104783,0.0,0.0,0.0,0.0,0.0,9.172252097903225,9.172252097903225,0,940
RNF0765,2011-02-10,0,0,0,0,0,0,3,110638,0,3,0.0,0.0,0.0,0.0,0.0,0.38748465892504136,0.4438570205778632,0.0,1.0,0.0,0.0,0.0,0.0,0.0,9.156708397514524,9.156708397514524,0,941
LDD0560,2010-02-05,1,0,0,0,0,0,6,168650,1,3,0.708116213222499,0.0,0.0,0.0,0.0,0.11617659259299415,0.06580862178081959,0.0,0.2216654637014936,0.0,7.08116213222499,0.0,0.0,0.0,2.018253390376537,9.099415522601527,0,942
FRL0511,2010-07-01,0,0,0,0,0,0,3,65514,8,2,0.0,0.0,0.0,0.0,0.0,0.34543206028201356,0.232143921037569,1.0,0.2397110826931403,0.0,0.0,0.0,0.0,0.0,9.086435320063616,9.086435320063616,0,943
BYP0070,2010-09-14,1,0,0,0,0,0,6,212670,0,6,0.2853569193634026,0.0,0.0,0.0,0.0,0.18627921755594584,0.29732413556770243,0.0,0.7506066910335115,0.0,2.8535691936340255,0.0,0.0,0.0,6.1710502207858,9.024619414419824,0,944
OQH0183,2011-04-15,1,0,0,0,0,0,3,105093,1,3,0.0,0.0,0.0,0.0,0.0,0.4024922359499626,0.514271779883995,0.10746316535266096,0.7588448672550367,0.0,0.0,0.0,0.0,0.0,8.915360242208278,8.915360242208278,0,945
CAM0102,2010-04-20,1,0,0,0,0,0,7,220268,0,7,0.0,0.0,0.0,0.0,0.0,0.39144600114255035,0.40613380644957686,0.0,0.9669875568304566,0.0,0.0,0.0,0.0,0.0,8.82283682211292,8.82283682211292,0,946
RMS0266,2010-11-24,1,0,0,0,0,0,8,260996,0,6,0.0,0.0,0.0,0.0,0.0,0.5483916340197001,0.6805910371295115,0.0,0.5275064964554197,0.0,0.0,0.0,0.0,0.0,8.782445838023156,8.782445838023156,0,947
DKB0631,2011-03-30,0,0,0,0,0,0,3,110663,2,2,0.0,0.0,0.0,0.0,0.0,0.408561052549471,0.4412022582291108,0.4359377365114219,0.47000967108038394,0.0,0.0,0.0,0.0,0.0,8.778553591851939,8.778553591851939,0,948
ZMC0284,2011-01-11,0,0,0,0,0,0,9,269809,3,6,0.0,0.0,0.0,0.0,0.0,0.5806895464183549,0.45093183036144346,0.05020599861570446,0.6736244711280401,0.0,0.0,0.0,0.0,0.0,8.777259232617714,8.777259232617714,0,949
MSD0939,2010-10-13,1,0,0,0,0,0,8,219370,1,8,0.0,0.0,0.0,0.0,0.0,0.3980758912142076,0.337673167868623,0.0356034497458156,0.982061268786546,0.0,0.0,0.0,0.0,0.0,8.767068888075961,8.767068888075961,0,950
HAC0282,2011-04-27,0,0,0,0,0,0,8,243314,1,5,0.0,0.0,0.0,0.0,0.0,0.5820463632898438,0.6128441498134611,0.0,0.5574309560199101,0.0,0.0,0.0,0.0,0.0,8.761607345616076,8.761607345616076,0,951
FLM0213,2010-03-31,1,0,0,0,0,0,11,343451,7,7,0.0,0.0,0.0,0.0,0.0,0.45640782967358506,0.44375745850165577,0.3597336292643052,0.47000967108038416,0.0,0.0,0.0,0.0,0.0,8.649542942599652,8.649542942599652,0,952
OMS0101,2010-08-06,1,0,0,0,0,0,7,257475,3,7,0.0,0.0,0.0,0.0,0.0,0.35904763255676,0.5288482500441676,0.3286335345030994,0.5130986762386083,0.0,0.0,0.0,0.0,0.0,8.648140466713176,8.648140466713176,0,953
CMW0783,2010-07-07,0,0,0,0,0,0,3,125242,0,3,0.0,0.0,0.0,0.0,0.0,0.4494152044312987,0.6224821315772461,0.0,0.6547795535416966,0.0,0.0,0.0,0.0,0.0,8.633384447751208,8.633384447751208,0,954
MCT0720,2010-08-10,1,0,0,0,0,0,1,70434,0,1,0.0,0.0,0.0,0.0,0.0,0.2853569193634024,0.9897194033581324,0.0,0.4212227100104783,0.0,0.0,0.0,0.0,0.0,8.481495163660066,8.481495163660066,0,955
FPC0954,2011-01-25,1,0,0,0,0,0,1,68495,0,1,0.0,0.0,0.0,0.0,0.0,0.22677868380553634,0.7586462477807235,0.0,0.708116213222499,0.0,0.0,0.0,0.0,0.0,8.467705724043794,8.467705724043794,0,956
ETR0177,2010-02-16,0,0,0,0,0,0,8,245619,0,7,0.0,0.0,0.0,0.0,0.0,0.4072192878667077,0.43260624309053747,0.0,0.8520563361656318,0.0,0.0,0.0,0.0,0.0,8.459409335614385,8.459409335614385,0,957
SGG0787,2011-01-10,0,0,0,0,0,0,11,330995,16,4,0.0,0.0,0.0,0.0,0.0,0.37933656464619514,0.3364627771698263,0.8792258580316862,0.09428596064036533,0.0,0.0,0.0,0.0,0.0,8.446555802440365,8.446555802440365,0,958
CLS0296,2011-02-02,0,0,0,0,0,0,1,24220,0,1,0.0,0.0,0.0,0.0,0.0,0.37606990231680537,0.3120342653451594,0.0,1.0,0.0,0.0,0.0,0.0,0.0,8.440520838309824,8.440520838309824,0,959
LDM0587,2010-11-23,0,0,0,0,0,0,1,23160,6,1,0.0,0.0,0.0,0.0,0.0,0.26349301969610395,0.11287188870367426,1.0,0.31052950170405935,0.0,0.0,0.0,0.0,0.0,8.434472050519188,8.434472050519188,0,960
MOP0763,2010-06-03,0,0,0,0,0,0,3,105631,0,3,0.0,0.0,0.0,0.0,0.0,0.35758485369623105,0.558926407596388,0.0,0.7609779460042356,0.0,0.0,0.0,0.0,0.0,8.387446036484274,8.387446036484274,0,961
CRD0624,2010-03-03,0,0,0,0,1,0,9,277263,3,8,0.0,0.0,0.0,0.42122271001047834,0.0,0.16505227483185608,0.1925749644056876,0.11469475671557579,0.3596390620625491,0.0,0.0,0.0,0.0,4.2122271001047835,4.159805290078343,8.372032390183126,0,962
DHM0937,2010-03-29,1,0,0,0,0,0,7,295544,7,3,0.0,0.0,0.0,0.0,0.0,0.35987225737370576,0.6656542047757326,0.4914481642802648,0.1439186609690029,0.0,0.0,0.0,0.0,0.0,8.30446643699353,8.30446643699353,0,963
MAW0166,2010-04-13,1,0,0,0,0,0,12,331638,0,7,0.0,0.0,0.0,0.0,0.0,0.5457524014862751,0.4021550057157913,0.0,0.6850061674739525,0.0,0.0,0.0,0.0,0.0,8.164567873380097,8.164567873380097,0,964
POB0343,2010-09-15,1,0,0,0,0,0,3,77740,0,3,0.0,0.0,0.0,0.0,0.0,0.4810702354423638,0.2931567568725073,0.0,0.8480392130747507,0.0,0.0,0.0,0.0,0.0,8.11133102694811,8.11133102694811,0,965
GTD0898,2010-04-30,0,0,0,0,0,0,3,131888,0,3,0.0,0.0,0.0,0.0,0.0,0.3658390492864155,0.6058582025278421,0.0,0.6448907015713019,0.0,0.0,0.0,0.0,0.0,8.082939766927796,8.082939766927796,0,966
EMB0531,2010-09-03,0,0,0,0,0,0,3,113253,5,1,0.0,0.0,0.0,0.0,0.0,0.31942045926594964,0.5806514565497622,0.6251609087187212,0.07490253407188315,0.0,0.0,0.0,0.0,0.0,8.000676793031582,8.000676793031582,0,967
SHR0334,2011-04-13,1,0,0,0,0,0,3,93963,0,3,0.0,0.0,0.0,0.0,0.0,0.4810702354423643,0.4610585148034779,0.0,0.6448907015713019,0.0,0.0,0.0,0.0,0.0,7.935097259085722,7.935097259085722,0,968
WTR0563,2010-03-15,0,0,0,0,0,0,7,262874,0,6,0.0,0.0,0.0,0.0,0.0,0.4345617684930856,0.6005311503332338,0.0,0.5494209261006237,0.0,0.0,0.0,0.0,0.0,7.9225692246347155,7.9225692246347155,0,969
KMS0657,2010-10-12,0,0,0,0,0,0,3,121723,0,2,0.0,0.0,0.0,0.0,0.0,0.434652767380263,0.7063962590229386,0.0,0.42263300163759043,0.0,0.0,0.0,0.0,0.0,7.8184101402039605,7.8184101402039605,0,970
ECF0828,2010-04-12,0,0,0,0,0,0,1,61559,0,1,0.0,0.0,0.0,0.0,0.0,0.26349301969610395,0.7292415034874382,0.0,0.566946709513841,0.0,0.0,0.0,0.0,0.0,7.798406163486915,7.798406163486915,0,971
CCW0031,2011-02-07,1,0,0,0,0,0,9,263767,11,6,0.0,0.0,0.0,0.0,0.0,0.3145358282933336,0.2794100741095326,0.725144577437906,0.22826666518677868,0.0,0.0,0.0,0.0,0.0,7.7367857251377545,7.7367857251377545,0,972
ASD0577,2010-03-18,0,0,0,0,0,0,1,71338,0,1,0.0,0.0,0.0,0.0,0.0,0.2441523901385969,0.730412788724587,0.0,0.566946709513841,0.0,0.0,0.0,0.0,0.0,7.707559441885126,7.707559441885126,0,973
AES0827,2010-12-30,0,0,0,0,0,0,1,37438,0,1,0.0,0.0,0.0,0.0,0.0,0.4212227100104783,0.5306519679745632,0.0,0.566946709513841,0.0,0.0,0.0,0.0,0.0,7.594106937494413,7.594106937494413,0,974
DID0650,2011-02-04,0,0,0,0,0,0,3,108316,0,3,0.0,0.0,0.0,0.0,0.0,0.43593773651142287,0.553407500143644,0.0,0.527701756886344,0.0,0.0,0.0,0.0,0.0,7.585234967707056,7.585234967707056,0,975
CGF0337,2010-06-08,1,0,0,0,0,0,3,100283,0,3,0.0,0.0,0.0,0.0,0.0,0.49884659592632385,0.5223666144396379,0.0,0.4858032962167013,0.0,0.0,0.0,0.0,0.0,7.535082532913316,7.535082532913316,0,976
CYA0506,2010-03-17,0,0,0,0,0,0,3,95478,0,3,0.0,0.0,0.0,0.0,0.0,0.44941520443129884,0.3593622779011871,0.0,0.6940262775051067,0.0,0.0,0.0,0.0,0.0,7.514018799187963,7.514018799187963,0,977
ASS0206,2010-08-24,1,0,0,0,0,0,12,456325,0,8,0.0,0.0,0.0,0.0,0.0,0.45356731393551364,0.5744010796486769,0.0,0.4494152044312985,0.0,0.0,0.0,0.0,0.0,7.386917990077446,7.386917990077446,0,978
CJK0200,2011-04-19,1,0,0,0,0,0,8,229083,0,8,0.0,0.0,0.0,0.0,0.0,0.3466702575844949,0.33626679760566724,0.0,0.7878470149577914,0.0,0.0,0.0,0.0,0.0,7.3539203507397675,7.3539203507397675,0,979
IJM0139,2010-08-03,0,0,0,0,0,0,1,24499,0,1,0.0,0.0,0.0,0.0,0.0,0.26349301969610395,0.20560307138249373,0.0,1.0,0.0,0.0,0.0,0.0,0.0,7.345480455392988,7.345480455392988,0,980
ROB0272,2010-06-02,1,0,0,0,0,0,7,223802,0,5,0.0,0.0,0.0,0.0,0.0,0.3840866546635317,0.4005469260115143,0.0,0.6800094592153029,0.0,0.0,0.0,0.0,0.0,7.323215199451745,7.323215199451745,0,981
EDA0684,2010-02-15,0,0,0,0,1,0,5,118863,13,3,0.0,0.0,0.0,0.42898017585419934,0.0,0.0,0.0,0.4779176870702925,0.043852126582724575,0.0,0.0,0.0,0.0,4.289801758541993,2.6088490682650853,6.898650826807079,0,982
CAC0889,2010-03-09,0,0,0,0,0,0,2,73166,2,0,0.0,0.0,0.0,0.0,0.0,0.1776469576391377,0.24920940986446607,0.9094379728109026,0.0,0.0,0.0,0.0,0.0,0.0,6.681471701572532,6.681471701572532,0,983
AJP0723,2010-05-06,1,0,0,0,0,0,1,79344,0,1,0.0,0.0,0.0,0.0,0.0,0.2267786838055364,0.7886956655388946,0.0,0.3105295017040594,0.0,0.0,0.0,0.0,0.0,6.630019255242452,6.630019255242452,0,984
XLB0710,2011-03-08,1,0,0,0,0,0,1,31252,0,1,0.0,0.0,0.0,0.0,0.0,0.17008401285415226,0.13425830199089536,0.0,1.0,0.0,0.0,0.0,0.0,0.0,6.521711574225239,6.521711574225239,0,985
JIG0128,2010-10-18,0,0,0,0,0,0,7,256338,0,6,0.0,0.0,0.0,0.0,0.0,0.3126742795497219,0.4565583960097075,0.0,0.5251088396982362,0.0,0.0,0.0,0.0,0.0,6.4717075762883285,6.4717075762883285,0,986
KQC0708,2010-03-24,1,0,0,0,0,0,1,46893,0,1,0.0,0.0,0.0,0.0,0.0,0.3105295017040594,0.40413972589789476,0.0,0.5669467095138411,0.0,0.0,0.0,0.0,0.0,6.408079685578977,6.408079685578977,0,987
TJG0582,2010-09-16,0,0,0,0,0,0,1,29594,0,1,0.0,0.0,0.0,0.0,0.0,0.31052950170405935,0.24496462700357463,0.0,0.708116213222499,0.0,0.0,0.0,0.0,0.0,6.318051709650666,6.318051709650666,0,988
ECR0822,2010-03-12,0,0,0,0,0,0,1,28784,0,1,0.0,0.0,0.0,0.0,0.0,0.26349301969610395,0.284361850128536,0.0,0.708116213222499,0.0,0.0,0.0,0.0,0.0,6.279855415235694,6.279855415235694,0,989
IHK0841,2010-03-09,0,0,0,0,0,0,1,63503,0,1,0.0,0.0,0.0,0.0,0.0,0.19639610121239312,0.6383440785446219,0.0,0.37606990231680526,0.0,0.0,0.0,0.0,0.0,6.0540504103691015,6.0540504103691015,0,990
HGH0595,2010-08-17,0,0,0,0,0,0,1,27315,0,1,0.0,0.0,0.0,0.0,0.0,0.26349301969610395,0.2211089820616719,0.0,0.7081162132224993,0.0,0.0,0.0,0.0,0.0,5.963591074901375,5.963591074901375,0,991
ELH0960,2010-04-21,1,0,0,0,0,0,1,27882,0,1,0.0,0.0,0.0,0.0,0.0,0.2441523901385969,0.21375741122076586,0.0,0.7081162132224993,0.0,0.0,0.0,0.0,0.0,5.83013007290931,5.83013007290931,0,992
JRH0455,2010-02-17,1,0,0,0,0,0,1,25523,0,1,0.2441523901385969,0.0,0.0,0.0,0.0,0.19639610121239312,0.12883785446858215,0.0,0.3105295017040594,0.0,2.441523901385969,0.0,0.0,0.0,3.178817286925173,5.6203411883111425,0,993
DAR0885,2010-02-08,1,0,0,0,0,0,0,0,0,0,0.4810702354423639,0.0,0.0,0.0,0.0,0.0,0.0,0.0,0.0,0.0,4.810702354423639,0.0,0.0,0.0,0.0,4.810702354423639,0,994
DGM0754,2010-02-11,0,0,0,0,0,0,11,303403,0,5,0.0,0.0,0.0,0.0,0.0,0.4158133006700103,0.26540657016824715,0.0,0.13310347641241704,0.0,0.0,0.0,0.0,0.0,4.071616736253373,4.071616736253373,0,995
LPH0572,2010-02-15,0,0,0,0,0,0,1,40893,0,1,0.0,0.0,0.0,0.0,0.0,0.17008401285415226,0.30219861314401075,0.0,0.26349301969610395,0.0,0.0,0.0,0.0,0.0,3.678878228471335,3.678878228471335,0,996
MBW0809,2010-02-12,0,0,0,0,0,0,5,126675,0,4,0.0,0.0,0.0,0.0,0.0,0.07373860590802248,0.0,0.0,0.2666211133525104,0.0,0.0,0.0,0.0,0.0,1.7017985963026643,1.7017985963026643,0,997
MTT0901,2010-02-11,0,0,2,3,0,0,0,0,0,0,0.0,0.0,0.0,0.0,0.0,0.0,0.0,0.0,0.0,0.0,0.0,0.0,0.0,0.0,0.0,0.0,0,998
